OrderDetailID,OrderID,ProductID,Quantity,Price,UnitPrice,CustomerID,OrderDate,OrderYear,OrderMonth,OrderQuarter,ProductName,Category,PriceSegment,CustomerName
1,1241,173,1,1899142.0,1899142.0,122,2023-02-06,2023,2,1,Utilize User-Centric E-Markets,Furniture,Premium,
2,38,49,19,7316064.0,385056.0,410,2023-10-12,2023,10,4,Transition Impactful Info-Mediaries,Food,Mid,Quý cô Thành Bùi
3,1628,34,2,2884120.0,1442060.0,447,2023-02-09,2023,2,1,Monetize Back-End Content,Clothing,Premium,Chị Linh Hoàng
4,104,186,11,43996007.0,3999637.0,43,2024-03-21,2024,3,1,Visualize Revolutionary Partnerships,Sports,Luxury,An Hoàng Phạm
5,42,47,16,53860272.0,3366267.0,359,2023-05-07,2023,5,2,Morph Front-End Schemas,Food,Luxury,
6,1625,228,20,52560100.0,2628005.0,341,2023-02-04,2023,2,1,Envisioneer Collaborative Applications,Food,Luxury,Bác Dũng Bùi
7,520,118,16,10742032.0,671377.0,333,2024-05-18,2024,5,2,Incentivize Seamless Technologies,Electronics,Premium,
8,1842,119,10,6850210.0,685021.0,443,2023-08-01,2023,8,3,Unleash Holistic Solutions,Electronics,Premium,
9,73,72,5,15893460.0,3178692.0,225,2023-03-02,2023,3,1,Strategize Clicks-And-Mortar Methodologies,Books,Luxury,
10,398,165,5,3899030.0,779806.0,187,2023-06-05,2023,6,2,Disintermediate Innovative Experiences,Sports,Premium,Minh Bùi
11,984,178,18,83693556.0,4649642.0,276,2023-01-27,2023,1,1,Whiteboard Next-Generation Platforms,Electronics,Luxury,Thành Hữu Đặng
12,534,258,4,521264.0,130316.0,14,2024-01-30,2024,1,1,Deliver Killer Info-Mediaries,Food,Mid,Chị Hải Dương
13,172,95,9,31058757.0,3450973.0,263,2024-10-28,2024,10,4,Optimize Customized E-Commerce,Clothing,Luxury,
14,551,185,12,15462756.0,1288563.0,396,2024-03-22,2024,3,1,Disintermediate Strategic Deliverables,Clothing,Premium,Phúc Đức Trần
15,76,136,7,15002596.0,2143228.0,365,2024-06-24,2024,6,2,Expedite Mission-Critical Web-Readiness,Electronics,Luxury,
16,478,292,3,8167584.0,2722528.0,35,2023-12-13,2023,12,4,Disintermediate Strategic E-Markets,Clothing,Luxury,Khoa Trần
17,1786,40,12,21444720.0,1787060.0,192,2024-01-26,2024,1,1,Facilitate Distributed Markets,Books,Premium,
18,22,158,6,5824920.0,970820.0,449,2023-12-10,2023,12,4,Synergize Viral Platforms,Food,Premium,
19,1543,151,8,21977904.0,2747238.0,224,2024-12-05,2024,12,4,Synthesize Distributed Systems,Clothing,Luxury,
20,505,113,15,38580285.0,2572019.0,292,2023-07-27,2023,7,3,Brand Mission-Critical Niches,Books,Luxury,
21,128,204,14,15718500.0,1122750.0,208,2023-10-14,2023,10,4,Strategize Ubiquitous Technologies,Furniture,Premium,Ngọc Bùi
22,959,89,13,10230207.0,786939.0,488,2024-11-01,2024,11,4,Facilitate Rich Paradigms,Sports,Premium,Thành Mai
23,852,272,6,23891040.0,3981840.0,449,2023-11-27,2023,11,4,Embrace 24/7 Architectures,Food,Luxury,
24,955,200,9,28051722.0,3116858.0,385,2023-01-08,2023,1,1,Maximize Open-Source Mindshare,Sports,Luxury,Hà Mai
25,1190,90,1,1525614.0,1525614.0,467,2024-07-26,2024,7,3,Drive Collaborative Experiences,Electronics,Premium,Quang Dương
26,64,165,4,3119224.0,779806.0,108,2023-03-19,2023,3,1,Disintermediate Innovative Experiences,Sports,Premium,
27,735,69,5,24559715.0,4911943.0,273,2024-07-05,2024,7,3,Morph Robust E-Markets,Sports,Luxury,
28,137,189,19,27951299.0,1471121.0,46,2024-03-07,2024,3,1,Envisioneer Synergistic Content,Electronics,Premium,Hương Dương
29,1582,139,8,21864928.0,2733116.0,141,2024-10-24,2024,10,4,Architect Innovative Systems,Electronics,Luxury,
30,1207,69,9,44207487.0,4911943.0,231,2023-02-12,2023,2,1,Morph Robust E-Markets,Sports,Luxury,Hạnh Phạm
31,1704,68,3,9694386.0,3231462.0,416,2024-01-20,2024,1,1,Matrix Customized Platforms,Furniture,Luxury,
32,1221,154,16,34189264.0,2136829.0,108,2023-09-17,2023,9,3,Maximize E-Business Models,Clothing,Luxury,
33,370,141,4,12946356.0,3236589.0,243,2024-08-08,2024,8,3,Innovate Vertical Markets,Electronics,Luxury,Bà Vân Phạm
34,1402,251,20,86230220.0,4311511.0,138,2023-03-26,2023,3,1,Incubate Cross-Platform Platforms,Electronics,Luxury,Dương Hoàng
35,2000,19,6,7177374.0,1196229.0,347,2023-02-12,2023,2,1,Strategize B2B Partnerships,Clothing,Premium,
36,1271,123,18,2137842.0,118769.0,325,2023-05-14,2023,5,2,Utilize Open-Source Mindshare,Books,Mid,Phúc Vũ
37,1643,45,18,1361718.0,75651.0,4,2024-04-21,2024,4,2,Morph 24/7 E-Business,Sports,Budget,Khoa Lê
38,1788,180,9,13317264.0,1479696.0,244,2024-12-26,2024,12,4,E-Enable Collaborative Technologies,Food,Premium,Hương Bùi
39,1522,5,12,23658600.0,1971550.0,167,2023-09-27,2023,9,3,Redefine 24/365 Architectures,Books,Premium,Hải Đặng
40,587,174,16,38761440.0,2422590.0,459,2023-10-20,2023,10,4,Expedite Sticky Users,Food,Luxury,Khoa Thế Phạm
41,1598,119,12,8220252.0,685021.0,39,2023-05-24,2023,5,2,Unleash Holistic Solutions,Electronics,Premium,
42,1627,206,5,22930950.0,4586190.0,138,2024-09-12,2024,9,3,Expedite Viral E-Services,Sports,Luxury,Dương Hoàng
43,1547,297,10,23455360.0,2345536.0,340,2023-10-29,2023,10,4,Incentivize Leading-Edge Bandwidth,Electronics,Luxury,
44,1827,11,7,4291091.0,613013.0,333,2024-09-02,2024,9,3,Envisioneer Cross-Media Paradigms,Food,Premium,
45,1003,291,6,1366890.0,227815.0,57,2023-12-18,2023,12,4,Extend Value-Added Info-Mediaries,Food,Mid,Hoàng Hoàng
46,1035,66,11,33613360.0,3055760.0,262,2024-12-07,2024,12,4,Leverage Revolutionary Technologies,Sports,Luxury,
47,111,108,2,8010208.0,4005104.0,255,2023-01-11,2023,1,1,Generate Value-Added Convergence,Clothing,Luxury,Minh Đức Trần
48,1225,125,5,14766240.0,2953248.0,487,2024-12-31,2024,12,4,Morph Holistic Interfaces,Clothing,Luxury,
49,1418,218,10,39592480.0,3959248.0,16,2024-08-19,2024,8,3,Target Impactful Deliverables,Books,Luxury,
50,1004,62,18,17836308.0,990906.0,232,2024-03-09,2024,3,1,Expedite Seamless Roi,Furniture,Premium,Phương Dương
51,1471,116,18,52188588.0,2899366.0,451,2024-04-07,2024,4,2,Cultivate 24/7 Communities,Sports,Luxury,
52,455,66,3,9167280.0,3055760.0,439,2023-05-13,2023,5,2,Leverage Revolutionary Technologies,Sports,Luxury,
53,2,5,7,13800850.0,1971550.0,487,2024-12-03,2024,12,4,Redefine 24/365 Architectures,Books,Premium,
54,1344,58,15,12716580.0,847772.0,103,2024-05-01,2024,5,2,Benchmark Seamless Bandwidth,Books,Premium,
55,678,249,12,37469904.0,3122492.0,23,2023-01-12,2023,1,1,Syndicate E-Business Systems,Clothing,Luxury,Bác Thành Dương
56,1809,115,1,3147817.0,3147817.0,51,2024-04-14,2024,4,2,Embrace Strategic Users,Food,Luxury,Hải Hải Phạm
57,1664,105,4,8924168.0,2231042.0,119,2023-03-17,2023,3,1,Streamline E-Business Convergence,Furniture,Luxury,Thành Bảo Trần
58,1587,91,5,21188820.0,4237764.0,470,2024-01-28,2024,1,1,Innovate Global Bandwidth,Sports,Luxury,
59,23,237,20,23602340.0,1180117.0,321,2024-08-25,2024,8,3,Engineer E-Business Technologies,Sports,Premium,
60,1014,292,8,21780224.0,2722528.0,117,2023-02-17,2023,2,1,Disintermediate Strategic E-Markets,Clothing,Luxury,Bác Phúc Mai
61,661,269,2,7627264.0,3813632.0,107,2023-02-27,2023,2,1,Unleash Plug-And-Play Markets,Clothing,Luxury,
62,1061,291,10,2278150.0,227815.0,309,2024-10-28,2024,10,4,Extend Value-Added Info-Mediaries,Food,Mid,Cô Hạnh Nguyễn
63,566,50,7,17922618.0,2560374.0,462,2024-09-25,2024,9,3,Visualize One-To-One E-Business,Books,Luxury,
64,426,4,12,39041184.0,3253432.0,400,2023-08-11,2023,8,3,Exploit 24/365 Models,Books,Luxury,Bác Trung Bùi
65,1615,41,19,89692578.0,4720662.0,106,2023-10-10,2023,10,4,Harness Compelling Partnerships,Books,Luxury,Nhật Nguyễn
66,1439,219,19,9235330.0,486070.0,402,2024-06-18,2024,6,2,Matrix Vertical Systems,Books,Mid,
67,976,237,3,3540351.0,1180117.0,66,2024-11-16,2024,11,4,Engineer E-Business Technologies,Sports,Premium,
68,993,83,2,2487812.0,1243906.0,208,2023-08-18,2023,8,3,Unleash Viral Paradigms,Clothing,Premium,Ngọc Bùi
69,1622,232,10,22720240.0,2272024.0,197,2023-11-20,2023,11,4,Brand Viral Roi,Clothing,Luxury,
70,1824,212,7,18507104.0,2643872.0,415,2023-05-21,2023,5,2,Reinvent Distributed E-Commerce,Books,Luxury,
71,414,5,16,31544800.0,1971550.0,467,2024-04-28,2024,4,2,Redefine 24/365 Architectures,Books,Premium,Quang Dương
72,876,9,17,43653450.0,2567850.0,109,2023-01-29,2023,1,1,Whiteboard Virtual Channels,Furniture,Luxury,An Hữu Đặng
73,1710,175,4,4274216.0,1068554.0,307,2024-10-26,2024,10,4,Engage Robust Initiatives,Electronics,Premium,Chi Đặng
74,280,16,7,8141084.0,1163012.0,28,2023-10-17,2023,10,4,Streamline Killer Relationships,Sports,Premium,
75,1443,201,11,1378179.0,125289.0,37,2024-05-12,2024,5,2,Architect Viral Metrics,Furniture,Mid,
76,751,77,15,59211720.0,3947448.0,169,2024-07-05,2024,7,3,Brand Innovative Portals,Furniture,Luxury,Cô An Vũ
77,1961,272,4,15927360.0,3981840.0,121,2023-11-07,2023,11,4,Embrace 24/7 Architectures,Food,Luxury,
78,1858,222,18,65203308.0,3622406.0,431,2024-12-31,2024,12,4,Enable Customized Architectures,Furniture,Luxury,Nam Thế Lê
79,47,296,4,4762388.0,1190597.0,79,2023-12-07,2023,12,4,Target Proactive Relationships,Clothing,Premium,
80,377,228,9,23652045.0,2628005.0,423,2024-06-09,2024,6,2,Envisioneer Collaborative Applications,Food,Luxury,Chị Nhật Trần
81,1165,133,8,19675144.0,2459393.0,488,2024-10-20,2024,10,4,E-Enable Sticky Relationships,Furniture,Luxury,Thành Mai
82,1700,181,9,39487347.0,4387483.0,431,2024-02-03,2024,2,1,Orchestrate End-To-End Markets,Electronics,Luxury,Nam Thế Lê
83,1163,238,11,4262390.0,387490.0,474,2023-04-29,2023,4,2,Enhance E-Business Architectures,Clothing,Mid,Quang Đức Đặng
84,869,91,20,84755280.0,4237764.0,117,2023-04-01,2023,4,2,Innovate Global Bandwidth,Sports,Luxury,Bác Phúc Mai
85,1732,67,14,66618314.0,4758451.0,118,2024-08-16,2024,8,3,Disintermediate Cutting-Edge Roi,Furniture,Luxury,Tùng Mai Mai
86,391,258,2,260632.0,130316.0,101,2024-06-09,2024,6,2,Deliver Killer Info-Mediaries,Food,Mid,
87,612,264,16,50067504.0,3129219.0,195,2023-02-11,2023,2,1,Scale 24/365 Users,Clothing,Luxury,
88,523,118,20,13427540.0,671377.0,251,2024-04-14,2024,4,2,Incentivize Seamless Technologies,Electronics,Premium,Bà An Phạm
89,767,280,7,6349686.0,907098.0,273,2024-09-21,2024,9,3,Mesh Leading-Edge E-Commerce,Furniture,Premium,
90,733,173,10,18991420.0,1899142.0,230,2023-06-08,2023,6,2,Utilize User-Centric E-Markets,Furniture,Premium,Cô Hà Đặng
91,1548,82,20,96672740.0,4833637.0,488,2023-07-31,2023,7,3,Extend 24/365 Web Services,Electronics,Luxury,Thành Mai
92,1824,94,20,6471360.0,323568.0,415,2023-05-21,2023,5,2,Morph Web-Enabled Convergence,Electronics,Mid,
93,280,222,6,21734436.0,3622406.0,28,2023-10-17,2023,10,4,Enable Customized Architectures,Furniture,Luxury,
94,1848,120,6,1480506.0,246751.0,464,2023-01-31,2023,1,1,Generate Collaborative Action-Items,Furniture,Mid,Hạnh Phạm
95,235,54,20,39527980.0,1976399.0,137,2023-02-26,2023,2,1,Benchmark Killer Paradigms,Clothing,Premium,Quý cô Linh Lê
96,1745,187,17,60675176.0,3569128.0,477,2023-07-11,2023,7,3,Maximize Bleeding-Edge Bandwidth,Furniture,Luxury,
97,979,74,20,34942860.0,1747143.0,405,2024-03-04,2024,3,1,Unleash Global Initiatives,Furniture,Premium,
98,301,182,18,15856722.0,880929.0,500,2024-08-29,2024,8,3,Brand Rich Action-Items,Books,Premium,Phương Dương
99,1570,79,9,27861219.0,3095691.0,363,2024-09-09,2024,9,3,Syndicate Rich Initiatives,Clothing,Luxury,Bác Trung Hoàng
100,823,111,20,14293800.0,714690.0,89,2023-11-04,2023,11,4,Optimize Dynamic Web Services,Books,Premium,Nhật Hải Trần
101,730,126,20,62268400.0,3113420.0,331,2023-04-28,2023,4,2,Enable Impactful Communities,Electronics,Luxury,
102,1242,137,10,13771930.0,1377193.0,460,2024-02-06,2024,2,1,Enable Web-Enabled E-Markets,Books,Premium,
103,1486,73,19,83894424.0,4415496.0,469,2023-07-11,2023,7,3,Utilize Scalable Synergies,Furniture,Luxury,Bác Thành Vũ
104,1158,121,9,25395903.0,2821767.0,154,2023-07-13,2023,7,3,Evolve Efficient Metrics,Electronics,Luxury,
105,1324,278,19,88115787.0,4637673.0,387,2024-11-09,2024,11,4,Productize Dot-Com Deliverables,Furniture,Luxury,Anh Mai
106,1285,134,16,59089408.0,3693088.0,4,2024-06-26,2024,6,2,Matrix Revolutionary Applications,Electronics,Luxury,Khoa Lê
107,795,206,15,68792850.0,4586190.0,236,2023-11-09,2023,11,4,Expedite Viral E-Services,Sports,Luxury,
108,1691,66,19,58059440.0,3055760.0,91,2024-07-12,2024,7,3,Leverage Revolutionary Technologies,Sports,Luxury,
109,816,250,7,6285384.0,897912.0,83,2023-04-02,2023,4,2,Productize Magnetic Functionalities,Furniture,Premium,Châu Mai Dương
110,1180,197,16,62408496.0,3900531.0,220,2023-09-28,2023,9,3,Scale Plug-And-Play E-Services,Electronics,Luxury,Cô Khoa Nguyễn
111,972,240,12,51451116.0,4287593.0,18,2023-03-23,2023,3,1,Streamline Extensible E-Commerce,Electronics,Luxury,
112,868,255,11,26141973.0,2376543.0,175,2024-05-08,2024,5,2,Brand Distributed Models,Books,Luxury,Anh Phúc Lê
113,358,49,8,3080448.0,385056.0,117,2024-07-29,2024,7,3,Transition Impactful Info-Mediaries,Food,Mid,Bác Phúc Mai
114,202,91,4,16951056.0,4237764.0,389,2024-07-02,2024,7,3,Innovate Global Bandwidth,Sports,Luxury,Ông Dũng Trần
115,1237,52,9,15678990.0,1742110.0,142,2024-05-27,2024,5,2,Re-Contextualize Dynamic Experiences,Clothing,Premium,Chị Khoa Nguyễn
116,1937,224,9,24667092.0,2740788.0,292,2024-08-29,2024,8,3,E-Enable Robust Communities,Books,Luxury,
117,1080,300,18,56578968.0,3143276.0,184,2023-03-30,2023,3,1,E-Enable B2B Initiatives,Electronics,Luxury,Linh Vũ
118,807,284,15,36620235.0,2441349.0,82,2024-11-27,2024,11,4,Re-Intermediate Mission-Critical E-Markets,Sports,Luxury,Bác Quang Đặng
119,127,279,18,1621062.0,90059.0,294,2024-04-20,2024,4,2,Generate B2C Web-Readiness,Food,Budget,Thành Thị Bùi
120,914,94,9,2912112.0,323568.0,423,2024-10-29,2024,10,4,Morph Web-Enabled Convergence,Electronics,Mid,Chị Nhật Trần
121,1057,113,20,51440380.0,2572019.0,247,2024-10-20,2024,10,4,Brand Mission-Critical Niches,Books,Luxury,Nhật Phạm
122,1048,109,4,5966048.0,1491512.0,490,2024-02-10,2024,2,1,Incubate World-Class Systems,Food,Premium,Chị An Phạm
123,717,174,6,14535540.0,2422590.0,351,2023-05-20,2023,5,2,Expedite Sticky Users,Food,Luxury,
124,218,297,16,37528576.0,2345536.0,404,2023-09-27,2023,9,3,Incentivize Leading-Edge Bandwidth,Electronics,Luxury,Ngọc Mai
125,1375,254,5,23834540.0,4766908.0,324,2023-04-12,2023,4,2,Syndicate Distributed E-Business,Sports,Luxury,Khoa Nguyễn
126,1504,99,19,49845056.0,2623424.0,262,2023-05-08,2023,5,2,Synthesize Enterprise Synergies,Clothing,Luxury,
127,75,165,17,13256702.0,779806.0,134,2024-02-07,2024,2,1,Disintermediate Innovative Experiences,Sports,Premium,
128,1174,197,10,39005310.0,3900531.0,2,2024-07-05,2024,7,3,Scale Plug-And-Play E-Services,Electronics,Luxury,Quý cô Kim Phạm
129,1247,299,14,22957578.0,1639827.0,143,2024-09-03,2024,9,3,Streamline Rich Communities,Clothing,Premium,
130,1293,188,4,10289888.0,2572472.0,118,2023-09-05,2023,9,3,Embrace Rich Experiences,Electronics,Luxury,Tùng Mai Mai
131,1511,131,10,13421070.0,1342107.0,498,2024-08-27,2024,8,3,Harness B2B Portals,Clothing,Premium,
132,757,232,9,20448216.0,2272024.0,312,2024-04-17,2024,4,2,Brand Viral Roi,Clothing,Luxury,
133,1152,227,4,10357324.0,2589331.0,122,2024-06-30,2024,6,2,Monetize Strategic E-Business,Food,Luxury,
134,976,111,2,1429380.0,714690.0,66,2024-11-16,2024,11,4,Optimize Dynamic Web Services,Books,Premium,
135,16,247,9,39572154.0,4396906.0,244,2023-07-07,2023,7,3,Synthesize Scalable Methodologies,Books,Luxury,Hương Bùi
136,1982,101,20,72155880.0,3607794.0,118,2023-07-19,2023,7,3,Extend Customized E-Tailers,Books,Luxury,Tùng Mai Mai
137,1502,115,4,12591268.0,3147817.0,130,2023-10-29,2023,10,4,Embrace Strategic Users,Food,Luxury,Anh Tấn Bùi
138,875,299,3,4919481.0,1639827.0,41,2024-03-16,2024,3,1,Streamline Rich Communities,Clothing,Premium,Phương Đức Mai
139,1613,199,10,38795460.0,3879546.0,498,2023-01-22,2023,1,1,Utilize Impactful Deliverables,Clothing,Luxury,
140,1327,253,16,63050560.0,3940660.0,178,2023-12-24,2023,12,4,Incentivize Sticky Niches,Furniture,Luxury,
141,236,295,14,29559530.0,2111395.0,253,2023-04-12,2023,4,2,Evolve Value-Added Users,Electronics,Luxury,Bác Hưng Hoàng
142,1655,155,15,20994600.0,1399640.0,200,2023-08-29,2023,8,3,Benchmark Virtual Users,Clothing,Premium,Vi Hoàng
143,1934,61,1,4169218.0,4169218.0,340,2023-06-13,2023,6,2,Synthesize Seamless Paradigms,Books,Luxury,
144,457,210,14,8079022.0,577073.0,231,2024-11-14,2024,11,4,Maximize Robust Convergence,Electronics,Premium,Hạnh Phạm
145,1066,243,11,19975285.0,1815935.0,294,2023-06-10,2023,6,2,Streamline Turn-Key Supply-Chains,Electronics,Premium,Thành Thị Bùi
146,217,275,7,21889567.0,3127081.0,343,2024-08-06,2024,8,3,Deliver Frictionless Niches,Electronics,Luxury,
147,934,113,14,36008266.0,2572019.0,38,2024-03-04,2024,3,1,Brand Mission-Critical Niches,Books,Luxury,Lan Vũ
148,1888,109,3,4474536.0,1491512.0,419,2024-08-02,2024,8,3,Incubate World-Class Systems,Food,Premium,
149,1583,166,14,39066930.0,2790495.0,477,2023-06-08,2023,6,2,Seize Virtual Vortals,Food,Luxury,
150,1153,82,14,67670918.0,4833637.0,239,2024-03-29,2024,3,1,Extend 24/365 Web Services,Electronics,Luxury,Quý ông Quang Lê
151,395,297,4,9382144.0,2345536.0,52,2023-01-14,2023,1,1,Incentivize Leading-Edge Bandwidth,Electronics,Luxury,Kim Quang Phạm
152,1098,186,12,47995644.0,3999637.0,293,2023-09-21,2023,9,3,Visualize Revolutionary Partnerships,Sports,Luxury,Lâm Nguyễn
153,195,278,8,37101384.0,4637673.0,480,2024-10-07,2024,10,4,Productize Dot-Com Deliverables,Furniture,Luxury,Châu Tấn Mai
154,1204,95,13,44862649.0,3450973.0,23,2023-09-03,2023,9,3,Optimize Customized E-Commerce,Clothing,Luxury,Bác Thành Dương
155,241,23,4,4848004.0,1212001.0,40,2024-03-08,2024,3,1,Morph World-Class E-Markets,Furniture,Premium,
156,391,140,4,14340068.0,3585017.0,101,2024-06-09,2024,6,2,Generate 24/365 Eyeballs,Food,Luxury,
157,896,284,1,2441349.0,2441349.0,425,2023-06-17,2023,6,2,Re-Intermediate Mission-Critical E-Markets,Sports,Luxury,Linh Bùi
158,1841,150,5,21948045.0,4389609.0,279,2023-10-30,2023,10,4,Drive Collaborative Communities,Electronics,Luxury,Kim Phú Bùi
159,538,36,5,2166580.0,433316.0,304,2024-04-01,2024,4,2,Extend Magnetic Supply-Chains,Food,Mid,
160,1710,19,8,9569832.0,1196229.0,307,2024-10-26,2024,10,4,Strategize B2B Partnerships,Clothing,Premium,Chi Đặng
161,728,177,4,1837888.0,459472.0,318,2024-09-29,2024,9,3,Strategize Back-End Synergies,Sports,Mid,Lâm Mai Bảo Đặng
162,1847,254,3,14300724.0,4766908.0,34,2023-08-11,2023,8,3,Syndicate Distributed E-Business,Sports,Luxury,Phúc Hoàng
163,339,203,1,894324.0,894324.0,126,2024-03-17,2024,3,1,Benchmark Proactive Systems,Furniture,Premium,Quý cô Khoa Vũ
164,841,186,19,75993103.0,3999637.0,122,2024-10-23,2024,10,4,Visualize Revolutionary Partnerships,Sports,Luxury,
165,482,148,5,7397075.0,1479415.0,376,2024-12-16,2024,12,4,Unleash Distributed Web-Readiness,Electronics,Premium,Xuân Phạm
166,1498,17,16,56282816.0,3517676.0,109,2023-08-17,2023,8,3,Exploit Holistic Info-Mediaries,Electronics,Luxury,An Hữu Đặng
167,680,21,4,8560844.0,2140211.0,229,2024-03-04,2024,3,1,Mesh User-Centric Functionalities,Food,Luxury,
168,318,98,12,10387320.0,865610.0,250,2023-01-07,2023,1,1,Envisioneer Bleeding-Edge Deliverables,Clothing,Premium,Quý ông Nam Nguyễn
169,243,136,7,15002596.0,2143228.0,410,2023-09-14,2023,9,3,Expedite Mission-Critical Web-Readiness,Electronics,Luxury,Quý cô Thành Bùi
170,1089,62,16,15854496.0,990906.0,34,2023-11-05,2023,11,4,Expedite Seamless Roi,Furniture,Premium,Phúc Hoàng
171,1603,225,15,7708080.0,513872.0,447,2024-11-04,2024,11,4,Transform Proactive Markets,Electronics,Premium,Chị Linh Hoàng
172,734,65,20,61877640.0,3093882.0,304,2024-11-30,2024,11,4,Integrate Proactive Interfaces,Clothing,Luxury,
173,734,70,16,39275664.0,2454729.0,304,2024-11-30,2024,11,4,Utilize Next-Generation Schemas,Food,Luxury,
174,1061,222,5,18112030.0,3622406.0,309,2024-10-28,2024,10,4,Enable Customized Architectures,Furniture,Luxury,Cô Hạnh Nguyễn
175,1718,264,18,56325942.0,3129219.0,471,2024-03-01,2024,3,1,Scale 24/365 Users,Clothing,Luxury,
176,1579,297,12,28146432.0,2345536.0,207,2024-11-12,2024,11,4,Incentivize Leading-Edge Bandwidth,Electronics,Luxury,
177,387,194,9,14287842.0,1587538.0,212,2024-11-11,2024,11,4,Implement Collaborative Action-Items,Books,Premium,An Hải Mai
178,909,288,15,31423185.0,2094879.0,419,2024-05-12,2024,5,2,Cultivate 24/365 E-Services,Sports,Luxury,
179,1701,203,2,1788648.0,894324.0,469,2023-10-11,2023,10,4,Benchmark Proactive Systems,Furniture,Premium,Bác Thành Vũ
180,1404,12,15,26425140.0,1761676.0,194,2023-08-26,2023,8,3,Synthesize Cross-Platform Applications,Sports,Premium,An Văn Hoàng
181,476,114,9,5713623.0,634847.0,74,2023-08-16,2023,8,3,Whiteboard Enterprise Channels,Food,Premium,
182,742,46,9,43566102.0,4840678.0,230,2023-08-17,2023,8,3,Syndicate Dynamic E-Commerce,Electronics,Luxury,Cô Hà Đặng
183,189,58,5,4238860.0,847772.0,259,2023-01-11,2023,1,1,Benchmark Seamless Bandwidth,Books,Premium,
184,1389,124,7,16891210.0,2413030.0,175,2023-01-30,2023,1,1,Extend Global Applications,Books,Luxury,Anh Phúc Lê
185,1491,146,2,6360992.0,3180496.0,453,2024-10-27,2024,10,4,Expedite 24/7 Portals,Sports,Luxury,Kim Dương
186,1267,99,19,49845056.0,2623424.0,61,2023-01-25,2023,1,1,Synthesize Enterprise Synergies,Clothing,Luxury,Chị Linh Phạm
187,196,240,18,77176674.0,4287593.0,396,2024-03-16,2024,3,1,Streamline Extensible E-Commerce,Electronics,Luxury,Phúc Đức Trần
188,1899,108,11,44056144.0,4005104.0,363,2023-12-12,2023,12,4,Generate Value-Added Convergence,Clothing,Luxury,Bác Trung Hoàng
189,761,269,3,11440896.0,3813632.0,163,2024-12-19,2024,12,4,Unleash Plug-And-Play Markets,Clothing,Luxury,
190,1375,272,14,55745760.0,3981840.0,324,2023-04-12,2023,4,2,Embrace 24/7 Architectures,Food,Luxury,Khoa Nguyễn
191,1772,127,16,47280640.0,2955040.0,15,2023-06-30,2023,6,2,Extend Magnetic Schemas,Furniture,Luxury,Hoàng Hoàng
192,1587,94,6,1941408.0,323568.0,470,2024-01-28,2024,1,1,Morph Web-Enabled Convergence,Electronics,Mid,
193,1117,208,20,27766180.0,1388309.0,343,2023-12-10,2023,12,4,Engage Dot-Com E-Commerce,Furniture,Premium,
194,743,80,18,24121800.0,1340100.0,425,2023-01-18,2023,1,1,Cultivate Web-Enabled Info-Mediaries,Sports,Premium,Linh Bùi
195,418,228,4,10512020.0,2628005.0,276,2023-02-22,2023,2,1,Envisioneer Collaborative Applications,Food,Luxury,Thành Hữu Đặng
196,926,7,8,12727936.0,1590992.0,170,2023-05-21,2023,5,2,Transition Transparent Markets,Books,Premium,Quý cô Vân Phạm
197,878,64,11,29898319.0,2718029.0,490,2023-05-22,2023,5,2,Unleash End-To-End Methodologies,Furniture,Luxury,Chị An Phạm
198,916,242,13,30162886.0,2320222.0,73,2023-01-05,2023,1,1,Reinvent Real-Time Architectures,Sports,Luxury,Nhật Quang Nguyễn
199,1680,185,5,6442815.0,1288563.0,370,2024-09-25,2024,9,3,Disintermediate Strategic Deliverables,Clothing,Premium,Chị Thành Nguyễn
200,1613,253,17,66991220.0,3940660.0,498,2023-01-22,2023,1,1,Incentivize Sticky Niches,Furniture,Luxury,
201,1385,272,6,23891040.0,3981840.0,124,2024-06-06,2024,6,2,Embrace 24/7 Architectures,Food,Luxury,Huy Bảo Mai
202,1208,53,1,3919195.0,3919195.0,50,2023-11-16,2023,11,4,Leverage Ubiquitous Architectures,Food,Luxury,
203,1400,45,5,378255.0,75651.0,494,2023-02-12,2023,2,1,Morph 24/7 E-Business,Sports,Budget,Chi Nguyễn
204,327,275,15,46906215.0,3127081.0,463,2023-02-21,2023,2,1,Deliver Frictionless Niches,Electronics,Luxury,
205,100,98,13,11252930.0,865610.0,392,2023-09-21,2023,9,3,Envisioneer Bleeding-Edge Deliverables,Clothing,Premium,Hải Hải Vũ
206,399,75,15,50566515.0,3371101.0,159,2024-02-24,2024,2,1,Maximize Cutting-Edge Paradigms,Electronics,Luxury,
207,882,156,14,53011280.0,3786520.0,166,2023-04-26,2023,4,2,Target End-To-End Web Services,Food,Luxury,Khoa Phú Hoàng
208,386,210,19,10964387.0,577073.0,283,2023-02-17,2023,2,1,Maximize Robust Convergence,Electronics,Premium,Quý ông Quang Trần
209,1980,198,19,18557547.0,976713.0,411,2023-04-07,2023,4,2,Orchestrate Leading-Edge Schemas,Sports,Premium,
210,373,64,18,48924522.0,2718029.0,141,2024-06-19,2024,6,2,Unleash End-To-End Methodologies,Furniture,Luxury,
211,590,296,10,11905970.0,1190597.0,300,2023-01-12,2023,1,1,Target Proactive Relationships,Clothing,Premium,
212,1253,151,3,8241714.0,2747238.0,11,2024-11-29,2024,11,4,Synthesize Distributed Systems,Clothing,Luxury,Quang Hải Phạm
213,1660,242,18,41763996.0,2320222.0,218,2024-09-12,2024,9,3,Reinvent Real-Time Architectures,Sports,Luxury,Yến Vũ
214,1288,274,2,7506702.0,3753351.0,262,2024-02-09,2024,2,1,Grow Cutting-Edge Technologies,Sports,Luxury,
215,1611,97,3,13166922.0,4388974.0,22,2024-11-06,2024,11,4,Drive Strategic Convergence,Electronics,Luxury,
216,438,213,19,43037432.0,2265128.0,391,2023-04-28,2023,4,2,Repurpose Cutting-Edge Interfaces,Sports,Luxury,
217,721,251,6,25869066.0,4311511.0,175,2023-06-08,2023,6,2,Incubate Cross-Platform Platforms,Electronics,Luxury,Anh Phúc Lê
218,437,138,10,38185680.0,3818568.0,493,2024-09-11,2024,9,3,Empower Enterprise Architectures,Food,Luxury,Châu Bùi
219,1104,19,3,3588687.0,1196229.0,309,2023-06-17,2023,6,2,Strategize B2B Partnerships,Clothing,Premium,Cô Hạnh Nguyễn
220,1659,103,6,26187846.0,4364641.0,402,2023-07-30,2023,7,3,Strategize Web-Enabled Action-Items,Sports,Luxury,
221,42,223,18,9085158.0,504731.0,359,2023-05-07,2023,5,2,Revolutionize Out-Of-The-Box Action-Items,Clothing,Premium,
222,834,289,16,38916768.0,2432298.0,397,2023-03-12,2023,3,1,Synergize Ubiquitous Info-Mediaries,Electronics,Luxury,Thành Mai Hoàng
223,1349,128,8,21336232.0,2667029.0,456,2024-05-28,2024,5,2,Seize Value-Added Bandwidth,Sports,Luxury,Anh Dương
224,1873,121,10,28217670.0,2821767.0,498,2023-01-25,2023,1,1,Evolve Efficient Metrics,Electronics,Luxury,
225,1252,101,17,61332498.0,3607794.0,114,2024-08-10,2024,8,3,Extend Customized E-Tailers,Books,Luxury,
226,1473,132,14,34800346.0,2485739.0,484,2023-04-17,2023,4,2,Streamline Compelling Communities,Electronics,Luxury,Hương Hoàng
227,56,268,1,3320743.0,3320743.0,128,2023-04-06,2023,4,2,Reinvent One-To-One Synergies,Furniture,Luxury,Cô Yến Bùi
228,962,8,4,19666092.0,4916523.0,377,2024-07-31,2024,7,3,Extend Interactive Web-Readiness,Books,Luxury,Bà Ánh Nguyễn
229,1297,154,12,25641948.0,2136829.0,26,2024-07-02,2024,7,3,Maximize E-Business Models,Clothing,Luxury,
230,1089,261,17,32369258.0,1904074.0,34,2023-11-05,2023,11,4,Exploit Back-End Markets,Sports,Premium,Phúc Hoàng
231,1096,19,14,16747206.0,1196229.0,196,2023-06-14,2023,6,2,Strategize B2B Partnerships,Clothing,Premium,
232,933,31,8,6294920.0,786865.0,371,2024-09-05,2024,9,3,Expedite Transparent Niches,Clothing,Premium,Lâm Thị Vũ
233,1772,142,9,40253544.0,4472616.0,15,2023-06-30,2023,6,2,Maximize Proactive Action-Items,Books,Luxury,Hoàng Hoàng
234,1630,235,17,82389412.0,4846436.0,289,2024-12-08,2024,12,4,Mesh Proactive Relationships,Clothing,Luxury,
235,138,299,17,27877059.0,1639827.0,112,2024-09-11,2024,9,3,Streamline Rich Communities,Clothing,Premium,Nhật Trần
236,1874,90,16,24409824.0,1525614.0,54,2024-11-29,2024,11,4,Drive Collaborative Experiences,Electronics,Premium,Quý cô Hạnh Phạm
237,1714,2,10,24856760.0,2485676.0,411,2024-10-28,2024,10,4,Re-Intermediate Mission-Critical Functionalities,Books,Luxury,
238,1779,289,20,48645960.0,2432298.0,317,2024-12-27,2024,12,4,Synergize Ubiquitous Info-Mediaries,Electronics,Luxury,Ông Quang Hoàng
239,1052,178,8,37197136.0,4649642.0,131,2023-10-31,2023,10,4,Whiteboard Next-Generation Platforms,Electronics,Luxury,Chị Lan Dương
240,830,90,5,7628070.0,1525614.0,150,2024-07-18,2024,7,3,Drive Collaborative Experiences,Electronics,Premium,
241,91,107,3,5371728.0,1790576.0,481,2024-06-16,2024,6,2,Target Vertical E-Markets,Books,Premium,Hải Mai Lê
242,1668,266,16,15929104.0,995569.0,291,2024-11-12,2024,11,4,Reinvent Mission-Critical Systems,Clothing,Premium,
243,1821,289,14,34052172.0,2432298.0,340,2023-11-29,2023,11,4,Synergize Ubiquitous Info-Mediaries,Electronics,Luxury,
244,55,163,11,7736542.0,703322.0,194,2024-10-14,2024,10,4,Disintermediate Viral Convergence,Electronics,Premium,An Văn Hoàng
245,824,168,8,14666888.0,1833361.0,261,2024-10-16,2024,10,4,Synthesize Virtual E-Markets,Furniture,Premium,Chị Thảo Đặng
246,10,233,3,6342720.0,2114240.0,263,2024-08-16,2024,8,3,Monetize Cross-Media Users,Books,Luxury,
247,654,286,14,62183506.0,4441679.0,69,2024-03-08,2024,3,1,Transform Dynamic Models,Clothing,Luxury,
248,1504,122,10,44945480.0,4494548.0,262,2023-05-08,2023,5,2,Empower Robust Relationships,Books,Luxury,
249,1483,31,20,15737300.0,786865.0,390,2024-04-18,2024,4,2,Expedite Transparent Niches,Clothing,Premium,Khoa Hoàng
250,1161,243,19,34502765.0,1815935.0,2,2023-04-01,2023,4,2,Streamline Turn-Key Supply-Chains,Electronics,Premium,Quý cô Kim Phạm
251,4,272,12,47782080.0,3981840.0,249,2024-08-25,2024,8,3,Embrace 24/7 Architectures,Food,Luxury,Bà Yến Trần
252,183,116,18,52188588.0,2899366.0,49,2024-05-02,2024,5,2,Cultivate 24/7 Communities,Sports,Luxury,Trọng Hoàng
253,102,75,14,47195414.0,3371101.0,162,2024-11-23,2024,11,4,Maximize Cutting-Edge Paradigms,Electronics,Luxury,Dũng Mai
254,1176,39,3,9143709.0,3047903.0,279,2024-03-15,2024,3,1,Monetize World-Class Deliverables,Sports,Luxury,Kim Phú Bùi
255,1607,280,8,7256784.0,907098.0,438,2024-12-23,2024,12,4,Mesh Leading-Edge E-Commerce,Furniture,Premium,Hải Đặng
256,610,273,7,10554635.0,1507805.0,221,2023-12-08,2023,12,4,Evolve Enterprise Experiences,Food,Premium,
257,886,141,10,32365890.0,3236589.0,39,2023-05-03,2023,5,2,Innovate Vertical Markets,Electronics,Luxury,
258,1361,38,3,2332107.0,777369.0,232,2024-04-03,2024,4,2,Brand Clicks-And-Mortar Portals,Books,Premium,Phương Dương
259,1127,115,5,15739085.0,3147817.0,82,2024-04-12,2024,4,2,Embrace Strategic Users,Food,Luxury,Bác Quang Đặng
260,457,13,6,24312930.0,4052155.0,231,2024-11-14,2024,11,4,Aggregate Robust E-Services,Clothing,Luxury,Hạnh Phạm
261,1461,82,1,4833637.0,4833637.0,111,2023-03-15,2023,3,1,Extend 24/365 Web Services,Electronics,Luxury,Duyên Bùi
262,1988,72,10,31786920.0,3178692.0,390,2023-12-05,2023,12,4,Strategize Clicks-And-Mortar Methodologies,Books,Luxury,Khoa Hoàng
263,1794,49,20,7701120.0,385056.0,27,2023-04-24,2023,4,2,Transition Impactful Info-Mediaries,Food,Mid,
264,705,271,20,18317180.0,915859.0,340,2023-04-26,2023,4,2,Transition Holistic Partnerships,Sports,Premium,
265,23,134,14,51703232.0,3693088.0,321,2024-08-25,2024,8,3,Matrix Revolutionary Applications,Electronics,Luxury,
266,1747,231,20,92832380.0,4641619.0,293,2024-11-30,2024,11,4,Reinvent Frictionless Supply-Chains,Sports,Luxury,Lâm Nguyễn
267,1527,239,8,27751096.0,3468887.0,396,2023-09-24,2023,9,3,Cultivate Interactive E-Tailers,Furniture,Luxury,Phúc Đức Trần
268,1713,238,5,1937450.0,387490.0,220,2023-09-27,2023,9,3,Enhance E-Business Architectures,Clothing,Mid,Cô Khoa Nguyễn
269,1383,164,11,54563388.0,4960308.0,483,2023-04-23,2023,4,2,Enable Distributed Partnerships,Clothing,Luxury,Anh Tùng Đặng
270,299,278,3,13913019.0,4637673.0,417,2023-10-05,2023,10,4,Productize Dot-Com Deliverables,Furniture,Luxury,
271,1093,300,13,40862588.0,3143276.0,489,2023-06-03,2023,6,2,E-Enable B2B Initiatives,Electronics,Luxury,
272,1762,155,2,2799280.0,1399640.0,256,2024-06-12,2024,6,2,Benchmark Virtual Users,Clothing,Premium,Lâm Hoàng Bùi
273,4,160,5,10391190.0,2078238.0,249,2024-08-25,2024,8,3,Engage Collaborative Bandwidth,Furniture,Luxury,Bà Yến Trần
274,332,58,6,5086632.0,847772.0,249,2023-02-28,2023,2,1,Benchmark Seamless Bandwidth,Books,Premium,Bà Yến Trần
275,779,176,11,3786189.0,344199.0,488,2023-11-13,2023,11,4,Synergize Integrated Convergence,Furniture,Mid,Thành Mai
276,1422,100,12,31624620.0,2635385.0,206,2024-09-07,2024,9,3,Unleash Magnetic Action-Items,Clothing,Luxury,Quang Bùi
277,58,90,12,18307368.0,1525614.0,25,2023-08-16,2023,8,3,Drive Collaborative Experiences,Electronics,Premium,
278,1631,81,15,2737365.0,182491.0,47,2023-01-04,2023,1,1,Incentivize Frictionless Experiences,Clothing,Mid,Tú Dương
279,822,188,15,38587080.0,2572472.0,381,2024-06-22,2024,6,2,Embrace Rich Experiences,Electronics,Luxury,Hà Đức Bùi
280,1194,41,10,47206620.0,4720662.0,483,2024-02-02,2024,2,1,Harness Compelling Partnerships,Books,Luxury,Anh Tùng Đặng
281,617,269,12,45763584.0,3813632.0,319,2023-05-08,2023,5,2,Unleash Plug-And-Play Markets,Clothing,Luxury,
282,1983,291,11,2505965.0,227815.0,58,2023-10-17,2023,10,4,Extend Value-Added Info-Mediaries,Food,Mid,Nhiên Nguyễn
283,64,275,9,28143729.0,3127081.0,108,2023-03-19,2023,3,1,Deliver Frictionless Niches,Electronics,Luxury,
284,32,260,7,7863086.0,1123298.0,136,2024-09-27,2024,9,3,Revolutionize Frictionless Web Services,Clothing,Premium,Bà Linh Mai
285,78,55,13,47275163.0,3636551.0,25,2024-12-20,2024,12,4,Seize Efficient Communities,Food,Luxury,
286,106,141,9,29129301.0,3236589.0,386,2024-11-11,2024,11,4,Innovate Vertical Markets,Electronics,Luxury,Quý ông Tú Phạm
287,286,256,4,6419912.0,1604978.0,352,2023-06-20,2023,6,2,Incentivize Customized E-Services,Clothing,Premium,Nhật Đặng
288,692,255,10,23765430.0,2376543.0,461,2024-12-15,2024,12,4,Brand Distributed Models,Books,Luxury,Khoa Vũ
289,1853,227,16,41429296.0,2589331.0,298,2024-01-10,2024,1,1,Monetize Strategic E-Business,Food,Luxury,Hưng Vũ
290,38,212,20,52877440.0,2643872.0,410,2023-10-12,2023,10,4,Reinvent Distributed E-Commerce,Books,Luxury,Quý cô Thành Bùi
291,1002,145,7,25715074.0,3673582.0,146,2023-07-30,2023,7,3,Incentivize B2B Roi,Electronics,Luxury,
292,1490,171,5,630400.0,126080.0,212,2024-08-14,2024,8,3,Aggregate Synergistic Partnerships,Food,Mid,An Hải Mai
293,1769,217,16,42458496.0,2653656.0,441,2023-04-04,2023,4,2,Deliver Wireless Metrics,Clothing,Luxury,Chị Xuân Mai
294,413,258,9,1172844.0,130316.0,372,2024-02-06,2024,2,1,Deliver Killer Info-Mediaries,Food,Mid,Hải Vũ
295,379,100,13,34260005.0,2635385.0,379,2024-03-01,2024,3,1,Unleash Magnetic Action-Items,Clothing,Luxury,Cô Lâm Dương
296,1186,259,1,1927608.0,1927608.0,192,2024-06-21,2024,6,2,Matrix Back-End Initiatives,Furniture,Premium,
297,784,283,10,7766380.0,776638.0,343,2024-11-21,2024,11,4,Evolve Cross-Platform Mindshare,Food,Premium,
298,1078,147,11,32961742.0,2996522.0,190,2023-03-06,2023,3,1,Disintermediate Cutting-Edge Info-Mediaries,Electronics,Luxury,
299,89,22,4,7032764.0,1758191.0,453,2023-03-26,2023,3,1,Orchestrate Holistic Interfaces,Furniture,Premium,Kim Dương
300,583,52,5,8710550.0,1742110.0,202,2023-12-05,2023,12,4,Re-Contextualize Dynamic Experiences,Clothing,Premium,
301,1838,264,2,6258438.0,3129219.0,490,2024-12-10,2024,12,4,Scale 24/365 Users,Clothing,Luxury,Chị An Phạm
302,835,268,13,43169659.0,3320743.0,302,2023-03-18,2023,3,1,Reinvent One-To-One Synergies,Furniture,Luxury,Tú Mai
303,1158,160,11,22860618.0,2078238.0,154,2023-07-13,2023,7,3,Engage Collaborative Bandwidth,Furniture,Luxury,
304,981,44,18,6075864.0,337548.0,487,2023-01-23,2023,1,1,Harness User-Centric Bandwidth,Electronics,Mid,
305,95,86,4,3036196.0,759049.0,143,2024-03-24,2024,3,1,Orchestrate Best-Of-Breed Info-Mediaries,Sports,Premium,
306,1069,102,3,7596504.0,2532168.0,428,2023-09-23,2023,9,3,Strategize Customized Schemas,Food,Luxury,
307,137,259,2,3855216.0,1927608.0,46,2024-03-07,2024,3,1,Matrix Back-End Initiatives,Furniture,Premium,Hương Dương
308,1361,285,5,277175.0,55435.0,232,2024-04-03,2024,4,2,Scale E-Business Web-Readiness,Clothing,Budget,Phương Dương
309,822,215,8,17668720.0,2208590.0,381,2024-06-22,2024,6,2,Scale Impactful Deliverables,Furniture,Luxury,Hà Đức Bùi
310,350,68,9,29083158.0,3231462.0,202,2023-08-31,2023,8,3,Matrix Customized Platforms,Furniture,Luxury,
311,343,228,17,44676085.0,2628005.0,314,2023-07-18,2023,7,3,Envisioneer Collaborative Applications,Food,Luxury,
312,640,293,15,44282160.0,2952144.0,168,2023-12-12,2023,12,4,Disintermediate E-Business Channels,Clothing,Luxury,Bác Hưng Lê
313,474,244,15,50685165.0,3379011.0,139,2024-04-04,2024,4,2,Generate Holistic E-Commerce,Electronics,Luxury,Cô Hạnh Hoàng
314,880,232,12,27264288.0,2272024.0,23,2023-01-26,2023,1,1,Brand Viral Roi,Clothing,Luxury,Bác Thành Dương
315,692,244,19,64201209.0,3379011.0,461,2024-12-15,2024,12,4,Generate Holistic E-Commerce,Electronics,Luxury,Khoa Vũ
316,755,55,10,36365510.0,3636551.0,124,2023-08-29,2023,8,3,Seize Efficient Communities,Food,Luxury,Huy Bảo Mai
317,1702,73,8,35323968.0,4415496.0,382,2023-02-17,2023,2,1,Utilize Scalable Synergies,Furniture,Luxury,
318,853,29,3,12926478.0,4308826.0,268,2024-08-21,2024,8,3,Scale Cutting-Edge Roi,Sports,Luxury,Khoa Bùi
319,1917,222,17,61580902.0,3622406.0,109,2023-01-13,2023,1,1,Enable Customized Architectures,Furniture,Luxury,An Hữu Đặng
320,1842,210,15,8656095.0,577073.0,443,2023-08-01,2023,8,3,Maximize Robust Convergence,Electronics,Premium,
321,1924,205,16,24297136.0,1518571.0,319,2023-06-01,2023,6,2,Exploit Next-Generation E-Services,Books,Premium,
322,56,59,13,21849451.0,1680727.0,128,2023-04-06,2023,4,2,Re-Intermediate Synergistic Convergence,Books,Premium,Cô Yến Bùi
323,1912,269,3,11440896.0,3813632.0,144,2023-07-31,2023,7,3,Unleash Plug-And-Play Markets,Clothing,Luxury,
324,462,133,9,22134537.0,2459393.0,233,2023-05-19,2023,5,2,E-Enable Sticky Relationships,Furniture,Luxury,Lâm Trần
325,1939,265,12,40328568.0,3360714.0,333,2023-04-12,2023,4,2,Incubate Magnetic E-Business,Food,Luxury,
326,832,76,13,47960978.0,3689306.0,405,2024-05-06,2024,5,2,Maximize B2B Platforms,Clothing,Luxury,
327,921,285,20,1108700.0,55435.0,58,2024-02-12,2024,2,1,Scale E-Business Web-Readiness,Clothing,Budget,Nhiên Nguyễn
328,415,291,19,4328485.0,227815.0,496,2023-12-24,2023,12,4,Extend Value-Added Info-Mediaries,Food,Mid,
329,554,42,14,22620066.0,1615719.0,312,2023-10-07,2023,10,4,Syndicate Sticky Functionalities,Sports,Premium,
330,723,145,1,3673582.0,3673582.0,471,2023-08-07,2023,8,3,Incentivize B2B Roi,Electronics,Luxury,
331,768,175,20,21371080.0,1068554.0,328,2023-01-31,2023,1,1,Engage Robust Initiatives,Electronics,Premium,Hoàng Nguyễn
332,566,67,14,66618314.0,4758451.0,462,2024-09-25,2024,9,3,Disintermediate Cutting-Edge Roi,Furniture,Luxury,
333,1044,140,20,71700340.0,3585017.0,118,2023-09-19,2023,9,3,Generate 24/365 Eyeballs,Food,Luxury,Tùng Mai Mai
334,1761,5,19,37459450.0,1971550.0,51,2023-08-22,2023,8,3,Redefine 24/365 Architectures,Books,Premium,Hải Hải Phạm
335,1644,121,13,36682971.0,2821767.0,109,2023-04-11,2023,4,2,Evolve Efficient Metrics,Electronics,Luxury,An Hữu Đặng
336,5,130,11,45138863.0,4103533.0,413,2024-10-17,2024,10,4,Leverage Rich Paradigms,Electronics,Luxury,Hưng Bảo Lê
337,1200,96,19,67016477.0,3527183.0,84,2023-12-09,2023,12,4,Orchestrate Magnetic Eyeballs,Books,Luxury,
338,1794,209,12,5940828.0,495069.0,27,2023-04-24,2023,4,2,Evolve Visionary Content,Food,Mid,
339,1238,224,2,5481576.0,2740788.0,237,2023-12-30,2023,12,4,E-Enable Robust Communities,Books,Luxury,
340,59,163,13,9143186.0,703322.0,16,2023-12-22,2023,12,4,Disintermediate Viral Convergence,Electronics,Premium,
341,685,208,10,13883090.0,1388309.0,418,2024-04-04,2024,4,2,Engage Dot-Com E-Commerce,Furniture,Premium,
342,1166,94,19,6147792.0,323568.0,277,2024-09-15,2024,9,3,Morph Web-Enabled Convergence,Electronics,Mid,Dũng Vũ
343,522,273,11,16585855.0,1507805.0,248,2024-01-06,2024,1,1,Evolve Enterprise Experiences,Food,Premium,Bảo Mai Bùi
344,1956,267,20,98236500.0,4911825.0,241,2023-05-04,2023,5,2,Drive Wireless Models,Clothing,Luxury,Vân Vũ
345,1634,65,13,40220466.0,3093882.0,100,2023-11-26,2023,11,4,Integrate Proactive Interfaces,Clothing,Luxury,Nhiên Phạm
346,1050,278,7,32463711.0,4637673.0,140,2024-11-30,2024,11,4,Productize Dot-Com Deliverables,Furniture,Luxury,
347,1556,22,12,21098292.0,1758191.0,199,2024-07-22,2024,7,3,Orchestrate Holistic Interfaces,Furniture,Premium,
348,769,89,10,7869390.0,786939.0,105,2024-09-02,2024,9,3,Facilitate Rich Paradigms,Sports,Premium,
349,1908,213,12,27181536.0,2265128.0,50,2023-05-26,2023,5,2,Repurpose Cutting-Edge Interfaces,Sports,Luxury,
350,842,13,8,32417240.0,4052155.0,431,2023-03-08,2023,3,1,Aggregate Robust E-Services,Clothing,Luxury,Nam Thế Lê
351,221,61,13,54199834.0,4169218.0,156,2024-01-14,2024,1,1,Synthesize Seamless Paradigms,Books,Luxury,Bảo Văn Bùi
352,960,73,17,75063432.0,4415496.0,376,2023-01-08,2023,1,1,Utilize Scalable Synergies,Furniture,Luxury,Xuân Phạm
353,1778,280,18,16327764.0,907098.0,330,2023-07-14,2023,7,3,Mesh Leading-Edge E-Commerce,Furniture,Premium,Lâm Xuân Trần
354,723,275,18,56287458.0,3127081.0,471,2023-08-07,2023,8,3,Deliver Frictionless Niches,Electronics,Luxury,
355,1347,81,16,2919856.0,182491.0,369,2023-12-28,2023,12,4,Incentivize Frictionless Experiences,Clothing,Mid,Trung Đức Đặng
356,807,260,9,10109682.0,1123298.0,82,2024-11-27,2024,11,4,Revolutionize Frictionless Web Services,Clothing,Premium,Bác Quang Đặng
357,753,280,12,10885176.0,907098.0,31,2024-12-19,2024,12,4,Mesh Leading-Edge E-Commerce,Furniture,Premium,Bác Thành Nguyễn
358,1281,74,16,27954288.0,1747143.0,216,2024-09-10,2024,9,3,Unleash Global Initiatives,Furniture,Premium,
359,693,64,20,54360580.0,2718029.0,199,2023-11-25,2023,11,4,Unleash End-To-End Methodologies,Furniture,Luxury,
360,829,211,3,9093273.0,3031091.0,79,2023-09-12,2023,9,3,Optimize Proactive Systems,Books,Luxury,
361,1833,270,11,27173399.0,2470309.0,394,2023-10-23,2023,10,4,Revolutionize Open-Source Interfaces,Food,Luxury,Ông Tú Lê
362,1973,251,20,86230220.0,4311511.0,324,2023-12-02,2023,12,4,Incubate Cross-Platform Platforms,Electronics,Luxury,Khoa Nguyễn
363,253,273,8,12062440.0,1507805.0,233,2023-11-14,2023,11,4,Evolve Enterprise Experiences,Food,Premium,Lâm Trần
364,1507,148,5,7397075.0,1479415.0,286,2023-07-31,2023,7,3,Unleash Distributed Web-Readiness,Electronics,Premium,Bác Tùng Nguyễn
365,1002,171,2,252160.0,126080.0,146,2023-07-30,2023,7,3,Aggregate Synergistic Partnerships,Food,Mid,
366,1692,119,8,5480168.0,685021.0,165,2023-07-06,2023,7,3,Unleash Holistic Solutions,Electronics,Premium,Phúc Đặng
367,1568,21,14,29962954.0,2140211.0,27,2023-03-26,2023,3,1,Mesh User-Centric Functionalities,Food,Luxury,
368,633,173,11,20890562.0,1899142.0,189,2024-08-30,2024,8,3,Utilize User-Centric E-Markets,Furniture,Premium,
369,1931,36,7,3033212.0,433316.0,11,2023-03-31,2023,3,1,Extend Magnetic Supply-Chains,Food,Mid,Quang Hải Phạm
370,1833,64,12,32616348.0,2718029.0,394,2023-10-23,2023,10,4,Unleash End-To-End Methodologies,Furniture,Luxury,Ông Tú Lê
371,1035,182,11,9690219.0,880929.0,262,2024-12-07,2024,12,4,Brand Rich Action-Items,Books,Premium,
372,1371,53,19,74464705.0,3919195.0,291,2024-04-16,2024,4,2,Leverage Ubiquitous Architectures,Food,Luxury,
373,1688,95,1,3450973.0,3450973.0,165,2023-09-29,2023,9,3,Optimize Customized E-Commerce,Clothing,Luxury,Phúc Đặng
374,310,56,10,39779060.0,3977906.0,21,2024-06-06,2024,6,2,Grow Open-Source Applications,Sports,Luxury,Châu Đặng
375,1671,109,12,17898144.0,1491512.0,177,2023-08-13,2023,8,3,Incubate World-Class Systems,Food,Premium,Châu Bùi
376,1139,239,8,27751096.0,3468887.0,250,2024-01-27,2024,1,1,Cultivate Interactive E-Tailers,Furniture,Luxury,Quý ông Nam Nguyễn
377,1003,163,6,4219932.0,703322.0,57,2023-12-18,2023,12,4,Disintermediate Viral Convergence,Electronics,Premium,Hoàng Hoàng
378,136,287,7,3596544.0,513792.0,319,2023-04-26,2023,4,2,Utilize Back-End Interfaces,Furniture,Premium,
379,1715,234,9,7925238.0,880582.0,12,2023-05-28,2023,5,2,Evolve Turn-Key Interfaces,Electronics,Premium,
380,1898,2,20,49713520.0,2485676.0,345,2024-03-21,2024,3,1,Re-Intermediate Mission-Critical Functionalities,Books,Luxury,Bác Trung Mai
381,365,61,15,62538270.0,4169218.0,142,2024-04-15,2024,4,2,Synthesize Seamless Paradigms,Books,Luxury,Chị Khoa Nguyễn
382,1634,271,6,5495154.0,915859.0,100,2023-11-26,2023,11,4,Transition Holistic Partnerships,Sports,Premium,Nhiên Phạm
383,1296,144,8,1097280.0,137160.0,138,2023-06-21,2023,6,2,Integrate Bleeding-Edge Partnerships,Electronics,Mid,Dương Hoàng
384,1548,169,7,16574138.0,2367734.0,488,2023-07-31,2023,7,3,Cultivate Scalable Applications,Books,Luxury,Thành Mai
385,306,160,17,35330046.0,2078238.0,138,2024-07-24,2024,7,3,Engage Collaborative Bandwidth,Furniture,Luxury,Dương Hoàng
386,855,215,19,41963210.0,2208590.0,47,2023-10-25,2023,10,4,Scale Impactful Deliverables,Furniture,Luxury,Tú Dương
387,554,27,10,4376350.0,437635.0,312,2023-10-07,2023,10,4,Incentivize Compelling Relationships,Sports,Mid,
388,686,58,3,2543316.0,847772.0,354,2023-05-03,2023,5,2,Benchmark Seamless Bandwidth,Books,Premium,Phương Hoàng
389,1909,299,10,16398270.0,1639827.0,460,2023-11-09,2023,11,4,Streamline Rich Communities,Clothing,Premium,
390,1084,52,16,27873760.0,1742110.0,344,2023-03-07,2023,3,1,Re-Contextualize Dynamic Experiences,Clothing,Premium,Kim Đức Hoàng
391,597,69,18,88414974.0,4911943.0,392,2023-04-04,2023,4,2,Morph Robust E-Markets,Sports,Luxury,Hải Hải Vũ
392,1145,200,13,40519154.0,3116858.0,435,2023-01-06,2023,1,1,Maximize Open-Source Mindshare,Sports,Luxury,Khoa Mai
393,1565,5,6,11829300.0,1971550.0,6,2023-01-22,2023,1,1,Redefine 24/365 Architectures,Books,Premium,Quý cô Chi Phạm
394,291,135,1,657983.0,657983.0,226,2023-02-13,2023,2,1,Engage Bricks-And-Clicks E-Markets,Furniture,Premium,
395,1872,16,9,10467108.0,1163012.0,256,2023-03-11,2023,3,1,Streamline Killer Relationships,Sports,Premium,Lâm Hoàng Bùi
396,985,192,11,43931173.0,3993743.0,236,2023-01-13,2023,1,1,Re-Contextualize Open-Source Applications,Books,Luxury,
397,1446,186,7,27997459.0,3999637.0,55,2024-03-21,2024,3,1,Visualize Revolutionary Partnerships,Sports,Luxury,
398,402,76,3,11067918.0,3689306.0,336,2024-01-16,2024,1,1,Maximize B2B Platforms,Clothing,Luxury,
399,1315,190,8,31941496.0,3992687.0,347,2024-09-03,2024,9,3,Streamline Clicks-And-Mortar Interfaces,Books,Luxury,
400,1162,256,18,28889604.0,1604978.0,232,2023-04-20,2023,4,2,Incentivize Customized E-Services,Clothing,Premium,Phương Dương
401,1320,298,9,24463260.0,2718140.0,250,2024-02-22,2024,2,1,Redefine Wireless Portals,Clothing,Luxury,Quý ông Nam Nguyễn
402,1719,195,10,22339730.0,2233973.0,500,2023-02-24,2023,2,1,Leverage World-Class Vortals,Food,Luxury,Phương Dương
403,1521,188,5,12862360.0,2572472.0,388,2024-01-24,2024,1,1,Embrace Rich Experiences,Electronics,Luxury,Kim Mai Đặng
404,1947,44,6,2025288.0,337548.0,303,2024-09-19,2024,9,3,Harness User-Centric Bandwidth,Electronics,Mid,Khoa Phú Hoàng
405,590,17,13,45729788.0,3517676.0,300,2023-01-12,2023,1,1,Exploit Holistic Info-Mediaries,Electronics,Luxury,
406,1771,112,8,20552592.0,2569074.0,399,2023-10-11,2023,10,4,Harness Customized E-Markets,Books,Luxury,Phúc Phạm
407,1780,6,11,30411414.0,2764674.0,232,2023-04-22,2023,4,2,Whiteboard Impactful Networks,Furniture,Luxury,Phương Dương
408,623,286,20,88833580.0,4441679.0,325,2023-02-27,2023,2,1,Transform Dynamic Models,Clothing,Luxury,Phúc Vũ
409,253,202,8,17642656.0,2205332.0,233,2023-11-14,2023,11,4,Strategize Revolutionary E-Markets,Sports,Luxury,Lâm Trần
410,426,289,7,17026086.0,2432298.0,400,2023-08-11,2023,8,3,Synergize Ubiquitous Info-Mediaries,Electronics,Luxury,Bác Trung Bùi
411,224,67,10,47584510.0,4758451.0,146,2024-04-08,2024,4,2,Disintermediate Cutting-Edge Roi,Furniture,Luxury,
412,745,112,4,10276296.0,2569074.0,180,2023-09-30,2023,9,3,Harness Customized E-Markets,Books,Luxury,
413,1178,195,2,4467946.0,2233973.0,364,2023-05-02,2023,5,2,Leverage World-Class Vortals,Food,Luxury,Bà Duyên Trần
414,1861,293,9,26569296.0,2952144.0,370,2023-07-27,2023,7,3,Disintermediate E-Business Channels,Clothing,Luxury,Chị Thành Nguyễn
415,260,93,17,15112422.0,888966.0,169,2024-07-06,2024,7,3,Implement 24/365 Systems,Clothing,Premium,Cô An Vũ
416,1675,1,10,13990830.0,1399083.0,475,2024-08-04,2024,8,3,Engineer Next-Generation Infrastructures,Furniture,Premium,
417,239,23,4,4848004.0,1212001.0,188,2023-02-23,2023,2,1,Morph World-Class E-Markets,Furniture,Premium,Hạnh Hữu Mai
418,1592,89,13,10230207.0,786939.0,365,2023-04-20,2023,4,2,Facilitate Rich Paradigms,Sports,Premium,
419,33,68,12,38777544.0,3231462.0,38,2024-09-27,2024,9,3,Matrix Customized Platforms,Furniture,Luxury,Lan Vũ
420,490,160,2,4156476.0,2078238.0,293,2024-01-02,2024,1,1,Engage Collaborative Bandwidth,Furniture,Luxury,Lâm Nguyễn
421,1470,289,6,14593788.0,2432298.0,89,2024-01-22,2024,1,1,Synergize Ubiquitous Info-Mediaries,Electronics,Luxury,Nhật Hải Trần
422,1682,174,17,41184030.0,2422590.0,356,2024-02-05,2024,2,1,Expedite Sticky Users,Food,Luxury,Thảo Bùi
423,771,139,3,8199348.0,2733116.0,391,2024-07-11,2024,7,3,Architect Innovative Systems,Electronics,Luxury,
424,971,138,11,42004248.0,3818568.0,127,2024-09-07,2024,9,3,Empower Enterprise Architectures,Food,Luxury,Mai Bùi
425,65,93,17,15112422.0,888966.0,445,2023-12-18,2023,12,4,Implement 24/365 Systems,Clothing,Premium,Ánh Lê
426,153,50,9,23043366.0,2560374.0,444,2023-09-18,2023,9,3,Visualize One-To-One E-Business,Books,Luxury,Hà Mai Dương
427,45,117,14,10403820.0,743130.0,428,2023-05-25,2023,5,2,Incubate Innovative Vortals,Electronics,Premium,
428,160,158,1,970820.0,970820.0,28,2023-03-27,2023,3,1,Synergize Viral Platforms,Food,Premium,
429,742,95,14,48313622.0,3450973.0,230,2023-08-17,2023,8,3,Optimize Customized E-Commerce,Clothing,Luxury,Cô Hà Đặng
430,607,19,3,3588687.0,1196229.0,189,2024-03-29,2024,3,1,Strategize B2B Partnerships,Clothing,Premium,
431,1794,134,3,11079264.0,3693088.0,27,2023-04-24,2023,4,2,Matrix Revolutionary Applications,Electronics,Luxury,
432,1825,43,18,27638082.0,1535449.0,308,2024-07-15,2024,7,3,Reinvent Compelling Synergies,Furniture,Premium,Nhật Văn Hoàng
433,1779,110,20,52742000.0,2637100.0,317,2024-12-27,2024,12,4,Matrix 24/7 Metrics,Sports,Luxury,Ông Quang Hoàng
434,836,53,9,35272755.0,3919195.0,338,2023-05-11,2023,5,2,Leverage Ubiquitous Architectures,Food,Luxury,
435,1042,42,14,22620066.0,1615719.0,221,2024-06-12,2024,6,2,Syndicate Sticky Functionalities,Sports,Premium,
436,639,295,12,25336740.0,2111395.0,53,2023-08-23,2023,8,3,Evolve Value-Added Users,Electronics,Luxury,
437,1956,77,17,67106616.0,3947448.0,241,2023-05-04,2023,5,2,Brand Innovative Portals,Furniture,Luxury,Vân Vũ
438,633,115,17,53512889.0,3147817.0,189,2024-08-30,2024,8,3,Embrace Strategic Users,Food,Luxury,
439,687,21,2,4280422.0,2140211.0,253,2024-09-03,2024,9,3,Mesh User-Centric Functionalities,Food,Luxury,Bác Hưng Hoàng
440,1789,226,16,37736016.0,2358501.0,405,2024-06-25,2024,6,2,Evolve Rich Experiences,Electronics,Luxury,
441,914,119,4,2740084.0,685021.0,423,2024-10-29,2024,10,4,Unleash Holistic Solutions,Electronics,Premium,Chị Nhật Trần
442,1934,16,1,1163012.0,1163012.0,340,2023-06-13,2023,6,2,Streamline Killer Relationships,Sports,Premium,
443,533,38,12,9328428.0,777369.0,201,2024-12-08,2024,12,4,Brand Clicks-And-Mortar Portals,Books,Premium,
444,376,228,17,44676085.0,2628005.0,348,2023-11-19,2023,11,4,Envisioneer Collaborative Applications,Food,Luxury,Bà Hà Nguyễn
445,608,171,19,2395520.0,126080.0,352,2024-03-13,2024,3,1,Aggregate Synergistic Partnerships,Food,Mid,Nhật Đặng
446,108,73,19,83894424.0,4415496.0,287,2024-02-11,2024,2,1,Utilize Scalable Synergies,Furniture,Luxury,Quý cô Khoa Bùi
447,1224,154,2,4273658.0,2136829.0,238,2024-03-15,2024,3,1,Maximize E-Business Models,Clothing,Luxury,Trọng Văn Nguyễn
448,1765,292,20,54450560.0,2722528.0,304,2023-03-06,2023,3,1,Disintermediate Strategic E-Markets,Clothing,Luxury,
449,406,167,12,22263480.0,1855290.0,363,2024-08-17,2024,8,3,Transform Cross-Platform Web-Readiness,Furniture,Premium,Bác Trung Hoàng
450,1757,25,3,5444268.0,1814756.0,279,2023-02-24,2023,2,1,Reinvent Scalable Eyeballs,Electronics,Premium,Kim Phú Bùi
451,1943,269,20,76272640.0,3813632.0,388,2023-04-16,2023,4,2,Unleash Plug-And-Play Markets,Clothing,Luxury,Kim Mai Đặng
452,531,226,3,7075503.0,2358501.0,411,2023-09-21,2023,9,3,Evolve Rich Experiences,Electronics,Luxury,
453,1278,78,19,91866577.0,4835083.0,28,2024-05-17,2024,5,2,Leverage Visionary Experiences,Clothing,Luxury,
454,485,65,11,34032702.0,3093882.0,439,2024-06-05,2024,6,2,Integrate Proactive Interfaces,Clothing,Luxury,
455,799,60,19,42698073.0,2247267.0,37,2023-08-02,2023,8,3,Drive Mission-Critical Web-Readiness,Sports,Luxury,
456,437,37,2,3082740.0,1541370.0,493,2024-09-11,2024,9,3,Scale Frictionless Models,Furniture,Premium,Châu Bùi
457,358,155,11,15396040.0,1399640.0,117,2024-07-29,2024,7,3,Benchmark Virtual Users,Clothing,Premium,Bác Phúc Mai
458,1499,151,12,32966856.0,2747238.0,329,2023-04-09,2023,4,2,Synthesize Distributed Systems,Clothing,Luxury,Khoa Thế Dương
459,848,161,20,46938220.0,2346911.0,188,2024-05-16,2024,5,2,Innovate Proactive Web-Readiness,Books,Luxury,Hạnh Hữu Mai
460,1459,108,10,40051040.0,4005104.0,151,2023-02-28,2023,2,1,Generate Value-Added Convergence,Clothing,Luxury,
461,194,159,20,23213560.0,1160678.0,148,2024-08-06,2024,8,3,Productize User-Centric Portals,Clothing,Premium,
462,1936,41,11,51927282.0,4720662.0,464,2023-08-04,2023,8,3,Harness Compelling Partnerships,Books,Luxury,Hạnh Phạm
463,341,189,18,26480178.0,1471121.0,108,2023-01-05,2023,1,1,Envisioneer Synergistic Content,Electronics,Premium,
464,1,44,8,2700384.0,337548.0,244,2023-07-21,2023,7,3,Harness User-Centric Bandwidth,Electronics,Mid,Hương Bùi
465,1898,181,5,21937415.0,4387483.0,345,2024-03-21,2024,3,1,Orchestrate End-To-End Markets,Electronics,Luxury,Bác Trung Mai
466,1184,245,14,61811022.0,4415073.0,356,2023-09-08,2023,9,3,Deploy Web-Enabled Convergence,Books,Luxury,Thảo Bùi
467,132,2,14,34799464.0,2485676.0,296,2024-09-16,2024,9,3,Re-Intermediate Mission-Critical Functionalities,Books,Luxury,Trọng Văn Hoàng
468,708,167,4,7421160.0,1855290.0,232,2023-06-29,2023,6,2,Transform Cross-Platform Web-Readiness,Furniture,Premium,Phương Dương
469,1695,209,20,9901380.0,495069.0,135,2023-07-21,2023,7,3,Evolve Visionary Content,Food,Mid,Hạnh Lê
470,1536,297,14,32837504.0,2345536.0,183,2023-10-27,2023,10,4,Incentivize Leading-Edge Bandwidth,Electronics,Luxury,
471,482,214,12,35542224.0,2961852.0,376,2024-12-16,2024,12,4,Leverage Global Niches,Furniture,Luxury,Xuân Phạm
472,1517,57,4,6146872.0,1536718.0,417,2024-02-07,2024,2,1,Harness Sticky Web-Readiness,Food,Premium,
473,1985,90,7,10679298.0,1525614.0,233,2024-11-16,2024,11,4,Drive Collaborative Experiences,Electronics,Premium,Lâm Trần
474,664,129,18,83254896.0,4625272.0,170,2023-12-01,2023,12,4,Synthesize Customized E-Markets,Furniture,Luxury,Quý cô Vân Phạm
475,438,97,2,8777948.0,4388974.0,391,2023-04-28,2023,4,2,Drive Strategic Convergence,Electronics,Luxury,
476,1517,172,6,22220628.0,3703438.0,417,2024-02-07,2024,2,1,Seize Virtual Functionalities,Sports,Luxury,
477,1028,146,10,31804960.0,3180496.0,448,2023-02-07,2023,2,1,Expedite 24/7 Portals,Sports,Luxury,
478,1922,190,9,35934183.0,3992687.0,348,2024-09-08,2024,9,3,Streamline Clicks-And-Mortar Interfaces,Books,Luxury,Bà Hà Nguyễn
479,870,198,13,12697269.0,976713.0,405,2023-08-10,2023,8,3,Orchestrate Leading-Edge Schemas,Sports,Premium,
480,796,42,18,29082942.0,1615719.0,53,2023-02-07,2023,2,1,Syndicate Sticky Functionalities,Sports,Premium,
481,255,50,12,30724488.0,2560374.0,353,2023-11-28,2023,11,4,Visualize One-To-One E-Business,Books,Luxury,
482,1538,64,17,46206493.0,2718029.0,361,2024-11-15,2024,11,4,Unleash End-To-End Methodologies,Furniture,Luxury,
483,82,189,11,16182331.0,1471121.0,31,2024-06-09,2024,6,2,Envisioneer Synergistic Content,Electronics,Premium,Bác Thành Nguyễn
484,1854,98,2,1731220.0,865610.0,303,2024-06-16,2024,6,2,Envisioneer Bleeding-Edge Deliverables,Clothing,Premium,Khoa Phú Hoàng
485,1848,132,18,44743302.0,2485739.0,464,2023-01-31,2023,1,1,Streamline Compelling Communities,Electronics,Luxury,Hạnh Phạm
486,241,240,9,38588337.0,4287593.0,40,2024-03-08,2024,3,1,Streamline Extensible E-Commerce,Electronics,Luxury,
487,1140,15,13,31120479.0,2393883.0,468,2023-11-07,2023,11,4,Maximize Back-End Infrastructures,Clothing,Luxury,Dũng Vũ
488,1174,110,12,31645200.0,2637100.0,2,2024-07-05,2024,7,3,Matrix 24/7 Metrics,Sports,Luxury,Quý cô Kim Phạm
489,357,238,16,6199840.0,387490.0,381,2023-10-24,2023,10,4,Enhance E-Business Architectures,Clothing,Mid,Hà Đức Bùi
490,435,210,7,4039511.0,577073.0,188,2023-02-19,2023,2,1,Maximize Robust Convergence,Electronics,Premium,Hạnh Hữu Mai
491,210,148,20,29588300.0,1479415.0,83,2023-03-12,2023,3,1,Unleash Distributed Web-Readiness,Electronics,Premium,Châu Mai Dương
492,1930,21,16,34243376.0,2140211.0,64,2024-10-06,2024,10,4,Mesh User-Centric Functionalities,Food,Luxury,Khoa Đức Vũ
493,1876,66,5,15278800.0,3055760.0,23,2024-01-12,2024,1,1,Leverage Revolutionary Technologies,Sports,Luxury,Bác Thành Dương
494,1273,51,19,76186371.0,4009809.0,61,2024-09-30,2024,9,3,Strategize Intuitive Web Services,Furniture,Luxury,Chị Linh Phạm
495,1463,272,7,27872880.0,3981840.0,65,2023-09-25,2023,9,3,Embrace 24/7 Architectures,Food,Luxury,
496,1692,170,13,57030467.0,4386959.0,165,2023-07-06,2023,7,3,Re-Intermediate Best-Of-Breed Info-Mediaries,Electronics,Luxury,Phúc Đặng
497,977,232,12,27264288.0,2272024.0,132,2024-03-23,2024,3,1,Brand Viral Roi,Clothing,Luxury,Tú Đặng
498,1589,68,14,45240468.0,3231462.0,91,2024-01-26,2024,1,1,Matrix Customized Platforms,Furniture,Luxury,
499,26,240,6,25725558.0,4287593.0,264,2023-07-25,2023,7,3,Streamline Extensible E-Commerce,Electronics,Luxury,Nhật Đức Mai
500,518,3,17,44091081.0,2593593.0,205,2023-07-06,2023,7,3,Cultivate Rich Schemas,Electronics,Luxury,
501,1427,254,4,19067632.0,4766908.0,246,2024-03-17,2024,3,1,Syndicate Distributed E-Business,Sports,Luxury,
502,734,201,20,2505780.0,125289.0,304,2024-11-30,2024,11,4,Architect Viral Metrics,Furniture,Mid,
503,398,234,2,1761164.0,880582.0,187,2023-06-05,2023,6,2,Evolve Turn-Key Interfaces,Electronics,Premium,Minh Bùi
504,53,209,16,7921104.0,495069.0,238,2024-06-07,2024,6,2,Evolve Visionary Content,Food,Mid,Trọng Văn Nguyễn
505,492,54,9,17787591.0,1976399.0,396,2023-11-20,2023,11,4,Benchmark Killer Paradigms,Clothing,Premium,Phúc Đức Trần
506,1088,249,10,31224920.0,3122492.0,361,2024-03-29,2024,3,1,Syndicate E-Business Systems,Clothing,Luxury,
507,640,60,1,2247267.0,2247267.0,168,2023-12-12,2023,12,4,Drive Mission-Critical Web-Readiness,Sports,Luxury,Bác Hưng Lê
508,1517,126,9,28020780.0,3113420.0,417,2024-02-07,2024,2,1,Enable Impactful Communities,Electronics,Luxury,
509,1265,85,11,11996556.0,1090596.0,473,2024-04-19,2024,4,2,Benchmark Cutting-Edge Mindshare,Furniture,Premium,Nhật Phú Trần
510,1041,177,11,5054192.0,459472.0,238,2024-04-01,2024,4,2,Strategize Back-End Synergies,Sports,Mid,Trọng Văn Nguyễn
511,456,14,14,28140658.0,2010047.0,56,2023-03-31,2023,3,1,Cultivate Back-End Info-Mediaries,Food,Luxury,
512,1824,288,1,2094879.0,2094879.0,415,2023-05-21,2023,5,2,Cultivate 24/365 E-Services,Sports,Luxury,
513,415,251,16,68984176.0,4311511.0,496,2023-12-24,2023,12,4,Incubate Cross-Platform Platforms,Electronics,Luxury,
514,596,180,13,19236048.0,1479696.0,265,2023-05-02,2023,5,2,E-Enable Collaborative Technologies,Food,Premium,
515,1318,266,5,4977845.0,995569.0,27,2024-04-16,2024,4,2,Reinvent Mission-Critical Systems,Clothing,Premium,
516,624,226,1,2358501.0,2358501.0,308,2023-07-01,2023,7,3,Evolve Rich Experiences,Electronics,Luxury,Nhật Văn Hoàng
517,1798,63,4,9220920.0,2305230.0,440,2024-06-03,2024,6,2,Seize Web-Enabled Solutions,Electronics,Luxury,Chị Hạnh Dương
518,755,157,14,32055436.0,2289674.0,124,2023-08-29,2023,8,3,Cultivate Integrated Portals,Books,Luxury,Huy Bảo Mai
519,1944,158,6,5824920.0,970820.0,317,2024-12-29,2024,12,4,Synergize Viral Platforms,Food,Premium,Ông Quang Hoàng
520,1379,54,16,31622384.0,1976399.0,166,2024-12-19,2024,12,4,Benchmark Killer Paradigms,Clothing,Premium,Khoa Phú Hoàng
521,1582,90,2,3051228.0,1525614.0,141,2024-10-24,2024,10,4,Drive Collaborative Experiences,Electronics,Premium,
522,1480,192,19,75881117.0,3993743.0,351,2024-12-16,2024,12,4,Re-Contextualize Open-Source Applications,Books,Luxury,
523,1727,221,19,32211745.0,1695355.0,229,2024-06-06,2024,6,2,Innovate Scalable Action-Items,Furniture,Premium,
524,1771,117,2,1486260.0,743130.0,399,2023-10-11,2023,10,4,Incubate Innovative Vortals,Electronics,Premium,Phúc Phạm
525,1435,123,14,1662766.0,118769.0,179,2023-06-14,2023,6,2,Utilize Open-Source Mindshare,Books,Mid,Chị Nhật Lê
526,1406,39,2,6095806.0,3047903.0,261,2024-06-12,2024,6,2,Monetize World-Class Deliverables,Sports,Luxury,Chị Thảo Đặng
527,837,125,12,35438976.0,2953248.0,126,2024-04-17,2024,4,2,Morph Holistic Interfaces,Clothing,Luxury,Quý cô Khoa Vũ
528,938,296,16,19049552.0,1190597.0,352,2024-10-26,2024,10,4,Target Proactive Relationships,Clothing,Premium,Nhật Đặng
529,431,273,1,1507805.0,1507805.0,222,2023-03-08,2023,3,1,Evolve Enterprise Experiences,Food,Premium,Bác Hưng Nguyễn
530,373,104,1,1723555.0,1723555.0,141,2024-06-19,2024,6,2,Enhance Visionary Content,Electronics,Premium,
531,1606,183,1,781879.0,781879.0,402,2023-11-13,2023,11,4,Seize Innovative Methodologies,Electronics,Premium,
532,102,295,11,23225345.0,2111395.0,162,2024-11-23,2024,11,4,Evolve Value-Added Users,Electronics,Luxury,Dũng Mai
533,99,68,2,6462924.0,3231462.0,213,2023-02-08,2023,2,1,Matrix Customized Platforms,Furniture,Luxury,
534,403,23,1,1212001.0,1212001.0,173,2023-01-19,2023,1,1,Morph World-Class E-Markets,Furniture,Premium,Quý ông Vũ Lê
535,800,26,17,47685663.0,2805039.0,342,2023-12-18,2023,12,4,Maximize Holistic E-Business,Food,Luxury,
536,1551,143,10,8473960.0,847396.0,241,2024-11-13,2024,11,4,Facilitate Granular Channels,Electronics,Premium,Vân Vũ
537,1686,29,3,12926478.0,4308826.0,264,2024-05-17,2024,5,2,Scale Cutting-Edge Roi,Sports,Luxury,Nhật Đức Mai
538,1921,128,4,10668116.0,2667029.0,396,2024-06-10,2024,6,2,Seize Value-Added Bandwidth,Sports,Luxury,Phúc Đức Trần
539,106,211,6,18186546.0,3031091.0,386,2024-11-11,2024,11,4,Optimize Proactive Systems,Books,Luxury,Quý ông Tú Phạm
540,727,187,19,67813432.0,3569128.0,216,2023-05-03,2023,5,2,Maximize Bleeding-Edge Bandwidth,Furniture,Luxury,
541,261,257,11,8158117.0,741647.0,143,2023-09-25,2023,9,3,Embrace Intuitive E-Commerce,Electronics,Premium,
542,1635,188,14,36014608.0,2572472.0,18,2023-03-02,2023,3,1,Embrace Rich Experiences,Electronics,Luxury,
543,1544,161,3,7040733.0,2346911.0,378,2023-09-06,2023,9,3,Innovate Proactive Web-Readiness,Books,Luxury,
544,418,75,13,43824313.0,3371101.0,276,2023-02-22,2023,2,1,Maximize Cutting-Edge Paradigms,Electronics,Luxury,Thành Hữu Đặng
545,28,215,9,19877310.0,2208590.0,13,2024-04-08,2024,4,2,Scale Impactful Deliverables,Furniture,Luxury,Bà Dương Mai
546,748,51,9,36088281.0,4009809.0,439,2023-04-28,2023,4,2,Strategize Intuitive Web Services,Furniture,Luxury,
547,1324,249,18,56204856.0,3122492.0,387,2024-11-09,2024,11,4,Syndicate E-Business Systems,Clothing,Luxury,Anh Mai
548,1924,130,8,32828264.0,4103533.0,319,2023-06-01,2023,6,2,Leverage Rich Paradigms,Electronics,Luxury,
549,183,41,16,75530592.0,4720662.0,49,2024-05-02,2024,5,2,Harness Compelling Partnerships,Books,Luxury,Trọng Hoàng
550,1045,70,5,12273645.0,2454729.0,437,2024-05-05,2024,5,2,Utilize Next-Generation Schemas,Food,Luxury,Trung Hoàng
551,1331,134,5,18465440.0,3693088.0,40,2023-09-20,2023,9,3,Matrix Revolutionary Applications,Electronics,Luxury,
552,1773,227,11,28482641.0,2589331.0,20,2024-07-10,2024,7,3,Monetize Strategic E-Business,Food,Luxury,Trung Phú Bùi
553,462,141,2,6473178.0,3236589.0,233,2023-05-19,2023,5,2,Innovate Vertical Markets,Electronics,Luxury,Lâm Trần
554,1625,183,1,781879.0,781879.0,341,2023-02-04,2023,2,1,Seize Innovative Methodologies,Electronics,Premium,Bác Dũng Bùi
555,787,135,12,7895796.0,657983.0,82,2023-10-02,2023,10,4,Engage Bricks-And-Clicks E-Markets,Furniture,Premium,Bác Quang Đặng
556,1103,96,19,67016477.0,3527183.0,493,2023-09-27,2023,9,3,Orchestrate Magnetic Eyeballs,Books,Luxury,Châu Bùi
557,1060,195,14,31275622.0,2233973.0,396,2024-07-31,2024,7,3,Leverage World-Class Vortals,Food,Luxury,Phúc Đức Trần
558,1540,174,2,4845180.0,2422590.0,169,2024-08-02,2024,8,3,Expedite Sticky Users,Food,Luxury,Cô An Vũ
559,252,126,14,43587880.0,3113420.0,419,2024-10-18,2024,10,4,Enable Impactful Communities,Electronics,Luxury,
560,159,33,1,3497798.0,3497798.0,252,2023-03-01,2023,3,1,Implement 24/7 Applications,Clothing,Luxury,
561,644,184,19,11275284.0,593436.0,416,2023-02-19,2023,2,1,Deploy Extensible Infrastructures,Food,Premium,
562,426,190,7,27948809.0,3992687.0,400,2023-08-11,2023,8,3,Streamline Clicks-And-Mortar Interfaces,Books,Luxury,Bác Trung Bùi
563,231,87,3,13578765.0,4526255.0,163,2024-04-11,2024,4,2,Transition Next-Generation Vortals,Sports,Luxury,
564,290,80,9,12060900.0,1340100.0,445,2024-07-04,2024,7,3,Cultivate Web-Enabled Info-Mediaries,Sports,Premium,Ánh Lê
565,956,148,5,7397075.0,1479415.0,447,2024-10-18,2024,10,4,Unleash Distributed Web-Readiness,Electronics,Premium,Chị Linh Hoàng
566,529,34,5,7210300.0,1442060.0,426,2024-10-19,2024,10,4,Monetize Back-End Content,Clothing,Premium,
567,172,198,18,17580834.0,976713.0,263,2024-10-28,2024,10,4,Orchestrate Leading-Edge Schemas,Sports,Premium,
568,852,165,12,9357672.0,779806.0,449,2023-11-27,2023,11,4,Disintermediate Innovative Experiences,Sports,Premium,
569,1083,290,1,2602570.0,2602570.0,50,2024-10-04,2024,10,4,Enhance End-To-End Eyeballs,Sports,Luxury,
570,1367,191,6,25748736.0,4291456.0,373,2024-10-28,2024,10,4,Envisioneer Back-End E-Services,Books,Luxury,Quý cô An Hoàng
571,817,26,15,42075585.0,2805039.0,408,2024-11-28,2024,11,4,Maximize Holistic E-Business,Food,Luxury,
572,1212,105,9,20079378.0,2231042.0,184,2024-09-22,2024,9,3,Streamline E-Business Convergence,Furniture,Luxury,Linh Vũ
573,265,188,2,5144944.0,2572472.0,10,2024-06-15,2024,6,2,Embrace Rich Experiences,Electronics,Luxury,
574,1056,206,10,45861900.0,4586190.0,401,2023-01-16,2023,1,1,Expedite Viral E-Services,Sports,Luxury,Quý cô Lan Phạm
575,268,52,16,27873760.0,1742110.0,470,2023-08-15,2023,8,3,Re-Contextualize Dynamic Experiences,Clothing,Premium,
576,1251,219,12,5832840.0,486070.0,336,2023-07-16,2023,7,3,Matrix Vertical Systems,Books,Mid,
577,455,16,16,18608192.0,1163012.0,439,2023-05-13,2023,5,2,Streamline Killer Relationships,Sports,Premium,
578,210,142,16,71561856.0,4472616.0,83,2023-03-12,2023,3,1,Maximize Proactive Action-Items,Books,Luxury,Châu Mai Dương
579,442,254,12,57202896.0,4766908.0,138,2023-12-25,2023,12,4,Syndicate Distributed E-Business,Sports,Luxury,Dương Hoàng
580,1655,265,11,36967854.0,3360714.0,200,2023-08-29,2023,8,3,Incubate Magnetic E-Business,Food,Luxury,Vi Hoàng
581,729,160,3,6234714.0,2078238.0,363,2023-03-27,2023,3,1,Engage Collaborative Bandwidth,Furniture,Luxury,Bác Trung Hoàng
582,532,299,9,14758443.0,1639827.0,241,2024-10-08,2024,10,4,Streamline Rich Communities,Clothing,Premium,Vân Vũ
583,435,298,2,5436280.0,2718140.0,188,2023-02-19,2023,2,1,Redefine Wireless Portals,Clothing,Luxury,Hạnh Hữu Mai
584,1027,241,6,18298098.0,3049683.0,389,2024-01-21,2024,1,1,Drive One-To-One Portals,Food,Luxury,Ông Dũng Trần
585,566,211,2,6062182.0,3031091.0,462,2024-09-25,2024,9,3,Optimize Proactive Systems,Books,Luxury,
586,1605,208,11,15271399.0,1388309.0,458,2024-01-22,2024,1,1,Engage Dot-Com E-Commerce,Furniture,Premium,
587,1213,170,20,87739180.0,4386959.0,83,2023-08-05,2023,8,3,Re-Intermediate Best-Of-Breed Info-Mediaries,Electronics,Luxury,Châu Mai Dương
588,1716,28,19,72537288.0,3817752.0,34,2024-06-26,2024,6,2,Cultivate Dot-Com Deliverables,Books,Luxury,Phúc Hoàng
589,1293,189,10,14711210.0,1471121.0,118,2023-09-05,2023,9,3,Envisioneer Synergistic Content,Electronics,Premium,Tùng Mai Mai
590,1605,108,20,80102080.0,4005104.0,458,2024-01-22,2024,1,1,Generate Value-Added Convergence,Clothing,Luxury,
591,711,94,11,3559248.0,323568.0,461,2024-03-18,2024,3,1,Morph Web-Enabled Convergence,Electronics,Mid,Khoa Vũ
592,18,256,3,4814934.0,1604978.0,10,2023-02-07,2023,2,1,Incentivize Customized E-Services,Clothing,Premium,
593,186,257,12,8899764.0,741647.0,338,2024-04-13,2024,4,2,Embrace Intuitive E-Commerce,Electronics,Premium,
594,420,144,1,137160.0,137160.0,289,2023-01-16,2023,1,1,Integrate Bleeding-Edge Partnerships,Electronics,Mid,
595,1377,32,16,63764464.0,3985279.0,170,2024-10-29,2024,10,4,Iterate Intuitive Networks,Clothing,Luxury,Quý cô Vân Phạm
596,798,127,4,11820160.0,2955040.0,16,2024-12-18,2024,12,4,Extend Magnetic Schemas,Furniture,Luxury,
597,1611,88,16,78166768.0,4885423.0,22,2024-11-06,2024,11,4,Drive Front-End E-Services,Electronics,Luxury,
598,1943,75,8,26968808.0,3371101.0,388,2023-04-16,2023,4,2,Maximize Cutting-Edge Paradigms,Electronics,Luxury,Kim Mai Đặng
599,378,247,13,57159778.0,4396906.0,318,2023-02-12,2023,2,1,Synthesize Scalable Methodologies,Books,Luxury,Lâm Mai Bảo Đặng
600,937,56,20,79558120.0,3977906.0,413,2024-09-04,2024,9,3,Grow Open-Source Applications,Sports,Luxury,Hưng Bảo Lê
601,326,39,9,27431127.0,3047903.0,24,2023-09-05,2023,9,3,Monetize World-Class Deliverables,Sports,Luxury,Châu Mai Đặng
602,58,77,3,11842344.0,3947448.0,25,2023-08-16,2023,8,3,Brand Innovative Portals,Furniture,Luxury,
603,1610,223,9,4542579.0,504731.0,23,2023-10-16,2023,10,4,Revolutionize Out-Of-The-Box Action-Items,Clothing,Premium,Bác Thành Dương
604,571,199,17,65952282.0,3879546.0,21,2024-11-28,2024,11,4,Utilize Impactful Deliverables,Clothing,Luxury,Châu Đặng
605,96,113,11,28292209.0,2572019.0,325,2024-11-02,2024,11,4,Brand Mission-Critical Niches,Books,Luxury,Phúc Vũ
606,1394,92,15,17692275.0,1179485.0,410,2024-02-01,2024,2,1,Unleash Innovative E-Business,Furniture,Premium,Quý cô Thành Bùi
607,1093,22,18,31647438.0,1758191.0,489,2023-06-03,2023,6,2,Orchestrate Holistic Interfaces,Furniture,Premium,
608,1474,60,10,22472670.0,2247267.0,358,2024-09-30,2024,9,3,Drive Mission-Critical Web-Readiness,Sports,Luxury,
609,512,81,11,2007401.0,182491.0,281,2024-08-27,2024,8,3,Incentivize Frictionless Experiences,Clothing,Mid,
610,1046,245,1,4415073.0,4415073.0,48,2024-06-07,2024,6,2,Deploy Web-Enabled Convergence,Books,Luxury,
611,1078,101,10,36077940.0,3607794.0,190,2023-03-06,2023,3,1,Extend Customized E-Tailers,Books,Luxury,
612,1079,57,5,7683590.0,1536718.0,344,2024-09-04,2024,9,3,Harness Sticky Web-Readiness,Food,Premium,Kim Đức Hoàng
613,526,77,19,75001512.0,3947448.0,340,2023-03-04,2023,3,1,Brand Innovative Portals,Furniture,Luxury,
614,107,150,1,4389609.0,4389609.0,167,2024-05-13,2024,5,2,Drive Collaborative Communities,Electronics,Luxury,Hải Đặng
615,825,110,16,42193600.0,2637100.0,266,2023-07-01,2023,7,3,Matrix 24/7 Metrics,Sports,Luxury,Cô Ánh Trần
616,1561,100,9,23718465.0,2635385.0,178,2023-07-24,2023,7,3,Unleash Magnetic Action-Items,Clothing,Luxury,
617,1437,266,16,15929104.0,995569.0,299,2024-11-12,2024,11,4,Reinvent Mission-Critical Systems,Clothing,Premium,
618,1640,60,17,38203539.0,2247267.0,257,2023-06-13,2023,6,2,Drive Mission-Critical Web-Readiness,Sports,Luxury,
619,1046,145,15,55103730.0,3673582.0,48,2024-06-07,2024,6,2,Incentivize B2B Roi,Electronics,Luxury,
620,1707,259,7,13493256.0,1927608.0,136,2023-04-04,2023,4,2,Matrix Back-End Initiatives,Furniture,Premium,Bà Linh Mai
621,1683,203,3,2682972.0,894324.0,353,2024-05-09,2024,5,2,Benchmark Proactive Systems,Furniture,Premium,
622,263,97,18,79001532.0,4388974.0,220,2024-10-07,2024,10,4,Drive Strategic Convergence,Electronics,Luxury,Cô Khoa Nguyễn
623,1392,97,5,21944870.0,4388974.0,160,2024-04-16,2024,4,2,Drive Strategic Convergence,Electronics,Luxury,
624,393,282,6,8249136.0,1374856.0,243,2024-03-13,2024,3,1,Utilize Frictionless Interfaces,Books,Premium,Bà Vân Phạm
625,46,197,10,39005310.0,3900531.0,375,2024-03-24,2024,3,1,Scale Plug-And-Play E-Services,Electronics,Luxury,Quý cô Kim Dương
626,1208,119,10,6850210.0,685021.0,50,2023-11-16,2023,11,4,Unleash Holistic Solutions,Electronics,Premium,
627,293,141,9,29129301.0,3236589.0,321,2023-04-11,2023,4,2,Innovate Vertical Markets,Electronics,Luxury,
628,1090,23,12,14544012.0,1212001.0,118,2024-08-31,2024,8,3,Morph World-Class E-Markets,Furniture,Premium,Tùng Mai Mai
629,267,284,3,7324047.0,2441349.0,144,2023-07-13,2023,7,3,Re-Intermediate Mission-Critical E-Markets,Sports,Luxury,
630,1674,141,2,6473178.0,3236589.0,378,2024-02-19,2024,2,1,Innovate Vertical Markets,Electronics,Luxury,
631,1773,101,13,46901322.0,3607794.0,20,2024-07-10,2024,7,3,Extend Customized E-Tailers,Books,Luxury,Trung Phú Bùi
632,1621,179,8,27926744.0,3490843.0,55,2024-01-26,2024,1,1,Streamline Value-Added Schemas,Food,Luxury,
633,1047,208,8,11106472.0,1388309.0,21,2023-11-17,2023,11,4,Engage Dot-Com E-Commerce,Furniture,Premium,Châu Đặng
634,589,120,2,493502.0,246751.0,181,2024-08-02,2024,8,3,Generate Collaborative Action-Items,Furniture,Mid,
635,1683,273,15,22617075.0,1507805.0,353,2024-05-09,2024,5,2,Evolve Enterprise Experiences,Food,Premium,
636,514,222,11,39846466.0,3622406.0,159,2024-01-21,2024,1,1,Enable Customized Architectures,Furniture,Luxury,
637,1185,41,1,4720662.0,4720662.0,291,2023-11-04,2023,11,4,Harness Compelling Partnerships,Books,Luxury,
638,1282,274,2,7506702.0,3753351.0,360,2023-02-06,2023,2,1,Grow Cutting-Edge Technologies,Sports,Luxury,Chị Nhật Bùi
639,557,235,5,24232180.0,4846436.0,274,2023-11-24,2023,11,4,Mesh Proactive Relationships,Clothing,Luxury,
640,490,257,17,12607999.0,741647.0,293,2024-01-02,2024,1,1,Embrace Intuitive E-Commerce,Electronics,Premium,Lâm Nguyễn
641,1574,116,5,14496830.0,2899366.0,383,2023-12-13,2023,12,4,Cultivate 24/7 Communities,Sports,Luxury,Ngọc Mai
642,1439,244,10,33790110.0,3379011.0,402,2024-06-18,2024,6,2,Generate Holistic E-Commerce,Electronics,Luxury,
643,1740,34,20,28841200.0,1442060.0,15,2023-05-26,2023,5,2,Monetize Back-End Content,Clothing,Premium,Hoàng Hoàng
644,863,52,8,13936880.0,1742110.0,95,2024-05-30,2024,5,2,Re-Contextualize Dynamic Experiences,Clothing,Premium,Nhật Vũ
645,721,34,13,18746780.0,1442060.0,175,2023-06-08,2023,6,2,Monetize Back-End Content,Clothing,Premium,Anh Phúc Lê
646,1263,24,12,19123944.0,1593662.0,12,2024-06-23,2024,6,2,Optimize Open-Source Infrastructures,Furniture,Premium,
647,795,97,17,74612558.0,4388974.0,236,2023-11-09,2023,11,4,Drive Strategic Convergence,Electronics,Luxury,
648,1120,216,8,36351792.0,4543974.0,494,2023-02-05,2023,2,1,Whiteboard Killer Convergence,Clothing,Luxury,Chi Nguyễn
649,1555,143,14,11863544.0,847396.0,281,2023-10-19,2023,10,4,Facilitate Granular Channels,Electronics,Premium,
650,1567,298,12,32617680.0,2718140.0,361,2024-05-02,2024,5,2,Redefine Wireless Portals,Clothing,Luxury,
651,1982,48,18,46271070.0,2570615.0,118,2023-07-19,2023,7,3,Scale Global E-Tailers,Clothing,Luxury,Tùng Mai Mai
652,370,119,11,7535231.0,685021.0,243,2024-08-08,2024,8,3,Unleash Holistic Solutions,Electronics,Premium,Bà Vân Phạm
653,1626,257,16,11866352.0,741647.0,451,2024-05-30,2024,5,2,Embrace Intuitive E-Commerce,Electronics,Premium,
654,838,222,3,10867218.0,3622406.0,403,2023-12-16,2023,12,4,Enable Customized Architectures,Furniture,Luxury,
655,1491,218,2,7918496.0,3959248.0,453,2024-10-27,2024,10,4,Target Impactful Deliverables,Books,Luxury,Kim Dương
656,1363,108,8,32040832.0,4005104.0,39,2024-07-08,2024,7,3,Generate Value-Added Convergence,Clothing,Luxury,
657,349,63,5,11526150.0,2305230.0,382,2023-01-27,2023,1,1,Seize Web-Enabled Solutions,Electronics,Luxury,
658,1476,150,16,70233744.0,4389609.0,2,2024-04-11,2024,4,2,Drive Collaborative Communities,Electronics,Luxury,Quý cô Kim Phạm
659,1547,162,17,73666712.0,4333336.0,340,2023-10-29,2023,10,4,Syndicate Best-Of-Breed Communities,Electronics,Luxury,
660,1641,64,15,40770435.0,2718029.0,302,2024-10-31,2024,10,4,Unleash End-To-End Methodologies,Furniture,Luxury,Tú Mai
661,529,12,2,3523352.0,1761676.0,426,2024-10-19,2024,10,4,Synthesize Cross-Platform Applications,Sports,Premium,
662,1959,59,13,21849451.0,1680727.0,121,2024-05-13,2024,5,2,Re-Intermediate Synergistic Convergence,Books,Premium,
663,943,16,9,10467108.0,1163012.0,193,2024-05-19,2024,5,2,Streamline Killer Relationships,Sports,Premium,Nhật Phạm
664,1025,31,6,4721190.0,786865.0,419,2024-04-14,2024,4,2,Expedite Transparent Niches,Clothing,Premium,
665,1436,81,16,2919856.0,182491.0,355,2023-02-25,2023,2,1,Incentivize Frictionless Experiences,Clothing,Mid,Cô Bảo Đặng
666,1666,5,2,3943100.0,1971550.0,147,2024-07-08,2024,7,3,Redefine 24/365 Architectures,Books,Premium,Hà Hải Dương
667,211,183,13,10164427.0,781879.0,42,2024-08-20,2024,8,3,Seize Innovative Methodologies,Electronics,Premium,Anh Bảo Nguyễn
668,1802,5,10,19715500.0,1971550.0,118,2023-05-26,2023,5,2,Redefine 24/365 Architectures,Books,Premium,Tùng Mai Mai
669,536,39,14,42670642.0,3047903.0,482,2023-04-04,2023,4,2,Monetize World-Class Deliverables,Sports,Luxury,Bảo Đức Phạm
670,1981,149,18,57545226.0,3196957.0,246,2023-11-12,2023,11,4,Incubate Collaborative Vortals,Books,Luxury,
671,530,283,15,11649570.0,776638.0,57,2023-05-05,2023,5,2,Evolve Cross-Platform Mindshare,Food,Premium,Hoàng Hoàng
672,436,67,10,47584510.0,4758451.0,378,2024-10-10,2024,10,4,Disintermediate Cutting-Edge Roi,Furniture,Luxury,
673,1025,94,16,5177088.0,323568.0,419,2024-04-14,2024,4,2,Morph Web-Enabled Convergence,Electronics,Mid,
674,1832,61,9,37522962.0,4169218.0,40,2024-08-05,2024,8,3,Synthesize Seamless Paradigms,Books,Luxury,
675,152,90,5,7628070.0,1525614.0,151,2024-07-27,2024,7,3,Drive Collaborative Experiences,Electronics,Premium,
676,1287,35,6,15501198.0,2583533.0,207,2024-04-12,2024,4,2,Syndicate Compelling Web Services,Books,Luxury,
677,57,26,20,56100780.0,2805039.0,21,2023-08-18,2023,8,3,Maximize Holistic E-Business,Food,Luxury,Châu Đặng
678,606,92,8,9435880.0,1179485.0,362,2024-10-12,2024,10,4,Unleash Innovative E-Business,Furniture,Premium,Cô Ánh Lê
679,1374,113,11,28292209.0,2572019.0,144,2023-06-27,2023,6,2,Brand Mission-Critical Niches,Books,Luxury,
680,1119,291,16,3645040.0,227815.0,360,2024-04-14,2024,4,2,Extend Value-Added Info-Mediaries,Food,Mid,Chị Nhật Bùi
681,1573,111,7,5002830.0,714690.0,298,2023-08-10,2023,8,3,Optimize Dynamic Web Services,Books,Premium,Hưng Vũ
682,1397,68,14,45240468.0,3231462.0,40,2023-03-29,2023,3,1,Matrix Customized Platforms,Furniture,Luxury,
683,1848,217,2,5307312.0,2653656.0,464,2023-01-31,2023,1,1,Deliver Wireless Metrics,Clothing,Luxury,Hạnh Phạm
684,789,131,4,5368428.0,1342107.0,21,2023-06-20,2023,6,2,Harness B2B Portals,Clothing,Premium,Châu Đặng
685,339,181,16,70199728.0,4387483.0,126,2024-03-17,2024,3,1,Orchestrate End-To-End Markets,Electronics,Luxury,Quý cô Khoa Vũ
686,1841,196,6,9416370.0,1569395.0,279,2023-10-30,2023,10,4,Repurpose Innovative E-Services,Electronics,Premium,Kim Phú Bùi
687,1076,179,10,34908430.0,3490843.0,320,2023-04-21,2023,4,2,Streamline Value-Added Schemas,Food,Luxury,Hương Dương
688,310,202,19,41901308.0,2205332.0,21,2024-06-06,2024,6,2,Strategize Revolutionary E-Markets,Sports,Luxury,Châu Đặng
689,1278,28,2,7635504.0,3817752.0,28,2024-05-17,2024,5,2,Cultivate Dot-Com Deliverables,Books,Luxury,
690,1889,249,10,31224920.0,3122492.0,377,2024-01-14,2024,1,1,Syndicate E-Business Systems,Clothing,Luxury,Bà Ánh Nguyễn
691,384,221,18,30516390.0,1695355.0,418,2024-10-22,2024,10,4,Innovate Scalable Action-Items,Furniture,Premium,
692,1647,85,8,8724768.0,1090596.0,89,2024-08-14,2024,8,3,Benchmark Cutting-Edge Mindshare,Furniture,Premium,Nhật Hải Trần
693,895,223,19,9589889.0,504731.0,26,2023-08-24,2023,8,3,Revolutionize Out-Of-The-Box Action-Items,Clothing,Premium,
694,495,108,12,48061248.0,4005104.0,234,2024-10-28,2024,10,4,Generate Value-Added Convergence,Clothing,Luxury,Chị Xuân Đặng
695,1158,28,20,76355040.0,3817752.0,154,2023-07-13,2023,7,3,Cultivate Dot-Com Deliverables,Books,Luxury,
696,152,89,7,5508573.0,786939.0,151,2024-07-27,2024,7,3,Facilitate Rich Paradigms,Sports,Premium,
697,560,56,7,27845342.0,3977906.0,119,2023-09-01,2023,9,3,Grow Open-Source Applications,Sports,Luxury,Thành Bảo Trần
698,851,299,12,19677924.0,1639827.0,17,2023-08-17,2023,8,3,Streamline Rich Communities,Clothing,Premium,
699,1528,173,18,34184556.0,1899142.0,266,2023-11-09,2023,11,4,Utilize User-Centric E-Markets,Furniture,Premium,Cô Ánh Trần
700,428,92,5,5897425.0,1179485.0,155,2024-05-22,2024,5,2,Unleash Innovative E-Business,Furniture,Premium,
701,1627,102,7,17725176.0,2532168.0,138,2024-09-12,2024,9,3,Strategize Customized Schemas,Food,Luxury,Dương Hoàng
702,899,233,9,19028160.0,2114240.0,95,2023-12-27,2023,12,4,Monetize Cross-Media Users,Books,Luxury,Nhật Vũ
703,774,260,8,8986384.0,1123298.0,336,2023-09-06,2023,9,3,Revolutionize Frictionless Web Services,Clothing,Premium,
704,1654,78,20,96701660.0,4835083.0,248,2023-11-15,2023,11,4,Leverage Visionary Experiences,Clothing,Luxury,Bảo Mai Bùi
705,1897,53,10,39191950.0,3919195.0,491,2024-11-09,2024,11,4,Leverage Ubiquitous Architectures,Food,Luxury,
706,807,240,11,47163523.0,4287593.0,82,2024-11-27,2024,11,4,Streamline Extensible E-Commerce,Electronics,Luxury,Bác Quang Đặng
707,325,193,8,17555552.0,2194444.0,36,2023-05-01,2023,5,2,Disintermediate Bricks-And-Clicks Partnerships,Food,Luxury,Cô Nhật Trần
708,1947,54,5,9881995.0,1976399.0,303,2024-09-19,2024,9,3,Benchmark Killer Paradigms,Clothing,Premium,Khoa Phú Hoàng
709,853,220,6,23145864.0,3857644.0,268,2024-08-21,2024,8,3,Generate Killer Mindshare,Sports,Luxury,Khoa Bùi
710,1820,95,8,27607784.0,3450973.0,26,2024-06-30,2024,6,2,Optimize Customized E-Commerce,Clothing,Luxury,
711,1468,106,15,10366500.0,691100.0,118,2024-01-12,2024,1,1,Streamline Turn-Key E-Commerce,Furniture,Premium,Tùng Mai Mai
712,457,260,14,15726172.0,1123298.0,231,2024-11-14,2024,11,4,Revolutionize Frictionless Web Services,Clothing,Premium,Hạnh Phạm
713,1677,127,16,47280640.0,2955040.0,4,2024-11-09,2024,11,4,Extend Magnetic Schemas,Furniture,Luxury,Khoa Lê
714,1820,223,2,1009462.0,504731.0,26,2024-06-30,2024,6,2,Revolutionize Out-Of-The-Box Action-Items,Clothing,Premium,
715,1426,48,2,5141230.0,2570615.0,264,2023-03-03,2023,3,1,Scale Global E-Tailers,Clothing,Luxury,Nhật Đức Mai
716,694,286,15,66625185.0,4441679.0,88,2024-09-14,2024,9,3,Transform Dynamic Models,Clothing,Luxury,
717,1922,295,18,38005110.0,2111395.0,348,2024-09-08,2024,9,3,Evolve Value-Added Users,Electronics,Luxury,Bà Hà Nguyễn
718,40,2,3,7457028.0,2485676.0,390,2023-09-18,2023,9,3,Re-Intermediate Mission-Critical Functionalities,Books,Luxury,Khoa Hoàng
719,907,67,16,76135216.0,4758451.0,410,2023-07-12,2023,7,3,Disintermediate Cutting-Edge Roi,Furniture,Luxury,Quý cô Thành Bùi
720,748,57,20,30734360.0,1536718.0,439,2023-04-28,2023,4,2,Harness Sticky Web-Readiness,Food,Premium,
721,642,268,13,43169659.0,3320743.0,271,2023-01-22,2023,1,1,Reinvent One-To-One Synergies,Furniture,Luxury,Hạnh Phú Vũ
722,1568,245,2,8830146.0,4415073.0,27,2023-03-26,2023,3,1,Deploy Web-Enabled Convergence,Books,Luxury,
723,1122,2,18,44742168.0,2485676.0,243,2023-01-12,2023,1,1,Re-Intermediate Mission-Critical Functionalities,Books,Luxury,Bà Vân Phạm
724,919,23,3,3636003.0,1212001.0,184,2024-04-28,2024,4,2,Morph World-Class E-Markets,Furniture,Premium,Linh Vũ
725,1,131,2,2684214.0,1342107.0,244,2023-07-21,2023,7,3,Harness B2B Portals,Clothing,Premium,Hương Bùi
726,1667,11,4,2452052.0,613013.0,295,2023-08-02,2023,8,3,Envisioneer Cross-Media Paradigms,Food,Premium,
727,366,264,12,37550628.0,3129219.0,1,2023-12-03,2023,12,4,Scale 24/365 Users,Clothing,Luxury,
728,477,235,19,92082284.0,4846436.0,209,2023-02-11,2023,2,1,Mesh Proactive Relationships,Clothing,Luxury,Hải Phú Hoàng
729,341,103,6,26187846.0,4364641.0,108,2023-01-05,2023,1,1,Strategize Web-Enabled Action-Items,Sports,Luxury,
730,173,71,17,82553785.0,4856105.0,363,2024-11-28,2024,11,4,Maximize Virtual Users,Electronics,Luxury,Bác Trung Hoàng
731,1463,278,7,32463711.0,4637673.0,65,2023-09-25,2023,9,3,Productize Dot-Com Deliverables,Furniture,Luxury,
732,991,101,9,32470146.0,3607794.0,493,2023-12-08,2023,12,4,Extend Customized E-Tailers,Books,Luxury,Châu Bùi
733,1085,254,18,85804344.0,4766908.0,240,2024-01-14,2024,1,1,Syndicate Distributed E-Business,Sports,Luxury,Phúc Trí Dương
734,1057,187,3,10707384.0,3569128.0,247,2024-10-20,2024,10,4,Maximize Bleeding-Edge Bandwidth,Furniture,Luxury,Nhật Phạm
735,1611,240,20,85751860.0,4287593.0,22,2024-11-06,2024,11,4,Streamline Extensible E-Commerce,Electronics,Luxury,
736,925,169,16,37883744.0,2367734.0,387,2023-12-17,2023,12,4,Cultivate Scalable Applications,Books,Luxury,Anh Mai
737,1744,46,15,72610170.0,4840678.0,136,2023-11-15,2023,11,4,Syndicate Dynamic E-Commerce,Electronics,Luxury,Bà Linh Mai
738,1093,255,15,35648145.0,2376543.0,489,2023-06-03,2023,6,2,Brand Distributed Models,Books,Luxury,
739,1311,300,6,18859656.0,3143276.0,215,2024-08-15,2024,8,3,E-Enable B2B Initiatives,Electronics,Luxury,
740,846,166,11,30695445.0,2790495.0,91,2024-12-24,2024,12,4,Seize Virtual Vortals,Food,Luxury,
741,220,18,13,26248105.0,2019085.0,140,2024-02-16,2024,2,1,Empower Dot-Com Applications,Food,Luxury,
742,1457,125,1,2953248.0,2953248.0,423,2023-07-12,2023,7,3,Morph Holistic Interfaces,Clothing,Luxury,Chị Nhật Trần
743,301,139,10,27331160.0,2733116.0,500,2024-08-29,2024,8,3,Architect Innovative Systems,Electronics,Luxury,Phương Dương
744,1201,13,12,48625860.0,4052155.0,162,2023-12-06,2023,12,4,Aggregate Robust E-Services,Clothing,Luxury,Dũng Mai
745,830,83,14,17414684.0,1243906.0,150,2024-07-18,2024,7,3,Unleash Viral Paradigms,Clothing,Premium,
746,1913,53,6,23515170.0,3919195.0,418,2023-03-16,2023,3,1,Leverage Ubiquitous Architectures,Food,Luxury,
747,1202,278,7,32463711.0,4637673.0,131,2023-05-11,2023,5,2,Productize Dot-Com Deliverables,Furniture,Luxury,Chị Lan Dương
748,470,82,13,62837281.0,4833637.0,479,2023-03-02,2023,3,1,Extend 24/365 Web Services,Electronics,Luxury,Anh Dũng Dương
749,1646,297,16,37528576.0,2345536.0,207,2024-08-03,2024,8,3,Incentivize Leading-Edge Bandwidth,Electronics,Luxury,
750,1742,83,13,16170778.0,1243906.0,56,2024-10-11,2024,10,4,Unleash Viral Paradigms,Clothing,Premium,
751,1448,178,8,37197136.0,4649642.0,398,2023-03-28,2023,3,1,Whiteboard Next-Generation Platforms,Electronics,Luxury,Ông Quang Vũ
752,1573,126,12,37361040.0,3113420.0,298,2023-08-10,2023,8,3,Enable Impactful Communities,Electronics,Luxury,Hưng Vũ
753,1681,70,17,41730393.0,2454729.0,238,2024-03-27,2024,3,1,Utilize Next-Generation Schemas,Food,Luxury,Trọng Văn Nguyễn
754,1856,243,1,1815935.0,1815935.0,231,2023-01-18,2023,1,1,Streamline Turn-Key Supply-Chains,Electronics,Premium,Hạnh Phạm
755,1152,3,11,28529523.0,2593593.0,122,2024-06-30,2024,6,2,Cultivate Rich Schemas,Electronics,Luxury,
756,905,296,7,8334179.0,1190597.0,423,2023-09-22,2023,9,3,Target Proactive Relationships,Clothing,Premium,Chị Nhật Trần
757,1779,8,16,78664368.0,4916523.0,317,2024-12-27,2024,12,4,Extend Interactive Web-Readiness,Books,Luxury,Ông Quang Hoàng
758,74,151,11,30219618.0,2747238.0,430,2024-05-07,2024,5,2,Synthesize Distributed Systems,Clothing,Luxury,Phương Văn Nguyễn
759,1451,9,16,41085600.0,2567850.0,348,2024-04-27,2024,4,2,Whiteboard Virtual Channels,Furniture,Luxury,Bà Hà Nguyễn
760,197,239,9,31219983.0,3468887.0,428,2023-10-01,2023,10,4,Cultivate Interactive E-Tailers,Furniture,Luxury,
761,1516,125,10,29532480.0,2953248.0,78,2024-07-07,2024,7,3,Morph Holistic Interfaces,Clothing,Luxury,Nhật Mai Bảo Phạm
762,956,273,16,24124880.0,1507805.0,447,2024-10-18,2024,10,4,Evolve Enterprise Experiences,Food,Premium,Chị Linh Hoàng
763,498,209,1,495069.0,495069.0,349,2023-01-08,2023,1,1,Evolve Visionary Content,Food,Mid,Phúc Lê
764,1443,284,4,9765396.0,2441349.0,37,2024-05-12,2024,5,2,Re-Intermediate Mission-Critical E-Markets,Sports,Luxury,
765,526,60,20,44945340.0,2247267.0,340,2023-03-04,2023,3,1,Drive Mission-Critical Web-Readiness,Sports,Luxury,
766,1743,226,9,21226509.0,2358501.0,213,2024-10-06,2024,10,4,Evolve Rich Experiences,Electronics,Luxury,
767,398,93,9,8000694.0,888966.0,187,2023-06-05,2023,6,2,Implement 24/365 Systems,Clothing,Premium,Minh Bùi
768,260,117,5,3715650.0,743130.0,169,2024-07-06,2024,7,3,Incubate Innovative Vortals,Electronics,Premium,Cô An Vũ
769,180,31,17,13376705.0,786865.0,391,2024-09-19,2024,9,3,Expedite Transparent Niches,Clothing,Premium,
770,1996,285,5,277175.0,55435.0,156,2023-03-23,2023,3,1,Scale E-Business Web-Readiness,Clothing,Budget,Bảo Văn Bùi
771,405,32,3,11955837.0,3985279.0,385,2024-11-19,2024,11,4,Iterate Intuitive Networks,Clothing,Luxury,Hà Mai
772,1449,176,4,1376796.0,344199.0,94,2024-05-08,2024,5,2,Synergize Integrated Convergence,Furniture,Mid,Kim Lê
773,611,135,19,12501677.0,657983.0,54,2024-10-03,2024,10,4,Engage Bricks-And-Clicks E-Markets,Furniture,Premium,Quý cô Hạnh Phạm
774,157,50,3,7681122.0,2560374.0,86,2024-03-09,2024,3,1,Visualize One-To-One E-Business,Books,Luxury,Bác Quang Bùi
775,645,90,20,30512280.0,1525614.0,202,2023-05-15,2023,5,2,Drive Collaborative Experiences,Electronics,Premium,
776,1890,217,4,10614624.0,2653656.0,157,2023-11-22,2023,11,4,Deliver Wireless Metrics,Clothing,Luxury,Vũ Hoàng
777,107,182,7,6166503.0,880929.0,167,2024-05-13,2024,5,2,Brand Rich Action-Items,Books,Premium,Hải Đặng
778,1065,122,11,49440028.0,4494548.0,35,2024-03-05,2024,3,1,Empower Robust Relationships,Books,Luxury,Khoa Trần
779,65,174,16,38761440.0,2422590.0,445,2023-12-18,2023,12,4,Expedite Sticky Users,Food,Luxury,Ánh Lê
780,713,152,4,14609300.0,3652325.0,319,2023-07-13,2023,7,3,Repurpose Open-Source Paradigms,Sports,Luxury,
781,877,233,15,31713600.0,2114240.0,253,2024-12-19,2024,12,4,Monetize Cross-Media Users,Books,Luxury,Bác Hưng Hoàng
782,1159,159,13,15088814.0,1160678.0,254,2024-11-28,2024,11,4,Productize User-Centric Portals,Clothing,Premium,
783,1462,11,7,4291091.0,613013.0,128,2023-04-08,2023,4,2,Envisioneer Cross-Media Paradigms,Food,Premium,Cô Yến Bùi
784,316,213,14,31711792.0,2265128.0,22,2024-06-19,2024,6,2,Repurpose Cutting-Edge Interfaces,Sports,Luxury,
785,1856,296,6,7143582.0,1190597.0,231,2023-01-18,2023,1,1,Target Proactive Relationships,Clothing,Premium,Hạnh Phạm
786,479,161,7,16428377.0,2346911.0,137,2024-07-20,2024,7,3,Innovate Proactive Web-Readiness,Books,Luxury,Quý cô Linh Lê
787,1344,6,20,55293480.0,2764674.0,103,2024-05-01,2024,5,2,Whiteboard Impactful Networks,Furniture,Luxury,
788,1449,70,1,2454729.0,2454729.0,94,2024-05-08,2024,5,2,Utilize Next-Generation Schemas,Food,Luxury,Kim Lê
789,1853,113,16,41152304.0,2572019.0,298,2024-01-10,2024,1,1,Brand Mission-Critical Niches,Books,Luxury,Hưng Vũ
790,1241,198,6,5860278.0,976713.0,122,2023-02-06,2023,2,1,Orchestrate Leading-Edge Schemas,Sports,Premium,
791,1189,299,7,11478789.0,1639827.0,56,2023-12-28,2023,12,4,Streamline Rich Communities,Clothing,Premium,
792,1633,202,2,4410664.0,2205332.0,407,2024-10-01,2024,10,4,Strategize Revolutionary E-Markets,Sports,Luxury,
793,313,75,18,60679818.0,3371101.0,89,2024-03-18,2024,3,1,Maximize Cutting-Edge Paradigms,Electronics,Luxury,Nhật Hải Trần
794,374,25,17,30850852.0,1814756.0,465,2024-11-09,2024,11,4,Reinvent Scalable Eyeballs,Electronics,Premium,
795,1641,295,7,14779765.0,2111395.0,302,2024-10-31,2024,10,4,Evolve Value-Added Users,Electronics,Luxury,Tú Mai
796,542,97,12,52667688.0,4388974.0,111,2023-01-13,2023,1,1,Drive Strategic Convergence,Electronics,Luxury,Duyên Bùi
797,1406,226,11,25943511.0,2358501.0,261,2024-06-12,2024,6,2,Evolve Rich Experiences,Electronics,Luxury,Chị Thảo Đặng
798,375,44,13,4388124.0,337548.0,250,2023-09-04,2023,9,3,Harness User-Centric Bandwidth,Electronics,Mid,Quý ông Nam Nguyễn
799,636,275,5,15635405.0,3127081.0,152,2023-09-27,2023,9,3,Deliver Frictionless Niches,Electronics,Luxury,Lâm Thế Hoàng
800,245,116,2,5798732.0,2899366.0,433,2024-08-26,2024,8,3,Cultivate 24/7 Communities,Sports,Luxury,Cô Mai Trần
801,1716,269,10,38136320.0,3813632.0,34,2024-06-26,2024,6,2,Unleash Plug-And-Play Markets,Clothing,Luxury,Phúc Hoàng
802,1041,160,18,37408284.0,2078238.0,238,2024-04-01,2024,4,2,Engage Collaborative Bandwidth,Furniture,Luxury,Trọng Văn Nguyễn
803,882,99,16,41974784.0,2623424.0,166,2023-04-26,2023,4,2,Synthesize Enterprise Synergies,Clothing,Luxury,Khoa Phú Hoàng
804,1535,39,13,39622739.0,3047903.0,166,2024-09-16,2024,9,3,Monetize World-Class Deliverables,Sports,Luxury,Khoa Phú Hoàng
805,262,72,16,50859072.0,3178692.0,87,2024-10-23,2024,10,4,Strategize Clicks-And-Mortar Methodologies,Books,Luxury,Anh Hoàng Hoàng
806,1922,261,14,26657036.0,1904074.0,348,2024-09-08,2024,9,3,Exploit Back-End Markets,Sports,Premium,Bà Hà Nguyễn
807,1347,210,17,9810241.0,577073.0,369,2023-12-28,2023,12,4,Maximize Robust Convergence,Electronics,Premium,Trung Đức Đặng
808,841,232,13,29536312.0,2272024.0,122,2024-10-23,2024,10,4,Brand Viral Roi,Clothing,Luxury,
809,1116,162,2,8666672.0,4333336.0,473,2023-01-30,2023,1,1,Syndicate Best-Of-Breed Communities,Electronics,Luxury,Nhật Phú Trần
810,446,101,19,68548086.0,3607794.0,195,2023-04-07,2023,4,2,Extend Customized E-Tailers,Books,Luxury,
811,1436,105,17,37927714.0,2231042.0,355,2023-02-25,2023,2,1,Streamline E-Business Convergence,Furniture,Luxury,Cô Bảo Đặng
812,1589,17,2,7035352.0,3517676.0,91,2024-01-26,2024,1,1,Exploit Holistic Info-Mediaries,Electronics,Luxury,
813,1261,297,11,25800896.0,2345536.0,320,2024-05-03,2024,5,2,Incentivize Leading-Edge Bandwidth,Electronics,Luxury,Hương Dương
814,1811,31,9,7081785.0,786865.0,155,2024-06-07,2024,6,2,Expedite Transparent Niches,Clothing,Premium,
815,1210,222,15,54336090.0,3622406.0,287,2024-04-21,2024,4,2,Enable Customized Architectures,Furniture,Luxury,Quý cô Khoa Bùi
816,1034,177,2,918944.0,459472.0,311,2023-04-23,2023,4,2,Strategize Back-End Synergies,Sports,Mid,
817,1243,275,12,37524972.0,3127081.0,270,2024-12-01,2024,12,4,Deliver Frictionless Niches,Electronics,Luxury,
818,1516,175,9,9616986.0,1068554.0,78,2024-07-07,2024,7,3,Engage Robust Initiatives,Electronics,Premium,Nhật Mai Bảo Phạm
819,1564,208,16,22212944.0,1388309.0,67,2024-07-06,2024,7,3,Engage Dot-Com E-Commerce,Furniture,Premium,
820,495,122,3,13483644.0,4494548.0,234,2024-10-28,2024,10,4,Empower Robust Relationships,Books,Luxury,Chị Xuân Đặng
821,1754,195,17,37977541.0,2233973.0,498,2024-11-14,2024,11,4,Leverage World-Class Vortals,Food,Luxury,
822,26,287,4,2055168.0,513792.0,264,2023-07-25,2023,7,3,Utilize Back-End Interfaces,Furniture,Premium,Nhật Đức Mai
823,1299,261,5,9520370.0,1904074.0,121,2024-01-22,2024,1,1,Exploit Back-End Markets,Sports,Premium,
824,193,255,7,16635801.0,2376543.0,184,2023-03-17,2023,3,1,Brand Distributed Models,Books,Luxury,Linh Vũ
825,272,199,3,11638638.0,3879546.0,349,2023-02-13,2023,2,1,Utilize Impactful Deliverables,Clothing,Luxury,Phúc Lê
826,1442,213,11,24916408.0,2265128.0,18,2024-03-01,2024,3,1,Repurpose Cutting-Edge Interfaces,Sports,Luxury,
827,1619,12,7,12331732.0,1761676.0,266,2024-06-07,2024,6,2,Synthesize Cross-Platform Applications,Sports,Premium,Cô Ánh Trần
828,1682,254,5,23834540.0,4766908.0,356,2024-02-05,2024,2,1,Syndicate Distributed E-Business,Sports,Luxury,Thảo Bùi
829,707,264,12,37550628.0,3129219.0,265,2023-05-05,2023,5,2,Scale 24/365 Users,Clothing,Luxury,
830,372,128,13,34671377.0,2667029.0,26,2023-04-11,2023,4,2,Seize Value-Added Bandwidth,Sports,Luxury,
831,1070,44,7,2362836.0,337548.0,45,2024-09-06,2024,9,3,Harness User-Centric Bandwidth,Electronics,Mid,
832,123,277,8,33380872.0,4172609.0,455,2023-10-27,2023,10,4,Maximize Dynamic Content,Clothing,Luxury,Hoàng Hữu Trần
833,539,40,12,21444720.0,1787060.0,402,2023-10-09,2023,10,4,Facilitate Distributed Markets,Books,Premium,
834,117,195,2,4467946.0,2233973.0,428,2023-04-05,2023,4,2,Leverage World-Class Vortals,Food,Luxury,
835,540,123,14,1662766.0,118769.0,41,2023-12-09,2023,12,4,Utilize Open-Source Mindshare,Books,Mid,Phương Đức Mai
836,21,296,11,13096567.0,1190597.0,2,2023-06-25,2023,6,2,Target Proactive Relationships,Clothing,Premium,Quý cô Kim Phạm
837,501,72,5,15893460.0,3178692.0,240,2023-08-01,2023,8,3,Strategize Clicks-And-Mortar Methodologies,Books,Luxury,Phúc Trí Dương
838,71,113,9,23148171.0,2572019.0,184,2024-06-14,2024,6,2,Brand Mission-Critical Niches,Books,Luxury,Linh Vũ
839,1807,75,18,60679818.0,3371101.0,427,2023-04-28,2023,4,2,Maximize Cutting-Edge Paradigms,Electronics,Luxury,
840,188,218,14,55429472.0,3959248.0,134,2024-02-09,2024,2,1,Target Impactful Deliverables,Books,Luxury,
841,1910,198,19,18557547.0,976713.0,191,2023-08-05,2023,8,3,Orchestrate Leading-Edge Schemas,Sports,Premium,Hải Hữu Phạm
842,679,256,16,25679648.0,1604978.0,292,2023-08-16,2023,8,3,Incentivize Customized E-Services,Clothing,Premium,
843,1815,298,9,24463260.0,2718140.0,168,2024-10-10,2024,10,4,Redefine Wireless Portals,Clothing,Luxury,Bác Hưng Lê
844,1750,291,12,2733780.0,227815.0,116,2024-01-07,2024,1,1,Extend Value-Added Info-Mediaries,Food,Mid,Anh Bảo Bùi
845,902,250,11,9877032.0,897912.0,387,2024-07-13,2024,7,3,Productize Magnetic Functionalities,Furniture,Premium,Anh Mai
846,1361,241,9,27447147.0,3049683.0,232,2024-04-03,2024,4,2,Drive One-To-One Portals,Food,Luxury,Phương Dương
847,914,45,14,1059114.0,75651.0,423,2024-10-29,2024,10,4,Morph 24/7 E-Business,Sports,Budget,Chị Nhật Trần
848,1048,116,6,17396196.0,2899366.0,490,2024-02-10,2024,2,1,Cultivate 24/7 Communities,Sports,Luxury,Chị An Phạm
849,951,176,20,6883980.0,344199.0,376,2023-12-18,2023,12,4,Synergize Integrated Convergence,Furniture,Mid,Xuân Phạm
850,1704,49,20,7701120.0,385056.0,416,2024-01-20,2024,1,1,Transition Impactful Info-Mediaries,Food,Mid,
851,995,110,4,10548400.0,2637100.0,87,2023-01-18,2023,1,1,Matrix 24/7 Metrics,Sports,Luxury,Anh Hoàng Hoàng
852,1076,250,9,8081208.0,897912.0,320,2023-04-21,2023,4,2,Productize Magnetic Functionalities,Furniture,Premium,Hương Dương
853,1495,206,6,27517140.0,4586190.0,166,2023-12-10,2023,12,4,Expedite Viral E-Services,Sports,Luxury,Khoa Phú Hoàng
854,225,67,4,19033804.0,4758451.0,384,2024-01-27,2024,1,1,Disintermediate Cutting-Edge Roi,Furniture,Luxury,
855,248,240,5,21437965.0,4287593.0,459,2024-08-23,2024,8,3,Streamline Extensible E-Commerce,Electronics,Luxury,Khoa Thế Phạm
856,971,19,11,13158519.0,1196229.0,127,2024-09-07,2024,9,3,Strategize B2B Partnerships,Clothing,Premium,Mai Bùi
857,1663,135,3,1973949.0,657983.0,225,2023-09-19,2023,9,3,Engage Bricks-And-Clicks E-Markets,Furniture,Premium,
858,1572,123,7,831383.0,118769.0,355,2023-03-03,2023,3,1,Utilize Open-Source Mindshare,Books,Mid,Cô Bảo Đặng
859,896,266,14,13937966.0,995569.0,425,2023-06-17,2023,6,2,Reinvent Mission-Critical Systems,Clothing,Premium,Linh Bùi
860,1342,114,11,6983317.0,634847.0,459,2024-06-21,2024,6,2,Whiteboard Enterprise Channels,Food,Premium,Khoa Thế Phạm
861,985,179,6,20945058.0,3490843.0,236,2023-01-13,2023,1,1,Streamline Value-Added Schemas,Food,Luxury,
862,1425,281,3,11218335.0,3739445.0,371,2024-04-22,2024,4,2,Strategize World-Class Content,Books,Luxury,Lâm Thị Vũ
863,821,206,14,64206660.0,4586190.0,202,2023-08-26,2023,8,3,Expedite Viral E-Services,Sports,Luxury,
864,187,292,2,5445056.0,2722528.0,194,2023-08-16,2023,8,3,Disintermediate Strategic E-Markets,Clothing,Luxury,An Văn Hoàng
865,593,174,12,29071080.0,2422590.0,76,2024-05-26,2024,5,2,Expedite Sticky Users,Food,Luxury,
866,465,146,3,9541488.0,3180496.0,20,2024-09-10,2024,9,3,Expedite 24/7 Portals,Sports,Luxury,Trung Phú Bùi
867,1901,85,7,7634172.0,1090596.0,377,2023-09-05,2023,9,3,Benchmark Cutting-Edge Mindshare,Furniture,Premium,Bà Ánh Nguyễn
868,220,210,20,11541460.0,577073.0,140,2024-02-16,2024,2,1,Maximize Robust Convergence,Electronics,Premium,
869,875,39,15,45718545.0,3047903.0,41,2024-03-16,2024,3,1,Monetize World-Class Deliverables,Sports,Luxury,Phương Đức Mai
870,1842,38,7,5441583.0,777369.0,443,2023-08-01,2023,8,3,Brand Clicks-And-Mortar Portals,Books,Premium,
871,980,63,8,18441840.0,2305230.0,220,2023-09-26,2023,9,3,Seize Web-Enabled Solutions,Electronics,Luxury,Cô Khoa Nguyễn
872,488,276,10,39456600.0,3945660.0,326,2024-07-07,2024,7,3,Scale Dot-Com Web Services,Electronics,Luxury,
873,967,254,11,52435988.0,4766908.0,196,2024-07-24,2024,7,3,Syndicate Distributed E-Business,Sports,Luxury,
874,1333,34,18,25957080.0,1442060.0,320,2023-03-09,2023,3,1,Monetize Back-End Content,Clothing,Premium,Hương Dương
875,1263,152,1,3652325.0,3652325.0,12,2024-06-23,2024,6,2,Repurpose Open-Source Paradigms,Sports,Luxury,
876,823,46,8,38725424.0,4840678.0,89,2023-11-04,2023,11,4,Syndicate Dynamic E-Commerce,Electronics,Luxury,Nhật Hải Trần
877,1425,101,15,54116910.0,3607794.0,371,2024-04-22,2024,4,2,Extend Customized E-Tailers,Books,Luxury,Lâm Thị Vũ
878,492,177,2,918944.0,459472.0,396,2023-11-20,2023,11,4,Strategize Back-End Synergies,Sports,Mid,Phúc Đức Trần
879,224,250,11,9877032.0,897912.0,146,2024-04-08,2024,4,2,Productize Magnetic Functionalities,Furniture,Premium,
880,1241,216,19,86335506.0,4543974.0,122,2023-02-06,2023,2,1,Whiteboard Killer Convergence,Clothing,Luxury,
881,1875,150,17,74623353.0,4389609.0,355,2024-07-13,2024,7,3,Drive Collaborative Communities,Electronics,Luxury,Cô Bảo Đặng
882,814,63,7,16136610.0,2305230.0,422,2024-07-31,2024,7,3,Seize Web-Enabled Solutions,Electronics,Luxury,Ông Nam Mai
883,707,71,20,97122100.0,4856105.0,265,2023-05-05,2023,5,2,Maximize Virtual Users,Electronics,Luxury,
884,169,35,11,28418863.0,2583533.0,325,2024-10-24,2024,10,4,Syndicate Compelling Web Services,Books,Luxury,Phúc Vũ
885,1595,143,18,15253128.0,847396.0,262,2024-02-21,2024,2,1,Facilitate Granular Channels,Electronics,Premium,
886,138,118,9,6042393.0,671377.0,112,2024-09-11,2024,9,3,Incentivize Seamless Technologies,Electronics,Premium,Nhật Trần
887,865,163,14,9846508.0,703322.0,208,2023-09-10,2023,9,3,Disintermediate Viral Convergence,Electronics,Premium,Ngọc Bùi
888,259,8,20,98330460.0,4916523.0,153,2023-03-05,2023,3,1,Extend Interactive Web-Readiness,Books,Luxury,Bảo Hoàng
889,756,3,17,44091081.0,2593593.0,454,2024-05-29,2024,5,2,Cultivate Rich Schemas,Electronics,Luxury,
890,877,197,19,74110089.0,3900531.0,253,2024-12-19,2024,12,4,Scale Plug-And-Play E-Services,Electronics,Luxury,Bác Hưng Hoàng
891,159,94,20,6471360.0,323568.0,252,2023-03-01,2023,3,1,Morph Web-Enabled Convergence,Electronics,Mid,
892,1883,192,16,63899888.0,3993743.0,79,2024-01-04,2024,1,1,Re-Contextualize Open-Source Applications,Books,Luxury,
893,1157,299,8,13118616.0,1639827.0,18,2024-01-12,2024,1,1,Streamline Rich Communities,Clothing,Premium,
894,631,150,4,17558436.0,4389609.0,478,2024-03-19,2024,3,1,Drive Collaborative Communities,Electronics,Luxury,
895,1456,103,4,17458564.0,4364641.0,486,2023-04-19,2023,4,2,Strategize Web-Enabled Action-Items,Sports,Luxury,Ông Hưng Mai
896,1682,22,19,33405629.0,1758191.0,356,2024-02-05,2024,2,1,Orchestrate Holistic Interfaces,Furniture,Premium,Thảo Bùi
897,1783,288,2,4189758.0,2094879.0,34,2024-01-04,2024,1,1,Cultivate 24/365 E-Services,Sports,Luxury,Phúc Hoàng
898,125,269,16,61018112.0,3813632.0,214,2023-12-10,2023,12,4,Unleash Plug-And-Play Markets,Clothing,Luxury,
899,494,113,12,30864228.0,2572019.0,155,2023-12-18,2023,12,4,Brand Mission-Critical Niches,Books,Luxury,
900,1438,267,7,34382775.0,4911825.0,243,2024-12-31,2024,12,4,Drive Wireless Models,Clothing,Luxury,Bà Vân Phạm
901,1422,141,1,3236589.0,3236589.0,206,2024-09-07,2024,9,3,Innovate Vertical Markets,Electronics,Luxury,Quang Bùi
902,1001,100,13,34260005.0,2635385.0,357,2023-01-05,2023,1,1,Unleash Magnetic Action-Items,Clothing,Luxury,
903,277,75,14,47195414.0,3371101.0,143,2023-03-03,2023,3,1,Maximize Cutting-Edge Paradigms,Electronics,Luxury,
904,135,46,8,38725424.0,4840678.0,40,2023-06-27,2023,6,2,Syndicate Dynamic E-Commerce,Electronics,Luxury,
905,841,172,13,48144694.0,3703438.0,122,2024-10-23,2024,10,4,Seize Virtual Functionalities,Sports,Luxury,
906,400,127,13,38415520.0,2955040.0,47,2023-01-27,2023,1,1,Extend Magnetic Schemas,Furniture,Luxury,Tú Dương
907,1098,45,8,605208.0,75651.0,293,2023-09-21,2023,9,3,Morph 24/7 E-Business,Sports,Budget,Lâm Nguyễn
908,899,164,12,59523696.0,4960308.0,95,2023-12-27,2023,12,4,Enable Distributed Partnerships,Clothing,Luxury,Nhật Vũ
909,310,192,13,51918659.0,3993743.0,21,2024-06-06,2024,6,2,Re-Contextualize Open-Source Applications,Books,Luxury,Châu Đặng
910,175,296,16,19049552.0,1190597.0,180,2024-10-20,2024,10,4,Target Proactive Relationships,Clothing,Premium,
911,1050,206,16,73379040.0,4586190.0,140,2024-11-30,2024,11,4,Expedite Viral E-Services,Sports,Luxury,
912,1032,199,14,54313644.0,3879546.0,193,2023-11-01,2023,11,4,Utilize Impactful Deliverables,Clothing,Luxury,Nhật Phạm
913,1976,6,17,46999458.0,2764674.0,254,2024-10-16,2024,10,4,Whiteboard Impactful Networks,Furniture,Luxury,
914,1063,224,11,30148668.0,2740788.0,37,2024-03-26,2024,3,1,E-Enable Robust Communities,Books,Luxury,
915,1618,160,13,27017094.0,2078238.0,110,2023-09-22,2023,9,3,Engage Collaborative Bandwidth,Furniture,Luxury,Dũng Đức Bùi
916,1132,93,18,16001388.0,888966.0,115,2023-07-26,2023,7,3,Implement 24/365 Systems,Clothing,Premium,
917,844,97,9,39500766.0,4388974.0,236,2023-10-28,2023,10,4,Drive Strategic Convergence,Electronics,Luxury,
918,768,236,17,42414779.0,2494987.0,328,2023-01-31,2023,1,1,Innovate Compelling Content,Clothing,Luxury,Hoàng Nguyễn
919,682,194,11,17462918.0,1587538.0,120,2023-01-10,2023,1,1,Implement Collaborative Action-Items,Books,Premium,
920,440,157,17,38924458.0,2289674.0,423,2023-09-03,2023,9,3,Cultivate Integrated Portals,Books,Luxury,Chị Nhật Trần
921,776,290,16,41641120.0,2602570.0,253,2024-09-29,2024,9,3,Enhance End-To-End Eyeballs,Sports,Luxury,Bác Hưng Hoàng
922,549,16,16,18608192.0,1163012.0,172,2023-03-25,2023,3,1,Streamline Killer Relationships,Sports,Premium,Trung Bảo Vũ
923,1313,83,17,21146402.0,1243906.0,348,2024-06-01,2024,6,2,Unleash Viral Paradigms,Clothing,Premium,Bà Hà Nguyễn
924,1524,50,5,12801870.0,2560374.0,276,2024-05-13,2024,5,2,Visualize One-To-One E-Business,Books,Luxury,Thành Hữu Đặng
925,1345,140,2,7170034.0,3585017.0,481,2023-02-09,2023,2,1,Generate 24/365 Eyeballs,Food,Luxury,Hải Mai Lê
926,89,10,11,12885983.0,1171453.0,453,2023-03-26,2023,3,1,Seize Wireless Web-Readiness,Food,Premium,Kim Dương
927,1267,216,8,36351792.0,4543974.0,61,2023-01-25,2023,1,1,Whiteboard Killer Convergence,Clothing,Luxury,Chị Linh Phạm
928,1102,165,19,14816314.0,779806.0,410,2023-07-27,2023,7,3,Disintermediate Innovative Experiences,Sports,Premium,Quý cô Thành Bùi
929,280,185,2,2577126.0,1288563.0,28,2023-10-17,2023,10,4,Disintermediate Strategic Deliverables,Clothing,Premium,
930,1458,207,6,16757190.0,2792865.0,371,2024-09-17,2024,9,3,Benchmark Collaborative Bandwidth,Electronics,Luxury,Lâm Thị Vũ
931,238,134,17,62782496.0,3693088.0,299,2023-03-08,2023,3,1,Matrix Revolutionary Applications,Electronics,Luxury,
932,208,69,9,44207487.0,4911943.0,122,2023-06-06,2023,6,2,Morph Robust E-Markets,Sports,Luxury,
933,46,279,20,1801180.0,90059.0,375,2024-03-24,2024,3,1,Generate B2C Web-Readiness,Food,Budget,Quý cô Kim Dương
934,1502,212,10,26438720.0,2643872.0,130,2023-10-29,2023,10,4,Reinvent Distributed E-Commerce,Books,Luxury,Anh Tấn Bùi
935,1831,34,13,18746780.0,1442060.0,383,2024-11-28,2024,11,4,Monetize Back-End Content,Clothing,Premium,Ngọc Mai
936,1458,108,18,72091872.0,4005104.0,371,2024-09-17,2024,9,3,Generate Value-Added Convergence,Clothing,Luxury,Lâm Thị Vũ
937,330,28,1,3817752.0,3817752.0,463,2024-08-29,2024,8,3,Cultivate Dot-Com Deliverables,Books,Luxury,
938,916,79,16,49531056.0,3095691.0,73,2023-01-05,2023,1,1,Syndicate Rich Initiatives,Clothing,Luxury,Nhật Quang Nguyễn
939,1892,140,14,50190238.0,3585017.0,50,2024-06-28,2024,6,2,Generate 24/365 Eyeballs,Food,Luxury,
940,1277,170,17,74578303.0,4386959.0,52,2024-09-19,2024,9,3,Re-Intermediate Best-Of-Breed Info-Mediaries,Electronics,Luxury,Kim Quang Phạm
941,392,85,14,15268344.0,1090596.0,360,2023-06-17,2023,6,2,Benchmark Cutting-Edge Mindshare,Furniture,Premium,Chị Nhật Bùi
942,910,104,6,10341330.0,1723555.0,291,2023-01-10,2023,1,1,Enhance Visionary Content,Electronics,Premium,
943,467,173,15,28487130.0,1899142.0,84,2023-09-28,2023,9,3,Utilize User-Centric E-Markets,Furniture,Premium,
944,1771,11,6,3678078.0,613013.0,399,2023-10-11,2023,10,4,Envisioneer Cross-Media Paradigms,Food,Premium,Phúc Phạm
945,1420,299,13,21317751.0,1639827.0,158,2023-01-19,2023,1,1,Streamline Rich Communities,Clothing,Premium,Cô Linh Bùi
946,1366,252,13,51641733.0,3972441.0,423,2023-02-22,2023,2,1,Evolve Revolutionary Web-Readiness,Books,Luxury,Chị Nhật Trần
947,292,97,20,87779480.0,4388974.0,190,2024-03-10,2024,3,1,Drive Strategic Convergence,Electronics,Luxury,
948,79,155,5,6998200.0,1399640.0,138,2024-08-11,2024,8,3,Benchmark Virtual Users,Clothing,Premium,Dương Hoàng
949,1628,81,8,1459928.0,182491.0,447,2023-02-09,2023,2,1,Incentivize Frictionless Experiences,Clothing,Mid,Chị Linh Hoàng
950,458,75,19,64050919.0,3371101.0,462,2023-11-15,2023,11,4,Maximize Cutting-Edge Paradigms,Electronics,Luxury,
951,1705,300,7,22002932.0,3143276.0,478,2023-01-26,2023,1,1,E-Enable B2B Initiatives,Electronics,Luxury,
952,1440,120,17,4194767.0,246751.0,108,2023-08-10,2023,8,3,Generate Collaborative Action-Items,Furniture,Mid,
953,571,13,16,64834480.0,4052155.0,21,2024-11-28,2024,11,4,Aggregate Robust E-Services,Clothing,Luxury,Châu Đặng
954,1876,268,15,49811145.0,3320743.0,23,2024-01-12,2024,1,1,Reinvent One-To-One Synergies,Furniture,Luxury,Bác Thành Dương
955,472,286,20,88833580.0,4441679.0,225,2023-12-24,2023,12,4,Transform Dynamic Models,Clothing,Luxury,
956,1085,163,10,7033220.0,703322.0,240,2024-01-14,2024,1,1,Disintermediate Viral Convergence,Electronics,Premium,Phúc Trí Dương
957,466,205,12,18222852.0,1518571.0,94,2024-01-20,2024,1,1,Exploit Next-Generation E-Services,Books,Premium,Kim Lê
958,1323,35,1,2583533.0,2583533.0,302,2024-07-05,2024,7,3,Syndicate Compelling Web Services,Books,Luxury,Tú Mai
959,199,111,3,2144070.0,714690.0,157,2023-03-12,2023,3,1,Optimize Dynamic Web Services,Books,Premium,Vũ Hoàng
960,1632,126,13,40474460.0,3113420.0,186,2024-03-22,2024,3,1,Enable Impactful Communities,Electronics,Luxury,Quý ông Anh Nguyễn
961,865,91,3,12713292.0,4237764.0,208,2023-09-10,2023,9,3,Innovate Global Bandwidth,Sports,Luxury,Ngọc Bùi
962,1304,276,18,71021880.0,3945660.0,130,2023-07-08,2023,7,3,Scale Dot-Com Web Services,Electronics,Luxury,Anh Tấn Bùi
963,302,267,2,9823650.0,4911825.0,210,2023-01-05,2023,1,1,Drive Wireless Models,Clothing,Luxury,Trung Nguyễn
964,729,261,13,24752962.0,1904074.0,363,2023-03-27,2023,3,1,Exploit Back-End Markets,Sports,Premium,Bác Trung Hoàng
965,1607,19,20,23924580.0,1196229.0,438,2024-12-23,2024,12,4,Strategize B2B Partnerships,Clothing,Premium,Hải Đặng
966,1823,265,10,33607140.0,3360714.0,301,2023-03-11,2023,3,1,Incubate Magnetic E-Business,Food,Luxury,
967,1970,123,19,2256611.0,118769.0,425,2023-07-23,2023,7,3,Utilize Open-Source Mindshare,Books,Mid,Linh Bùi
968,1746,226,19,44811519.0,2358501.0,408,2023-09-21,2023,9,3,Evolve Rich Experiences,Electronics,Luxury,
969,670,18,5,10095425.0,2019085.0,163,2023-12-29,2023,12,4,Empower Dot-Com Applications,Food,Luxury,
970,1982,152,3,10956975.0,3652325.0,118,2023-07-19,2023,7,3,Repurpose Open-Source Paradigms,Sports,Luxury,Tùng Mai Mai
971,1061,77,18,71054064.0,3947448.0,309,2024-10-28,2024,10,4,Brand Innovative Portals,Furniture,Luxury,Cô Hạnh Nguyễn
972,840,158,6,5824920.0,970820.0,385,2024-04-19,2024,4,2,Synergize Viral Platforms,Food,Premium,Hà Mai
973,722,178,9,41846778.0,4649642.0,98,2023-11-21,2023,11,4,Whiteboard Next-Generation Platforms,Electronics,Luxury,Cô Nhật Nguyễn
974,1143,117,10,7431300.0,743130.0,186,2024-04-03,2024,4,2,Incubate Innovative Vortals,Electronics,Premium,Quý ông Anh Nguyễn
975,114,165,12,9357672.0,779806.0,169,2023-12-08,2023,12,4,Disintermediate Innovative Experiences,Sports,Premium,Cô An Vũ
976,1562,115,12,37773804.0,3147817.0,486,2023-06-28,2023,6,2,Embrace Strategic Users,Food,Luxury,Ông Hưng Mai
977,520,115,9,28330353.0,3147817.0,333,2024-05-18,2024,5,2,Embrace Strategic Users,Food,Luxury,
978,300,103,14,61104974.0,4364641.0,170,2023-03-15,2023,3,1,Strategize Web-Enabled Action-Items,Sports,Luxury,Quý cô Vân Phạm
979,835,14,19,38190893.0,2010047.0,302,2023-03-18,2023,3,1,Cultivate Back-End Info-Mediaries,Food,Luxury,Tú Mai
980,955,194,18,28575684.0,1587538.0,385,2023-01-08,2023,1,1,Implement Collaborative Action-Items,Books,Premium,Hà Mai
981,203,6,19,52528806.0,2764674.0,370,2023-11-25,2023,11,4,Whiteboard Impactful Networks,Furniture,Luxury,Chị Thành Nguyễn
982,1234,58,13,11021036.0,847772.0,442,2023-08-18,2023,8,3,Benchmark Seamless Bandwidth,Books,Premium,Hạnh Phú Dương
983,152,81,4,729964.0,182491.0,151,2024-07-27,2024,7,3,Incentivize Frictionless Experiences,Clothing,Mid,
984,875,114,5,3174235.0,634847.0,41,2024-03-16,2024,3,1,Whiteboard Enterprise Channels,Food,Premium,Phương Đức Mai
985,1850,14,16,32160752.0,2010047.0,388,2024-05-27,2024,5,2,Cultivate Back-End Info-Mediaries,Food,Luxury,Kim Mai Đặng
986,1436,119,10,6850210.0,685021.0,355,2023-02-25,2023,2,1,Unleash Holistic Solutions,Electronics,Premium,Cô Bảo Đặng
987,736,186,20,79992740.0,3999637.0,124,2024-12-07,2024,12,4,Visualize Revolutionary Partnerships,Sports,Luxury,Huy Bảo Mai
988,1698,118,9,6042393.0,671377.0,128,2024-04-05,2024,4,2,Incentivize Seamless Technologies,Electronics,Premium,Cô Yến Bùi
989,1480,104,17,29300435.0,1723555.0,351,2024-12-16,2024,12,4,Enhance Visionary Content,Electronics,Premium,
990,841,6,8,22117392.0,2764674.0,122,2024-10-23,2024,10,4,Whiteboard Impactful Networks,Furniture,Luxury,
991,359,56,15,59668590.0,3977906.0,468,2023-08-01,2023,8,3,Grow Open-Source Applications,Sports,Luxury,Dũng Vũ
992,539,232,18,40896432.0,2272024.0,402,2023-10-09,2023,10,4,Brand Viral Roi,Clothing,Luxury,
993,1342,206,15,68792850.0,4586190.0,459,2024-06-21,2024,6,2,Expedite Viral E-Services,Sports,Luxury,Khoa Thế Phạm
994,254,125,16,47251968.0,2953248.0,37,2023-08-03,2023,8,3,Morph Holistic Interfaces,Clothing,Luxury,
995,1180,273,5,7539025.0,1507805.0,220,2023-09-28,2023,9,3,Evolve Enterprise Experiences,Food,Premium,Cô Khoa Nguyễn
996,1980,91,4,16951056.0,4237764.0,411,2023-04-07,2023,4,2,Innovate Global Bandwidth,Sports,Luxury,
997,957,43,1,1535449.0,1535449.0,473,2023-01-16,2023,1,1,Reinvent Compelling Synergies,Furniture,Premium,Nhật Phú Trần
998,194,178,4,18598568.0,4649642.0,148,2024-08-06,2024,8,3,Whiteboard Next-Generation Platforms,Electronics,Luxury,
999,34,98,19,16446590.0,865610.0,496,2024-03-19,2024,3,1,Envisioneer Bleeding-Edge Deliverables,Clothing,Premium,
1000,515,212,1,2643872.0,2643872.0,466,2024-01-31,2024,1,1,Reinvent Distributed E-Commerce,Books,Luxury,An Nguyễn
1001,787,222,14,50713684.0,3622406.0,82,2023-10-02,2023,10,4,Enable Customized Architectures,Furniture,Luxury,Bác Quang Đặng
1002,284,178,3,13948926.0,4649642.0,122,2023-04-25,2023,4,2,Whiteboard Next-Generation Platforms,Electronics,Luxury,
1003,157,65,16,49502112.0,3093882.0,86,2024-03-09,2024,3,1,Integrate Proactive Interfaces,Clothing,Luxury,Bác Quang Bùi
1004,526,196,6,9416370.0,1569395.0,340,2023-03-04,2023,3,1,Repurpose Innovative E-Services,Electronics,Premium,
1005,341,54,6,11858394.0,1976399.0,108,2023-01-05,2023,1,1,Benchmark Killer Paradigms,Clothing,Premium,
1006,1646,146,20,63609920.0,3180496.0,207,2024-08-03,2024,8,3,Expedite 24/7 Portals,Sports,Luxury,
1007,141,299,2,3279654.0,1639827.0,444,2023-12-26,2023,12,4,Streamline Rich Communities,Clothing,Premium,Hà Mai Dương
1008,972,38,15,11660535.0,777369.0,18,2023-03-23,2023,3,1,Brand Clicks-And-Mortar Portals,Books,Premium,
1009,1254,130,1,4103533.0,4103533.0,345,2023-12-26,2023,12,4,Leverage Rich Paradigms,Electronics,Luxury,Bác Trung Mai
1010,856,159,12,13928136.0,1160678.0,306,2024-12-23,2024,12,4,Productize User-Centric Portals,Clothing,Premium,
1011,241,255,7,16635801.0,2376543.0,40,2024-03-08,2024,3,1,Brand Distributed Models,Books,Luxury,
1012,504,209,13,6435897.0,495069.0,462,2023-05-09,2023,5,2,Evolve Visionary Content,Food,Mid,
1013,347,256,2,3209956.0,1604978.0,249,2023-07-11,2023,7,3,Incentivize Customized E-Services,Clothing,Premium,Bà Yến Trần
1014,828,120,18,4441518.0,246751.0,39,2023-02-13,2023,2,1,Generate Collaborative Action-Items,Furniture,Mid,
1015,1456,191,16,68663296.0,4291456.0,486,2023-04-19,2023,4,2,Envisioneer Back-End E-Services,Books,Luxury,Ông Hưng Mai
1016,1336,297,2,4691072.0,2345536.0,193,2024-01-25,2024,1,1,Incentivize Leading-Edge Bandwidth,Electronics,Luxury,Nhật Phạm
1017,715,193,16,35111104.0,2194444.0,298,2024-05-23,2024,5,2,Disintermediate Bricks-And-Clicks Partnerships,Food,Luxury,Hưng Vũ
1018,1388,90,9,13730526.0,1525614.0,494,2024-11-27,2024,11,4,Drive Collaborative Experiences,Electronics,Premium,Chi Nguyễn
1019,1174,140,6,21510102.0,3585017.0,2,2024-07-05,2024,7,3,Generate 24/365 Eyeballs,Food,Luxury,Quý cô Kim Phạm
1020,1361,284,1,2441349.0,2441349.0,232,2024-04-03,2024,4,2,Re-Intermediate Mission-Critical E-Markets,Sports,Luxury,Phương Dương
1021,1329,257,14,10383058.0,741647.0,463,2024-04-11,2024,4,2,Embrace Intuitive E-Commerce,Electronics,Premium,
1022,98,131,16,21473712.0,1342107.0,381,2024-02-11,2024,2,1,Harness B2B Portals,Clothing,Premium,Hà Đức Bùi
1023,1531,110,15,39556500.0,2637100.0,395,2023-01-01,2023,1,1,Matrix 24/7 Metrics,Sports,Luxury,Yến Phạm
1024,472,152,19,69394175.0,3652325.0,225,2023-12-24,2023,12,4,Repurpose Open-Source Paradigms,Sports,Luxury,
1025,406,36,8,3466528.0,433316.0,363,2024-08-17,2024,8,3,Extend Magnetic Supply-Chains,Food,Mid,Bác Trung Hoàng
1026,952,77,5,19737240.0,3947448.0,176,2024-12-03,2024,12,4,Brand Innovative Portals,Furniture,Luxury,
1027,1356,196,7,10985765.0,1569395.0,352,2024-07-01,2024,7,3,Repurpose Innovative E-Services,Electronics,Premium,Nhật Đặng
1028,202,170,19,83352221.0,4386959.0,389,2024-07-02,2024,7,3,Re-Intermediate Best-Of-Breed Info-Mediaries,Electronics,Luxury,Ông Dũng Trần
1029,1044,187,9,32122152.0,3569128.0,118,2023-09-19,2023,9,3,Maximize Bleeding-Edge Bandwidth,Furniture,Luxury,Tùng Mai Mai
1030,842,238,3,1162470.0,387490.0,431,2023-03-08,2023,3,1,Enhance E-Business Architectures,Clothing,Mid,Nam Thế Lê
1031,707,266,4,3982276.0,995569.0,265,2023-05-05,2023,5,2,Reinvent Mission-Critical Systems,Clothing,Premium,
1032,1934,187,4,14276512.0,3569128.0,340,2023-06-13,2023,6,2,Maximize Bleeding-Edge Bandwidth,Furniture,Luxury,
1033,1785,295,3,6334185.0,2111395.0,34,2023-04-09,2023,4,2,Evolve Value-Added Users,Electronics,Luxury,Phúc Hoàng
1034,1682,261,1,1904074.0,1904074.0,356,2024-02-05,2024,2,1,Exploit Back-End Markets,Sports,Premium,Thảo Bùi
1035,155,186,20,79992740.0,3999637.0,436,2023-06-13,2023,6,2,Visualize Revolutionary Partnerships,Sports,Luxury,
1036,107,74,20,34942860.0,1747143.0,167,2024-05-13,2024,5,2,Unleash Global Initiatives,Furniture,Premium,Hải Đặng
1037,1782,28,4,15271008.0,3817752.0,193,2023-10-19,2023,10,4,Cultivate Dot-Com Deliverables,Books,Luxury,Nhật Phạm
1038,1718,87,4,18105020.0,4526255.0,471,2024-03-01,2024,3,1,Transition Next-Generation Vortals,Sports,Luxury,
1039,1077,150,7,30727263.0,4389609.0,313,2023-11-02,2023,11,4,Drive Collaborative Communities,Electronics,Luxury,
1040,1700,116,8,23194928.0,2899366.0,431,2024-02-03,2024,2,1,Cultivate 24/7 Communities,Sports,Luxury,Nam Thế Lê
1041,1304,241,4,12198732.0,3049683.0,130,2023-07-08,2023,7,3,Drive One-To-One Portals,Food,Luxury,Anh Tấn Bùi
1042,1568,166,17,47438415.0,2790495.0,27,2023-03-26,2023,3,1,Seize Virtual Vortals,Food,Luxury,
1043,841,213,17,38507176.0,2265128.0,122,2024-10-23,2024,10,4,Repurpose Cutting-Edge Interfaces,Sports,Luxury,
1044,609,268,4,13282972.0,3320743.0,242,2024-06-08,2024,6,2,Reinvent One-To-One Synergies,Furniture,Luxury,
1045,914,75,1,3371101.0,3371101.0,423,2024-10-29,2024,10,4,Maximize Cutting-Edge Paradigms,Electronics,Luxury,Chị Nhật Trần
1046,146,293,5,14760720.0,2952144.0,127,2023-11-03,2023,11,4,Disintermediate E-Business Channels,Clothing,Luxury,Mai Bùi
1047,1452,71,4,19424420.0,4856105.0,415,2024-09-17,2024,9,3,Maximize Virtual Users,Electronics,Luxury,
1048,1509,180,16,23675136.0,1479696.0,415,2024-02-15,2024,2,1,E-Enable Collaborative Technologies,Food,Premium,
1049,701,176,17,5851383.0,344199.0,150,2024-07-08,2024,7,3,Synergize Integrated Convergence,Furniture,Mid,
1050,1589,51,19,76186371.0,4009809.0,91,2024-01-26,2024,1,1,Strategize Intuitive Web Services,Furniture,Luxury,
1051,424,44,20,6750960.0,337548.0,67,2023-12-16,2023,12,4,Harness User-Centric Bandwidth,Electronics,Mid,
1052,1472,20,6,2737470.0,456245.0,312,2023-01-14,2023,1,1,Engineer Integrated Deliverables,Food,Mid,
1053,555,155,12,16795680.0,1399640.0,330,2024-12-27,2024,12,4,Benchmark Virtual Users,Clothing,Premium,Lâm Xuân Trần
1054,1868,208,1,1388309.0,1388309.0,259,2024-09-11,2024,9,3,Engage Dot-Com E-Commerce,Furniture,Premium,
1055,925,144,11,1508760.0,137160.0,387,2023-12-17,2023,12,4,Integrate Bleeding-Edge Partnerships,Electronics,Mid,Anh Mai
1056,1934,82,15,72504555.0,4833637.0,340,2023-06-13,2023,6,2,Extend 24/365 Web Services,Electronics,Luxury,
1057,5,239,2,6937774.0,3468887.0,413,2024-10-17,2024,10,4,Cultivate Interactive E-Tailers,Furniture,Luxury,Hưng Bảo Lê
1058,7,67,8,38067608.0,4758451.0,70,2023-06-20,2023,6,2,Disintermediate Cutting-Edge Roi,Furniture,Luxury,
1059,256,247,10,43969060.0,4396906.0,221,2023-06-04,2023,6,2,Synthesize Scalable Methodologies,Books,Luxury,
1060,300,283,11,8543018.0,776638.0,170,2023-03-15,2023,3,1,Evolve Cross-Platform Mindshare,Food,Premium,Quý cô Vân Phạm
1061,116,19,11,13158519.0,1196229.0,449,2024-05-25,2024,5,2,Strategize B2B Partnerships,Clothing,Premium,
1062,1023,262,8,39665336.0,4958167.0,376,2024-06-10,2024,6,2,Maximize Customized Deliverables,Books,Luxury,Xuân Phạm
1063,831,89,15,11804085.0,786939.0,255,2024-11-02,2024,11,4,Facilitate Rich Paradigms,Sports,Premium,Minh Đức Trần
1064,1376,36,8,3466528.0,433316.0,154,2023-05-27,2023,5,2,Extend Magnetic Supply-Chains,Food,Mid,
1065,332,229,15,37016100.0,2467740.0,249,2023-02-28,2023,2,1,Streamline Viral Synergies,Furniture,Luxury,Bà Yến Trần
1066,1204,207,19,53064435.0,2792865.0,23,2023-09-03,2023,9,3,Benchmark Collaborative Bandwidth,Electronics,Luxury,Bác Thành Dương
1067,389,10,19,22257607.0,1171453.0,164,2023-09-27,2023,9,3,Seize Wireless Web-Readiness,Food,Premium,
1068,1718,176,5,1720995.0,344199.0,471,2024-03-01,2024,3,1,Synergize Integrated Convergence,Furniture,Mid,
1069,55,74,3,5241429.0,1747143.0,194,2024-10-14,2024,10,4,Unleash Global Initiatives,Furniture,Premium,An Văn Hoàng
1070,1226,165,17,13256702.0,779806.0,294,2023-04-15,2023,4,2,Disintermediate Innovative Experiences,Sports,Premium,Thành Thị Bùi
1071,1424,257,12,8899764.0,741647.0,473,2024-08-21,2024,8,3,Embrace Intuitive E-Commerce,Electronics,Premium,Nhật Phú Trần
1072,1990,254,12,57202896.0,4766908.0,424,2023-11-29,2023,11,4,Syndicate Distributed E-Business,Sports,Luxury,Nhiên Xuân Đặng
1073,1647,37,18,27744660.0,1541370.0,89,2024-08-14,2024,8,3,Scale Frictionless Models,Furniture,Premium,Nhật Hải Trần
1074,112,58,1,847772.0,847772.0,195,2024-09-17,2024,9,3,Benchmark Seamless Bandwidth,Books,Premium,
1075,1820,91,15,63566460.0,4237764.0,26,2024-06-30,2024,6,2,Innovate Global Bandwidth,Sports,Luxury,
1076,1731,87,6,27157530.0,4526255.0,228,2023-04-11,2023,4,2,Transition Next-Generation Vortals,Sports,Luxury,Anh Hải Nguyễn
1077,1677,58,11,9325492.0,847772.0,4,2024-11-09,2024,11,4,Benchmark Seamless Bandwidth,Books,Premium,Khoa Lê
1078,1984,42,16,25851504.0,1615719.0,220,2023-08-13,2023,8,3,Syndicate Sticky Functionalities,Sports,Premium,Cô Khoa Nguyễn
1079,1527,71,8,38848840.0,4856105.0,396,2023-09-24,2023,9,3,Maximize Virtual Users,Electronics,Luxury,Phúc Đức Trần
1080,1480,69,12,58943316.0,4911943.0,351,2024-12-16,2024,12,4,Morph Robust E-Markets,Sports,Luxury,
1081,1640,243,13,23607155.0,1815935.0,257,2023-06-13,2023,6,2,Streamline Turn-Key Supply-Chains,Electronics,Premium,
1082,1056,158,10,9708200.0,970820.0,401,2023-01-16,2023,1,1,Synergize Viral Platforms,Food,Premium,Quý cô Lan Phạm
1083,1047,130,3,12310599.0,4103533.0,21,2023-11-17,2023,11,4,Leverage Rich Paradigms,Electronics,Luxury,Châu Đặng
1084,1310,164,20,99206160.0,4960308.0,294,2024-05-29,2024,5,2,Enable Distributed Partnerships,Clothing,Luxury,Thành Thị Bùi
1085,864,221,2,3390710.0,1695355.0,212,2023-09-20,2023,9,3,Innovate Scalable Action-Items,Furniture,Premium,An Hải Mai
1086,79,125,15,44298720.0,2953248.0,138,2024-08-11,2024,8,3,Morph Holistic Interfaces,Clothing,Luxury,Dương Hoàng
1087,374,213,9,20386152.0,2265128.0,465,2024-11-09,2024,11,4,Repurpose Cutting-Edge Interfaces,Sports,Luxury,
1088,1670,254,16,76270528.0,4766908.0,488,2023-06-21,2023,6,2,Syndicate Distributed E-Business,Sports,Luxury,Thành Mai
1089,601,33,3,10493394.0,3497798.0,135,2023-11-26,2023,11,4,Implement 24/7 Applications,Clothing,Luxury,Hạnh Lê
1090,1778,266,15,14933535.0,995569.0,330,2023-07-14,2023,7,3,Reinvent Mission-Critical Systems,Clothing,Premium,Lâm Xuân Trần
1091,1425,176,12,4130388.0,344199.0,371,2024-04-22,2024,4,2,Synergize Integrated Convergence,Furniture,Mid,Lâm Thị Vũ
1092,167,51,4,16039236.0,4009809.0,88,2024-12-19,2024,12,4,Strategize Intuitive Web Services,Furniture,Luxury,
1093,1411,67,7,33309157.0,4758451.0,117,2024-02-28,2024,2,1,Disintermediate Cutting-Edge Roi,Furniture,Luxury,Bác Phúc Mai
1094,125,222,19,68825714.0,3622406.0,214,2023-12-10,2023,12,4,Enable Customized Architectures,Furniture,Luxury,
1095,1643,272,13,51763920.0,3981840.0,4,2024-04-21,2024,4,2,Embrace 24/7 Architectures,Food,Luxury,Khoa Lê
1096,661,263,13,52131872.0,4010144.0,107,2023-02-27,2023,2,1,Transition Magnetic E-Tailers,Books,Luxury,
1097,1796,27,9,3938715.0,437635.0,368,2023-07-20,2023,7,3,Incentivize Compelling Relationships,Sports,Mid,Thảo Trần
1098,1733,267,17,83501025.0,4911825.0,455,2024-01-06,2024,1,1,Drive Wireless Models,Clothing,Luxury,Hoàng Hữu Trần
1099,251,93,8,7111728.0,888966.0,497,2023-06-18,2023,6,2,Implement 24/365 Systems,Clothing,Premium,Chị Hồng Trần
1100,813,95,2,6901946.0,3450973.0,167,2023-09-20,2023,9,3,Optimize Customized E-Commerce,Clothing,Luxury,Hải Đặng
1101,1162,249,6,18734952.0,3122492.0,232,2023-04-20,2023,4,2,Syndicate E-Business Systems,Clothing,Luxury,Phương Dương
1102,899,106,4,2764400.0,691100.0,95,2023-12-27,2023,12,4,Streamline Turn-Key E-Commerce,Furniture,Premium,Nhật Vũ
1103,116,155,3,4198920.0,1399640.0,449,2024-05-25,2024,5,2,Benchmark Virtual Users,Clothing,Premium,
1104,1112,165,9,7018254.0,779806.0,118,2024-08-07,2024,8,3,Disintermediate Innovative Experiences,Sports,Premium,Tùng Mai Mai
1105,1682,171,20,2521600.0,126080.0,356,2024-02-05,2024,2,1,Aggregate Synergistic Partnerships,Food,Mid,Thảo Bùi
1106,1906,49,3,1155168.0,385056.0,281,2023-06-18,2023,6,2,Transition Impactful Info-Mediaries,Food,Mid,
1107,1076,266,8,7964552.0,995569.0,320,2023-04-21,2023,4,2,Reinvent Mission-Critical Systems,Clothing,Premium,Hương Dương
1108,656,230,14,42591738.0,3042267.0,328,2023-06-27,2023,6,2,E-Enable Intuitive Content,Food,Luxury,Hoàng Nguyễn
1109,662,116,3,8698098.0,2899366.0,173,2024-02-02,2024,2,1,Cultivate 24/7 Communities,Sports,Luxury,Quý ông Vũ Lê
1110,1069,2,20,49713520.0,2485676.0,428,2023-09-23,2023,9,3,Re-Intermediate Mission-Critical Functionalities,Books,Luxury,
1111,1602,117,12,8917560.0,743130.0,214,2024-06-09,2024,6,2,Incubate Innovative Vortals,Electronics,Premium,
1112,439,203,17,15203508.0,894324.0,419,2023-11-04,2023,11,4,Benchmark Proactive Systems,Furniture,Premium,
1113,1854,232,4,9088096.0,2272024.0,303,2024-06-16,2024,6,2,Brand Viral Roi,Clothing,Luxury,Khoa Phú Hoàng
1114,749,229,11,27145140.0,2467740.0,485,2024-05-05,2024,5,2,Streamline Viral Synergies,Furniture,Luxury,
1115,1628,80,6,8040600.0,1340100.0,447,2023-02-09,2023,2,1,Cultivate Web-Enabled Info-Mediaries,Sports,Premium,Chị Linh Hoàng
1116,975,272,15,59727600.0,3981840.0,186,2024-09-07,2024,9,3,Embrace 24/7 Architectures,Food,Luxury,Quý ông Anh Nguyễn
1117,808,291,5,1139075.0,227815.0,276,2023-04-28,2023,4,2,Extend Value-Added Info-Mediaries,Food,Mid,Thành Hữu Đặng
1118,1250,97,11,48278714.0,4388974.0,35,2023-09-12,2023,9,3,Drive Strategic Convergence,Electronics,Luxury,Khoa Trần
1119,1126,4,1,3253432.0,3253432.0,29,2024-01-08,2024,1,1,Exploit 24/365 Models,Books,Luxury,
1120,942,235,15,72696540.0,4846436.0,131,2023-06-16,2023,6,2,Mesh Proactive Relationships,Clothing,Luxury,Chị Lan Dương
1121,1987,115,1,3147817.0,3147817.0,172,2024-03-26,2024,3,1,Embrace Strategic Users,Food,Luxury,Trung Bảo Vũ
1122,403,217,2,5307312.0,2653656.0,173,2023-01-19,2023,1,1,Deliver Wireless Metrics,Clothing,Luxury,Quý ông Vũ Lê
1123,1155,43,2,3070898.0,1535449.0,247,2023-06-27,2023,6,2,Reinvent Compelling Synergies,Furniture,Premium,Nhật Phạm
1124,92,238,1,387490.0,387490.0,146,2024-09-24,2024,9,3,Enhance E-Business Architectures,Clothing,Mid,
1125,1800,92,3,3538455.0,1179485.0,170,2023-10-15,2023,10,4,Unleash Innovative E-Business,Furniture,Premium,Quý cô Vân Phạm
1126,976,135,14,9211762.0,657983.0,66,2024-11-16,2024,11,4,Engage Bricks-And-Clicks E-Markets,Furniture,Premium,
1127,173,67,7,33309157.0,4758451.0,363,2024-11-28,2024,11,4,Disintermediate Cutting-Edge Roi,Furniture,Luxury,Bác Trung Hoàng
1128,1242,70,6,14728374.0,2454729.0,460,2024-02-06,2024,2,1,Utilize Next-Generation Schemas,Food,Luxury,
1129,498,247,10,43969060.0,4396906.0,349,2023-01-08,2023,1,1,Synthesize Scalable Methodologies,Books,Luxury,Phúc Lê
1130,1623,251,8,34492088.0,4311511.0,308,2024-02-26,2024,2,1,Incubate Cross-Platform Platforms,Electronics,Luxury,Nhật Văn Hoàng
1131,406,179,10,34908430.0,3490843.0,363,2024-08-17,2024,8,3,Streamline Value-Added Schemas,Food,Luxury,Bác Trung Hoàng
1132,340,66,11,33613360.0,3055760.0,162,2024-03-08,2024,3,1,Leverage Revolutionary Technologies,Sports,Luxury,Dũng Mai
1133,860,53,20,78383900.0,3919195.0,274,2023-12-13,2023,12,4,Leverage Ubiquitous Architectures,Food,Luxury,
1134,90,157,11,25186414.0,2289674.0,445,2024-02-29,2024,2,1,Cultivate Integrated Portals,Books,Luxury,Ánh Lê
1135,222,98,6,5193660.0,865610.0,306,2024-05-07,2024,5,2,Envisioneer Bleeding-Edge Deliverables,Clothing,Premium,
1136,712,10,2,2342906.0,1171453.0,280,2024-04-04,2024,4,2,Seize Wireless Web-Readiness,Food,Premium,Quý cô Ánh Hoàng
1137,1262,170,3,13160877.0,4386959.0,470,2024-09-16,2024,9,3,Re-Intermediate Best-Of-Breed Info-Mediaries,Electronics,Luxury,
1138,144,244,19,64201209.0,3379011.0,59,2023-06-24,2023,6,2,Generate Holistic E-Commerce,Electronics,Luxury,
1139,730,250,2,1795824.0,897912.0,331,2023-04-28,2023,4,2,Productize Magnetic Functionalities,Furniture,Premium,
1140,1365,13,17,68886635.0,4052155.0,434,2023-09-06,2023,9,3,Aggregate Robust E-Services,Clothing,Luxury,
1141,119,166,20,55809900.0,2790495.0,49,2024-06-13,2024,6,2,Seize Virtual Vortals,Food,Luxury,Trọng Hoàng
1142,493,74,12,20965716.0,1747143.0,4,2024-01-25,2024,1,1,Unleash Global Initiatives,Furniture,Premium,Khoa Lê
1143,1948,211,16,48497456.0,3031091.0,262,2023-11-17,2023,11,4,Optimize Proactive Systems,Books,Luxury,
1144,426,293,14,41330016.0,2952144.0,400,2023-08-11,2023,8,3,Disintermediate E-Business Channels,Clothing,Luxury,Bác Trung Bùi
1145,1243,11,2,1226026.0,613013.0,270,2024-12-01,2024,12,4,Envisioneer Cross-Media Paradigms,Food,Premium,
1146,666,252,16,63559056.0,3972441.0,185,2024-09-29,2024,9,3,Evolve Revolutionary Web-Readiness,Books,Luxury,
1147,784,1,16,22385328.0,1399083.0,343,2024-11-21,2024,11,4,Engineer Next-Generation Infrastructures,Furniture,Premium,
1148,604,167,17,31539930.0,1855290.0,354,2024-08-11,2024,8,3,Transform Cross-Platform Web-Readiness,Furniture,Premium,Phương Hoàng
1149,128,195,2,4467946.0,2233973.0,208,2023-10-14,2023,10,4,Leverage World-Class Vortals,Food,Luxury,Ngọc Bùi
1150,503,201,4,501156.0,125289.0,397,2024-01-05,2024,1,1,Architect Viral Metrics,Furniture,Mid,Thành Mai Hoàng
1151,672,260,19,21342662.0,1123298.0,103,2024-01-01,2024,1,1,Revolutionize Frictionless Web Services,Clothing,Premium,
1152,1716,122,15,67418220.0,4494548.0,34,2024-06-26,2024,6,2,Empower Robust Relationships,Books,Luxury,Phúc Hoàng
1153,747,128,20,53340580.0,2667029.0,90,2023-12-30,2023,12,4,Seize Value-Added Bandwidth,Sports,Luxury,
1154,52,63,8,18441840.0,2305230.0,115,2023-06-21,2023,6,2,Seize Web-Enabled Solutions,Electronics,Luxury,
1155,1785,268,8,26565944.0,3320743.0,34,2023-04-09,2023,4,2,Reinvent One-To-One Synergies,Furniture,Luxury,Phúc Hoàng
1156,170,28,4,15271008.0,3817752.0,36,2024-12-19,2024,12,4,Cultivate Dot-Com Deliverables,Books,Luxury,Cô Nhật Trần
1157,1273,160,14,29095332.0,2078238.0,61,2024-09-30,2024,9,3,Engage Collaborative Bandwidth,Furniture,Luxury,Chị Linh Phạm
1158,1349,206,16,73379040.0,4586190.0,456,2024-05-28,2024,5,2,Expedite Viral E-Services,Sports,Luxury,Anh Dương
1159,336,20,15,6843675.0,456245.0,266,2023-01-16,2023,1,1,Engineer Integrated Deliverables,Food,Mid,Cô Ánh Trần
1160,712,18,13,26248105.0,2019085.0,280,2024-04-04,2024,4,2,Empower Dot-Com Applications,Food,Luxury,Quý cô Ánh Hoàng
1161,1915,264,19,59455161.0,3129219.0,444,2023-12-23,2023,12,4,Scale 24/365 Users,Clothing,Luxury,Hà Mai Dương
1162,1762,253,2,7881320.0,3940660.0,256,2024-06-12,2024,6,2,Incentivize Sticky Niches,Furniture,Luxury,Lâm Hoàng Bùi
1163,326,173,17,32285414.0,1899142.0,24,2023-09-05,2023,9,3,Utilize User-Centric E-Markets,Furniture,Premium,Châu Mai Đặng
1164,1677,229,10,24677400.0,2467740.0,4,2024-11-09,2024,11,4,Streamline Viral Synergies,Furniture,Luxury,Khoa Lê
1165,1951,290,6,15615420.0,2602570.0,144,2023-01-13,2023,1,1,Enhance End-To-End Eyeballs,Sports,Luxury,
1166,1208,202,14,30874648.0,2205332.0,50,2023-11-16,2023,11,4,Strategize Revolutionary E-Markets,Sports,Luxury,
1167,346,173,11,20890562.0,1899142.0,111,2023-08-27,2023,8,3,Utilize User-Centric E-Markets,Furniture,Premium,Duyên Bùi
1168,369,28,20,76355040.0,3817752.0,129,2023-10-04,2023,10,4,Cultivate Dot-Com Deliverables,Books,Luxury,Trọng Đức Bùi
1169,859,119,5,3425105.0,685021.0,23,2024-10-03,2024,10,4,Unleash Holistic Solutions,Electronics,Premium,Bác Thành Dương
1170,1219,299,6,9838962.0,1639827.0,488,2023-02-16,2023,2,1,Streamline Rich Communities,Clothing,Premium,Thành Mai
1171,1267,40,10,17870600.0,1787060.0,61,2023-01-25,2023,1,1,Facilitate Distributed Markets,Books,Premium,Chị Linh Phạm
1172,1050,216,15,68159610.0,4543974.0,140,2024-11-30,2024,11,4,Whiteboard Killer Convergence,Clothing,Luxury,
1173,587,112,12,30828888.0,2569074.0,459,2023-10-20,2023,10,4,Harness Customized E-Markets,Books,Luxury,Khoa Thế Phạm
1174,1817,70,14,34366206.0,2454729.0,282,2023-04-30,2023,4,2,Utilize Next-Generation Schemas,Food,Luxury,Quý cô Chi Dương
1175,269,165,5,3899030.0,779806.0,194,2023-01-27,2023,1,1,Disintermediate Innovative Experiences,Sports,Premium,An Văn Hoàng
1176,743,133,10,24593930.0,2459393.0,425,2023-01-18,2023,1,1,E-Enable Sticky Relationships,Furniture,Luxury,Linh Bùi
1177,473,165,15,11697090.0,779806.0,425,2023-09-11,2023,9,3,Disintermediate Innovative Experiences,Sports,Premium,Linh Bùi
1178,2000,287,1,513792.0,513792.0,347,2023-02-12,2023,2,1,Utilize Back-End Interfaces,Furniture,Premium,
1179,1846,36,15,6499740.0,433316.0,9,2023-11-27,2023,11,4,Extend Magnetic Supply-Chains,Food,Mid,Bác Trung Phạm
1180,286,16,1,1163012.0,1163012.0,352,2023-06-20,2023,6,2,Streamline Killer Relationships,Sports,Premium,Nhật Đặng
1181,281,200,11,34285438.0,3116858.0,61,2023-11-17,2023,11,4,Maximize Open-Source Mindshare,Sports,Luxury,Chị Linh Phạm
1182,1874,46,18,87132204.0,4840678.0,54,2024-11-29,2024,11,4,Syndicate Dynamic E-Commerce,Electronics,Luxury,Quý cô Hạnh Phạm
1183,1979,126,7,21793940.0,3113420.0,306,2023-12-11,2023,12,4,Enable Impactful Communities,Electronics,Luxury,
1184,581,103,20,87292820.0,4364641.0,431,2023-01-27,2023,1,1,Strategize Web-Enabled Action-Items,Sports,Luxury,Nam Thế Lê
1185,1748,103,8,34917128.0,4364641.0,21,2023-07-28,2023,7,3,Strategize Web-Enabled Action-Items,Sports,Luxury,Châu Đặng
1186,115,68,10,32314620.0,3231462.0,229,2023-08-20,2023,8,3,Matrix Customized Platforms,Furniture,Luxury,
1187,263,10,15,17571795.0,1171453.0,220,2024-10-07,2024,10,4,Seize Wireless Web-Readiness,Food,Premium,Cô Khoa Nguyễn
1188,1346,294,19,81923288.0,4311752.0,37,2024-11-26,2024,11,4,E-Enable Strategic Functionalities,Clothing,Luxury,
1189,451,219,16,7777120.0,486070.0,347,2024-11-10,2024,11,4,Matrix Vertical Systems,Books,Mid,
1190,622,268,6,19924458.0,3320743.0,136,2023-06-05,2023,6,2,Reinvent One-To-One Synergies,Furniture,Luxury,Bà Linh Mai
1191,166,212,6,15863232.0,2643872.0,46,2024-05-14,2024,5,2,Reinvent Distributed E-Commerce,Books,Luxury,Hương Dương
1192,348,149,2,6393914.0,3196957.0,483,2024-05-13,2024,5,2,Incubate Collaborative Vortals,Books,Luxury,Anh Tùng Đặng
1193,1745,44,17,5738316.0,337548.0,477,2023-07-11,2023,7,3,Harness User-Centric Bandwidth,Electronics,Mid,
1194,1768,163,9,6329898.0,703322.0,221,2024-02-15,2024,2,1,Disintermediate Viral Convergence,Electronics,Premium,
1195,1642,209,14,6930966.0,495069.0,439,2024-12-23,2024,12,4,Evolve Visionary Content,Food,Mid,
1196,445,23,13,15756013.0,1212001.0,269,2023-11-26,2023,11,4,Morph World-Class E-Markets,Furniture,Premium,Quang Quang Lê
1197,1284,103,7,30552487.0,4364641.0,168,2023-11-08,2023,11,4,Strategize Web-Enabled Action-Items,Sports,Luxury,Bác Hưng Lê
1198,42,269,10,38136320.0,3813632.0,359,2023-05-07,2023,5,2,Unleash Plug-And-Play Markets,Clothing,Luxury,
1199,1581,209,6,2970414.0,495069.0,337,2024-02-21,2024,2,1,Evolve Visionary Content,Food,Mid,
1200,1193,248,8,7723192.0,965399.0,205,2023-08-21,2023,8,3,Syndicate Efficient Relationships,Food,Premium,
1201,727,158,19,18445580.0,970820.0,216,2023-05-03,2023,5,2,Synergize Viral Platforms,Food,Premium,
1202,1326,172,11,40737818.0,3703438.0,243,2024-08-25,2024,8,3,Seize Virtual Functionalities,Sports,Luxury,Bà Vân Phạm
1203,1325,222,11,39846466.0,3622406.0,85,2023-07-19,2023,7,3,Enable Customized Architectures,Furniture,Luxury,
1204,750,183,2,1563758.0,781879.0,332,2023-08-21,2023,8,3,Seize Innovative Methodologies,Electronics,Premium,
1205,138,67,13,61859863.0,4758451.0,112,2024-09-11,2024,9,3,Disintermediate Cutting-Edge Roi,Furniture,Luxury,Nhật Trần
1206,739,262,7,34707169.0,4958167.0,391,2023-12-24,2023,12,4,Maximize Customized Deliverables,Books,Luxury,
1207,736,92,4,4717940.0,1179485.0,124,2024-12-07,2024,12,4,Unleash Innovative E-Business,Furniture,Premium,Huy Bảo Mai
1208,1264,9,2,5135700.0,2567850.0,465,2024-12-07,2024,12,4,Whiteboard Virtual Channels,Furniture,Luxury,
1209,1327,147,12,35958264.0,2996522.0,178,2023-12-24,2023,12,4,Disintermediate Cutting-Edge Info-Mediaries,Electronics,Luxury,
1210,35,165,17,13256702.0,779806.0,274,2024-08-09,2024,8,3,Disintermediate Innovative Experiences,Sports,Premium,
1211,324,114,10,6348470.0,634847.0,249,2023-07-10,2023,7,3,Whiteboard Enterprise Channels,Food,Premium,Bà Yến Trần
1212,675,2,8,19885408.0,2485676.0,280,2024-01-10,2024,1,1,Re-Intermediate Mission-Critical Functionalities,Books,Luxury,Quý cô Ánh Hoàng
1213,1693,281,16,59831120.0,3739445.0,281,2024-04-06,2024,4,2,Strategize World-Class Content,Books,Luxury,
1214,94,77,15,59211720.0,3947448.0,414,2023-10-27,2023,10,4,Brand Innovative Portals,Furniture,Luxury,
1215,188,122,7,31461836.0,4494548.0,134,2024-02-09,2024,2,1,Empower Robust Relationships,Books,Luxury,
1216,296,115,5,15739085.0,3147817.0,183,2024-06-24,2024,6,2,Embrace Strategic Users,Food,Luxury,
1217,839,259,8,15420864.0,1927608.0,266,2024-12-28,2024,12,4,Matrix Back-End Initiatives,Furniture,Premium,Cô Ánh Trần
1218,711,174,19,46029210.0,2422590.0,461,2024-03-18,2024,3,1,Expedite Sticky Users,Food,Luxury,Khoa Vũ
1219,1743,36,19,8233004.0,433316.0,213,2024-10-06,2024,10,4,Extend Magnetic Supply-Chains,Food,Mid,
1220,1959,189,1,1471121.0,1471121.0,121,2024-05-13,2024,5,2,Envisioneer Synergistic Content,Electronics,Premium,
1221,652,249,11,34347412.0,3122492.0,421,2024-11-14,2024,11,4,Syndicate E-Business Systems,Clothing,Luxury,Khoa Phạm
1222,873,89,15,11804085.0,786939.0,39,2024-01-29,2024,1,1,Facilitate Rich Paradigms,Sports,Premium,
1223,1275,44,8,2700384.0,337548.0,73,2024-08-19,2024,8,3,Harness User-Centric Bandwidth,Electronics,Mid,Nhật Quang Nguyễn
1224,986,273,17,25632685.0,1507805.0,424,2024-05-18,2024,5,2,Evolve Enterprise Experiences,Food,Premium,Nhiên Xuân Đặng
1225,152,240,15,64313895.0,4287593.0,151,2024-07-27,2024,7,3,Streamline Extensible E-Commerce,Electronics,Luxury,
1226,1379,267,17,83501025.0,4911825.0,166,2024-12-19,2024,12,4,Drive Wireless Models,Clothing,Luxury,Khoa Phú Hoàng
1227,749,219,3,1458210.0,486070.0,485,2024-05-05,2024,5,2,Matrix Vertical Systems,Books,Mid,
1228,1056,205,11,16704281.0,1518571.0,401,2023-01-16,2023,1,1,Exploit Next-Generation E-Services,Books,Premium,Quý cô Lan Phạm
1229,730,258,4,521264.0,130316.0,331,2023-04-28,2023,4,2,Deliver Killer Info-Mediaries,Food,Mid,
1230,1576,197,6,23403186.0,3900531.0,213,2024-12-02,2024,12,4,Scale Plug-And-Play E-Services,Electronics,Luxury,
1231,399,117,1,743130.0,743130.0,159,2024-02-24,2024,2,1,Incubate Innovative Vortals,Electronics,Premium,
1232,709,133,13,31972109.0,2459393.0,403,2024-10-20,2024,10,4,E-Enable Sticky Relationships,Furniture,Luxury,
1233,1978,162,6,26000016.0,4333336.0,330,2024-05-11,2024,5,2,Syndicate Best-Of-Breed Communities,Electronics,Luxury,Lâm Xuân Trần
1234,1466,250,20,17958240.0,897912.0,88,2023-07-07,2023,7,3,Productize Magnetic Functionalities,Furniture,Premium,
1235,1763,165,13,10137478.0,779806.0,398,2024-12-17,2024,12,4,Disintermediate Innovative Experiences,Sports,Premium,Ông Quang Vũ
1236,994,258,9,1172844.0,130316.0,108,2023-11-15,2023,11,4,Deliver Killer Info-Mediaries,Food,Mid,
1237,1907,80,2,2680200.0,1340100.0,258,2024-06-16,2024,6,2,Cultivate Web-Enabled Info-Mediaries,Sports,Premium,
1238,795,58,20,16955440.0,847772.0,236,2023-11-09,2023,11,4,Benchmark Seamless Bandwidth,Books,Premium,
1239,869,144,2,274320.0,137160.0,117,2023-04-01,2023,4,2,Integrate Bleeding-Edge Partnerships,Electronics,Mid,Bác Phúc Mai
1240,1776,37,11,16955070.0,1541370.0,233,2024-05-19,2024,5,2,Scale Frictionless Models,Furniture,Premium,Lâm Trần
1241,1131,122,10,44945480.0,4494548.0,270,2024-09-03,2024,9,3,Empower Robust Relationships,Books,Luxury,
1242,1807,97,6,26333844.0,4388974.0,427,2023-04-28,2023,4,2,Drive Strategic Convergence,Electronics,Luxury,
1243,1635,101,17,61332498.0,3607794.0,18,2023-03-02,2023,3,1,Extend Customized E-Tailers,Books,Luxury,
1244,1109,78,10,48350830.0,4835083.0,432,2024-11-09,2024,11,4,Leverage Visionary Experiences,Clothing,Luxury,Trọng Mai Bảo Trần
1245,256,244,15,50685165.0,3379011.0,221,2023-06-04,2023,6,2,Generate Holistic E-Commerce,Electronics,Luxury,
1246,1131,28,7,26724264.0,3817752.0,270,2024-09-03,2024,9,3,Cultivate Dot-Com Deliverables,Books,Luxury,
1247,1794,6,5,13823370.0,2764674.0,27,2023-04-24,2023,4,2,Whiteboard Impactful Networks,Furniture,Luxury,
1248,776,18,5,10095425.0,2019085.0,253,2024-09-29,2024,9,3,Empower Dot-Com Applications,Food,Luxury,Bác Hưng Hoàng
1249,457,224,14,38371032.0,2740788.0,231,2024-11-14,2024,11,4,E-Enable Robust Communities,Books,Luxury,Hạnh Phạm
1250,1988,152,16,58437200.0,3652325.0,390,2023-12-05,2023,12,4,Repurpose Open-Source Paradigms,Sports,Luxury,Khoa Hoàng
1251,66,206,3,13758570.0,4586190.0,178,2024-04-01,2024,4,2,Expedite Viral E-Services,Sports,Luxury,
1252,64,193,18,39499992.0,2194444.0,108,2023-03-19,2023,3,1,Disintermediate Bricks-And-Clicks Partnerships,Food,Luxury,
1253,1118,148,19,28108885.0,1479415.0,201,2023-10-23,2023,10,4,Unleash Distributed Web-Readiness,Electronics,Premium,
1254,1217,273,4,6031220.0,1507805.0,124,2024-06-06,2024,6,2,Evolve Enterprise Experiences,Food,Premium,Huy Bảo Mai
1255,1539,118,5,3356885.0,671377.0,116,2023-02-10,2023,2,1,Incentivize Seamless Technologies,Electronics,Premium,Anh Bảo Bùi
1256,1914,182,8,7047432.0,880929.0,229,2024-03-11,2024,3,1,Brand Rich Action-Items,Books,Premium,
1257,782,247,9,39572154.0,4396906.0,332,2023-01-06,2023,1,1,Synthesize Scalable Methodologies,Books,Luxury,
1258,438,154,7,14957803.0,2136829.0,391,2023-04-28,2023,4,2,Maximize E-Business Models,Clothing,Luxury,
1259,765,240,14,60026302.0,4287593.0,485,2023-04-17,2023,4,2,Streamline Extensible E-Commerce,Electronics,Luxury,
1260,708,139,18,49196088.0,2733116.0,232,2023-06-29,2023,6,2,Architect Innovative Systems,Electronics,Luxury,Phương Dương
1261,781,295,15,31670925.0,2111395.0,327,2023-02-27,2023,2,1,Evolve Value-Added Users,Electronics,Luxury,Hạnh Thị Nguyễn
1262,1592,201,4,501156.0,125289.0,365,2023-04-20,2023,4,2,Architect Viral Metrics,Furniture,Mid,
1263,1260,182,5,4404645.0,880929.0,210,2024-12-30,2024,12,4,Brand Rich Action-Items,Books,Premium,Trung Nguyễn
1264,1132,144,9,1234440.0,137160.0,115,2023-07-26,2023,7,3,Integrate Bleeding-Edge Partnerships,Electronics,Mid,
1265,1104,187,13,46398664.0,3569128.0,309,2023-06-17,2023,6,2,Maximize Bleeding-Edge Bandwidth,Furniture,Luxury,Cô Hạnh Nguyễn
1266,1860,164,19,94245852.0,4960308.0,278,2024-01-21,2024,1,1,Enable Distributed Partnerships,Clothing,Luxury,
1267,1368,258,3,390948.0,130316.0,74,2023-05-16,2023,5,2,Deliver Killer Info-Mediaries,Food,Mid,
1268,1636,3,17,44091081.0,2593593.0,48,2024-09-26,2024,9,3,Cultivate Rich Schemas,Electronics,Luxury,
1269,1411,147,13,38954786.0,2996522.0,117,2024-02-28,2024,2,1,Disintermediate Cutting-Edge Info-Mediaries,Electronics,Luxury,Bác Phúc Mai
1270,1480,247,20,87938120.0,4396906.0,351,2024-12-16,2024,12,4,Synthesize Scalable Methodologies,Books,Luxury,
1271,301,161,3,7040733.0,2346911.0,500,2024-08-29,2024,8,3,Innovate Proactive Web-Readiness,Books,Luxury,Phương Dương
1272,450,25,17,30850852.0,1814756.0,275,2024-11-17,2024,11,4,Reinvent Scalable Eyeballs,Electronics,Premium,Bác Minh Nguyễn
1273,151,94,8,2588544.0,323568.0,138,2024-03-03,2024,3,1,Morph Web-Enabled Convergence,Electronics,Mid,Dương Hoàng
1274,784,132,13,32314607.0,2485739.0,343,2024-11-21,2024,11,4,Streamline Compelling Communities,Electronics,Luxury,
1275,605,94,6,1941408.0,323568.0,416,2023-11-10,2023,11,4,Morph Web-Enabled Convergence,Electronics,Mid,
1276,1324,15,9,21544947.0,2393883.0,387,2024-11-09,2024,11,4,Maximize Back-End Infrastructures,Clothing,Luxury,Anh Mai
1277,1278,156,5,18932600.0,3786520.0,28,2024-05-17,2024,5,2,Target End-To-End Web Services,Food,Luxury,
1278,1440,101,15,54116910.0,3607794.0,108,2023-08-10,2023,8,3,Extend Customized E-Tailers,Books,Luxury,
1279,1201,116,12,34792392.0,2899366.0,162,2023-12-06,2023,12,4,Cultivate 24/7 Communities,Sports,Luxury,Dũng Mai
1280,706,141,17,55022013.0,3236589.0,374,2023-03-04,2023,3,1,Innovate Vertical Markets,Electronics,Luxury,
1281,1672,103,16,69834256.0,4364641.0,458,2024-01-25,2024,1,1,Strategize Web-Enabled Action-Items,Sports,Luxury,
1282,1591,84,9,34845750.0,3871750.0,190,2024-10-16,2024,10,4,Grow Dynamic Communities,Sports,Luxury,
1283,838,212,6,15863232.0,2643872.0,403,2023-12-16,2023,12,4,Reinvent Distributed E-Commerce,Books,Luxury,
1284,1310,196,6,9416370.0,1569395.0,294,2024-05-29,2024,5,2,Repurpose Innovative E-Services,Electronics,Premium,Thành Thị Bùi
1285,1440,284,10,24413490.0,2441349.0,108,2023-08-10,2023,8,3,Re-Intermediate Mission-Critical E-Markets,Sports,Luxury,
1286,355,55,2,7273102.0,3636551.0,475,2023-12-22,2023,12,4,Seize Efficient Communities,Food,Luxury,
1287,1746,108,12,48061248.0,4005104.0,408,2023-09-21,2023,9,3,Generate Value-Added Convergence,Clothing,Luxury,
1288,1504,271,20,18317180.0,915859.0,262,2023-05-08,2023,5,2,Transition Holistic Partnerships,Sports,Premium,
1289,1900,222,18,65203308.0,3622406.0,114,2023-04-30,2023,4,2,Enable Customized Architectures,Furniture,Luxury,
1290,1466,52,16,27873760.0,1742110.0,88,2023-07-07,2023,7,3,Re-Contextualize Dynamic Experiences,Clothing,Premium,
1291,46,208,17,23601253.0,1388309.0,375,2024-03-24,2024,3,1,Engage Dot-Com E-Commerce,Furniture,Premium,Quý cô Kim Dương
1292,1115,276,15,59184900.0,3945660.0,481,2023-09-23,2023,9,3,Scale Dot-Com Web Services,Electronics,Luxury,Hải Mai Lê
1293,999,93,18,16001388.0,888966.0,498,2023-07-22,2023,7,3,Implement 24/365 Systems,Clothing,Premium,
1294,1223,233,10,21142400.0,2114240.0,454,2023-03-17,2023,3,1,Monetize Cross-Media Users,Books,Luxury,
1295,332,64,12,32616348.0,2718029.0,249,2023-02-28,2023,2,1,Unleash End-To-End Methodologies,Furniture,Luxury,Bà Yến Trần
1296,1411,237,1,1180117.0,1180117.0,117,2024-02-28,2024,2,1,Engineer E-Business Technologies,Sports,Premium,Bác Phúc Mai
1297,438,52,11,19163210.0,1742110.0,391,2023-04-28,2023,4,2,Re-Contextualize Dynamic Experiences,Clothing,Premium,
1298,860,151,10,27472380.0,2747238.0,274,2023-12-13,2023,12,4,Synthesize Distributed Systems,Clothing,Luxury,
1299,1451,31,1,786865.0,786865.0,348,2024-04-27,2024,4,2,Expedite Transparent Niches,Clothing,Premium,Bà Hà Nguyễn
1300,1982,165,12,9357672.0,779806.0,118,2023-07-19,2023,7,3,Disintermediate Innovative Experiences,Sports,Premium,Tùng Mai Mai
1301,343,128,7,18669203.0,2667029.0,314,2023-07-18,2023,7,3,Seize Value-Added Bandwidth,Sports,Luxury,
1302,692,183,5,3909395.0,781879.0,461,2024-12-15,2024,12,4,Seize Innovative Methodologies,Electronics,Premium,Khoa Vũ
1303,1296,25,17,30850852.0,1814756.0,138,2023-06-21,2023,6,2,Reinvent Scalable Eyeballs,Electronics,Premium,Dương Hoàng
1304,348,240,14,60026302.0,4287593.0,483,2024-05-13,2024,5,2,Streamline Extensible E-Commerce,Electronics,Luxury,Anh Tùng Đặng
1305,681,90,10,15256140.0,1525614.0,491,2023-02-07,2023,2,1,Drive Collaborative Experiences,Electronics,Premium,
1306,186,223,20,10094620.0,504731.0,338,2024-04-13,2024,4,2,Revolutionize Out-Of-The-Box Action-Items,Clothing,Premium,
1307,1999,295,2,4222790.0,2111395.0,182,2023-11-30,2023,11,4,Evolve Value-Added Users,Electronics,Luxury,Chi Vũ
1308,1763,165,4,3119224.0,779806.0,398,2024-12-17,2024,12,4,Disintermediate Innovative Experiences,Sports,Premium,Ông Quang Vũ
1309,567,164,20,99206160.0,4960308.0,114,2023-05-24,2023,5,2,Enable Distributed Partnerships,Clothing,Luxury,
1310,607,283,5,3883190.0,776638.0,189,2024-03-29,2024,3,1,Evolve Cross-Platform Mindshare,Food,Premium,
1311,488,81,13,2372383.0,182491.0,326,2024-07-07,2024,7,3,Incentivize Frictionless Experiences,Clothing,Mid,
1312,629,192,15,59906145.0,3993743.0,58,2024-05-16,2024,5,2,Re-Contextualize Open-Source Applications,Books,Luxury,Nhiên Nguyễn
1313,1756,41,2,9441324.0,4720662.0,468,2023-12-08,2023,12,4,Harness Compelling Partnerships,Books,Luxury,Dũng Vũ
1314,1432,36,5,2166580.0,433316.0,435,2023-04-26,2023,4,2,Extend Magnetic Supply-Chains,Food,Mid,Khoa Mai
1315,56,151,18,49450284.0,2747238.0,128,2023-04-06,2023,4,2,Synthesize Distributed Systems,Clothing,Luxury,Cô Yến Bùi
1316,648,15,17,40696011.0,2393883.0,71,2024-01-10,2024,1,1,Maximize Back-End Infrastructures,Clothing,Luxury,Tú Hữu Nguyễn
1317,1006,212,2,5287744.0,2643872.0,436,2023-04-13,2023,4,2,Reinvent Distributed E-Commerce,Books,Luxury,
1318,1024,251,9,38803599.0,4311511.0,79,2024-06-13,2024,6,2,Incubate Cross-Platform Platforms,Electronics,Luxury,
1319,1160,162,17,73666712.0,4333336.0,428,2023-06-05,2023,6,2,Syndicate Best-Of-Breed Communities,Electronics,Luxury,
1320,1647,94,16,5177088.0,323568.0,89,2024-08-14,2024,8,3,Morph Web-Enabled Convergence,Electronics,Mid,Nhật Hải Trần
1321,173,258,11,1433476.0,130316.0,363,2024-11-28,2024,11,4,Deliver Killer Info-Mediaries,Food,Mid,Bác Trung Hoàng
1322,248,222,4,14489624.0,3622406.0,459,2024-08-23,2024,8,3,Enable Customized Architectures,Furniture,Luxury,Khoa Thế Phạm
1323,1145,85,16,17449536.0,1090596.0,435,2023-01-06,2023,1,1,Benchmark Cutting-Edge Mindshare,Furniture,Premium,Khoa Mai
1324,496,192,12,47924916.0,3993743.0,466,2023-02-25,2023,2,1,Re-Contextualize Open-Source Applications,Books,Luxury,An Nguyễn
1325,1732,135,15,9869745.0,657983.0,118,2024-08-16,2024,8,3,Engage Bricks-And-Clicks E-Markets,Furniture,Premium,Tùng Mai Mai
1326,1020,243,10,18159350.0,1815935.0,258,2024-04-22,2024,4,2,Streamline Turn-Key Supply-Chains,Electronics,Premium,
1327,1895,276,6,23673960.0,3945660.0,349,2023-02-06,2023,2,1,Scale Dot-Com Web Services,Electronics,Luxury,Phúc Lê
1328,829,293,19,56090736.0,2952144.0,79,2023-09-12,2023,9,3,Disintermediate E-Business Channels,Clothing,Luxury,
1329,1789,187,1,3569128.0,3569128.0,405,2024-06-25,2024,6,2,Maximize Bleeding-Edge Bandwidth,Furniture,Luxury,
1330,1190,10,13,15228889.0,1171453.0,467,2024-07-26,2024,7,3,Seize Wireless Web-Readiness,Food,Premium,Quang Dương
1331,1485,108,12,48061248.0,4005104.0,451,2024-08-28,2024,8,3,Generate Value-Added Convergence,Clothing,Luxury,
1332,580,78,4,19340332.0,4835083.0,315,2023-01-20,2023,1,1,Leverage Visionary Experiences,Clothing,Luxury,
1333,1707,165,2,1559612.0,779806.0,136,2023-04-04,2023,4,2,Disintermediate Innovative Experiences,Sports,Premium,Bà Linh Mai
1334,1839,57,4,6146872.0,1536718.0,445,2024-11-06,2024,11,4,Harness Sticky Web-Readiness,Food,Premium,Ánh Lê
1335,1150,64,6,16308174.0,2718029.0,10,2023-07-07,2023,7,3,Unleash End-To-End Methodologies,Furniture,Luxury,
1336,551,22,15,26372865.0,1758191.0,396,2024-03-22,2024,3,1,Orchestrate Holistic Interfaces,Furniture,Premium,Phúc Đức Trần
1337,924,111,5,3573450.0,714690.0,298,2024-04-09,2024,4,2,Optimize Dynamic Web Services,Books,Premium,Hưng Vũ
1338,865,140,3,10755051.0,3585017.0,208,2023-09-10,2023,9,3,Generate 24/365 Eyeballs,Food,Luxury,Ngọc Bùi
1339,1934,115,17,53512889.0,3147817.0,340,2023-06-13,2023,6,2,Embrace Strategic Users,Food,Luxury,
1340,1423,244,8,27032088.0,3379011.0,94,2024-02-02,2024,2,1,Generate Holistic E-Commerce,Electronics,Luxury,Kim Lê
1341,498,50,15,38405610.0,2560374.0,349,2023-01-08,2023,1,1,Visualize One-To-One E-Business,Books,Luxury,Phúc Lê
1342,1548,147,6,17979132.0,2996522.0,488,2023-07-31,2023,7,3,Disintermediate Cutting-Edge Info-Mediaries,Electronics,Luxury,Thành Mai
1343,1193,224,6,16444728.0,2740788.0,205,2023-08-21,2023,8,3,E-Enable Robust Communities,Books,Luxury,
1344,1196,266,12,11946828.0,995569.0,141,2023-04-25,2023,4,2,Reinvent Mission-Critical Systems,Clothing,Premium,
1345,1929,211,16,48497456.0,3031091.0,416,2024-08-07,2024,8,3,Optimize Proactive Systems,Books,Luxury,
1346,1979,99,19,49845056.0,2623424.0,306,2023-12-11,2023,12,4,Synthesize Enterprise Synergies,Clothing,Luxury,
1347,673,154,9,19231461.0,2136829.0,41,2023-06-30,2023,6,2,Maximize E-Business Models,Clothing,Luxury,Phương Đức Mai
1348,1947,1,11,15389913.0,1399083.0,303,2024-09-19,2024,9,3,Engineer Next-Generation Infrastructures,Furniture,Premium,Khoa Phú Hoàng
1349,1998,160,9,18704142.0,2078238.0,130,2024-10-05,2024,10,4,Engage Collaborative Bandwidth,Furniture,Luxury,Anh Tấn Bùi
1350,1881,81,13,2372383.0,182491.0,359,2024-03-24,2024,3,1,Incentivize Frictionless Experiences,Clothing,Mid,
1351,570,69,11,54031373.0,4911943.0,81,2023-11-21,2023,11,4,Morph Robust E-Markets,Sports,Luxury,Kim Hoàng
1352,997,55,8,29092408.0,3636551.0,92,2024-12-06,2024,12,4,Seize Efficient Communities,Food,Luxury,Bảo Hoàng Bùi
1353,729,30,13,17205162.0,1323474.0,363,2023-03-27,2023,3,1,Benchmark Customized Partnerships,Clothing,Premium,Bác Trung Hoàng
1354,293,233,14,29599360.0,2114240.0,321,2023-04-11,2023,4,2,Monetize Cross-Media Users,Books,Luxury,
1355,1557,143,20,16947920.0,847396.0,414,2023-06-06,2023,6,2,Facilitate Granular Channels,Electronics,Premium,
1356,591,226,2,4717002.0,2358501.0,400,2023-07-28,2023,7,3,Evolve Rich Experiences,Electronics,Luxury,Bác Trung Bùi
1357,873,172,1,3703438.0,3703438.0,39,2024-01-29,2024,1,1,Seize Virtual Functionalities,Sports,Luxury,
1358,81,184,17,10088412.0,593436.0,429,2023-11-27,2023,11,4,Deploy Extensible Infrastructures,Food,Premium,Hạnh Bùi
1359,1587,106,20,13822000.0,691100.0,470,2024-01-28,2024,1,1,Streamline Turn-Key E-Commerce,Furniture,Premium,
1360,681,197,11,42905841.0,3900531.0,491,2023-02-07,2023,2,1,Scale Plug-And-Play E-Services,Electronics,Luxury,
1361,1094,22,4,7032764.0,1758191.0,186,2024-10-30,2024,10,4,Orchestrate Holistic Interfaces,Furniture,Premium,Quý ông Anh Nguyễn
1362,322,217,12,31843872.0,2653656.0,437,2023-05-17,2023,5,2,Deliver Wireless Metrics,Clothing,Luxury,Trung Hoàng
1363,1797,168,7,12833527.0,1833361.0,161,2024-01-25,2024,1,1,Synthesize Virtual E-Markets,Furniture,Premium,Bảo Dương
1364,291,142,20,89452320.0,4472616.0,226,2023-02-13,2023,2,1,Maximize Proactive Action-Items,Books,Luxury,
1365,427,19,9,10766061.0,1196229.0,67,2024-07-22,2024,7,3,Strategize B2B Partnerships,Clothing,Premium,
1366,1444,3,18,46684674.0,2593593.0,249,2024-09-19,2024,9,3,Cultivate Rich Schemas,Electronics,Luxury,Bà Yến Trần
1367,672,54,12,23716788.0,1976399.0,103,2024-01-01,2024,1,1,Benchmark Killer Paradigms,Clothing,Premium,
1368,1819,106,5,3455500.0,691100.0,199,2024-12-14,2024,12,4,Streamline Turn-Key E-Commerce,Furniture,Premium,
1369,999,253,12,47287920.0,3940660.0,498,2023-07-22,2023,7,3,Incentivize Sticky Niches,Furniture,Luxury,
1370,1030,201,13,1628757.0,125289.0,384,2024-11-28,2024,11,4,Architect Viral Metrics,Furniture,Mid,
1371,1111,139,5,13665580.0,2733116.0,255,2024-10-04,2024,10,4,Architect Innovative Systems,Electronics,Luxury,Minh Đức Trần
1372,1400,111,18,12864420.0,714690.0,494,2023-02-12,2023,2,1,Optimize Dynamic Web Services,Books,Premium,Chi Nguyễn
1373,291,273,19,28648295.0,1507805.0,226,2023-02-13,2023,2,1,Evolve Enterprise Experiences,Food,Premium,
1374,926,20,13,5931185.0,456245.0,170,2023-05-21,2023,5,2,Engineer Integrated Deliverables,Food,Mid,Quý cô Vân Phạm
1375,317,59,4,6722908.0,1680727.0,242,2024-08-31,2024,8,3,Re-Intermediate Synergistic Convergence,Books,Premium,
1376,236,31,4,3147460.0,786865.0,253,2023-04-12,2023,4,2,Expedite Transparent Niches,Clothing,Premium,Bác Hưng Hoàng
1377,1765,278,1,4637673.0,4637673.0,304,2023-03-06,2023,3,1,Productize Dot-Com Deliverables,Furniture,Luxury,
1378,312,295,15,31670925.0,2111395.0,292,2023-04-12,2023,4,2,Evolve Value-Added Users,Electronics,Luxury,
1379,1892,134,1,3693088.0,3693088.0,50,2024-06-28,2024,6,2,Matrix Revolutionary Applications,Electronics,Luxury,
1380,994,187,9,32122152.0,3569128.0,108,2023-11-15,2023,11,4,Maximize Bleeding-Edge Bandwidth,Furniture,Luxury,
1381,1280,123,5,593845.0,118769.0,421,2024-09-03,2024,9,3,Utilize Open-Source Mindshare,Books,Mid,Khoa Phạm
1382,188,243,8,14527480.0,1815935.0,134,2024-02-09,2024,2,1,Streamline Turn-Key Supply-Chains,Electronics,Premium,
1383,1411,141,4,12946356.0,3236589.0,117,2024-02-28,2024,2,1,Innovate Vertical Markets,Electronics,Luxury,Bác Phúc Mai
1384,770,219,20,9721400.0,486070.0,438,2024-10-31,2024,10,4,Matrix Vertical Systems,Books,Mid,Hải Đặng
1385,1156,215,1,2208590.0,2208590.0,229,2023-03-17,2023,3,1,Scale Impactful Deliverables,Furniture,Luxury,
1386,577,138,18,68734224.0,3818568.0,417,2023-11-15,2023,11,4,Empower Enterprise Architectures,Food,Luxury,
1387,835,77,9,35527032.0,3947448.0,302,2023-03-18,2023,3,1,Brand Innovative Portals,Furniture,Luxury,Tú Mai
1388,486,47,4,13465068.0,3366267.0,48,2024-12-08,2024,12,4,Morph Front-End Schemas,Food,Luxury,
1389,801,252,12,47669292.0,3972441.0,443,2023-12-01,2023,12,4,Evolve Revolutionary Web-Readiness,Books,Luxury,
1390,1675,28,10,38177520.0,3817752.0,475,2024-08-04,2024,8,3,Cultivate Dot-Com Deliverables,Books,Luxury,
1391,597,94,18,5824224.0,323568.0,392,2023-04-04,2023,4,2,Morph Web-Enabled Convergence,Electronics,Mid,Hải Hải Vũ
1392,226,10,16,18743248.0,1171453.0,76,2023-05-24,2023,5,2,Seize Wireless Web-Readiness,Food,Premium,
1393,1697,190,10,39926870.0,3992687.0,369,2023-10-19,2023,10,4,Streamline Clicks-And-Mortar Interfaces,Books,Luxury,Trung Đức Đặng
1394,320,38,2,1554738.0,777369.0,37,2024-07-11,2024,7,3,Brand Clicks-And-Mortar Portals,Books,Premium,
1395,1591,35,15,38752995.0,2583533.0,190,2024-10-16,2024,10,4,Syndicate Compelling Web Services,Books,Luxury,
1396,739,178,16,74394272.0,4649642.0,391,2023-12-24,2023,12,4,Whiteboard Next-Generation Platforms,Electronics,Luxury,
1397,801,35,3,7750599.0,2583533.0,443,2023-12-01,2023,12,4,Syndicate Compelling Web Services,Books,Luxury,
1398,95,208,8,11106472.0,1388309.0,143,2024-03-24,2024,3,1,Engage Dot-Com E-Commerce,Furniture,Premium,
1399,887,113,6,15432114.0,2572019.0,272,2023-09-24,2023,9,3,Brand Mission-Critical Niches,Books,Luxury,
1400,1691,102,4,10128672.0,2532168.0,91,2024-07-12,2024,7,3,Strategize Customized Schemas,Food,Luxury,
1401,833,15,16,38302128.0,2393883.0,151,2024-08-16,2024,8,3,Maximize Back-End Infrastructures,Clothing,Luxury,
1402,537,239,13,45095531.0,3468887.0,480,2024-04-11,2024,4,2,Cultivate Interactive E-Tailers,Furniture,Luxury,Châu Tấn Mai
1403,459,18,3,6057255.0,2019085.0,106,2024-08-20,2024,8,3,Empower Dot-Com Applications,Food,Luxury,Nhật Nguyễn
1404,1326,36,18,7799688.0,433316.0,243,2024-08-25,2024,8,3,Extend Magnetic Supply-Chains,Food,Mid,Bà Vân Phạm
1405,505,145,1,3673582.0,3673582.0,292,2023-07-27,2023,7,3,Incentivize B2B Roi,Electronics,Luxury,
1406,56,225,9,4624848.0,513872.0,128,2023-04-06,2023,4,2,Transform Proactive Markets,Electronics,Premium,Cô Yến Bùi
1407,806,85,15,16358940.0,1090596.0,431,2023-09-13,2023,9,3,Benchmark Cutting-Edge Mindshare,Furniture,Premium,Nam Thế Lê
1408,1777,235,7,33925052.0,4846436.0,153,2023-02-11,2023,2,1,Mesh Proactive Relationships,Clothing,Luxury,Bảo Hoàng
1409,193,98,2,1731220.0,865610.0,184,2023-03-17,2023,3,1,Envisioneer Bleeding-Edge Deliverables,Clothing,Premium,Linh Vũ
1410,902,17,19,66835844.0,3517676.0,387,2024-07-13,2024,7,3,Exploit Holistic Info-Mediaries,Electronics,Luxury,Anh Mai
1411,1637,227,10,25893310.0,2589331.0,118,2024-09-04,2024,9,3,Monetize Strategic E-Business,Food,Luxury,Tùng Mai Mai
1412,695,124,1,2413030.0,2413030.0,416,2023-03-05,2023,3,1,Extend Global Applications,Books,Luxury,
1413,1098,273,19,28648295.0,1507805.0,293,2023-09-21,2023,9,3,Evolve Enterprise Experiences,Food,Premium,Lâm Nguyễn
1414,1933,32,11,43838069.0,3985279.0,173,2024-12-02,2024,12,4,Iterate Intuitive Networks,Clothing,Luxury,Quý ông Vũ Lê
1415,1619,260,1,1123298.0,1123298.0,266,2024-06-07,2024,6,2,Revolutionize Frictionless Web Services,Clothing,Premium,Cô Ánh Trần
1416,360,170,4,17547836.0,4386959.0,232,2023-08-14,2023,8,3,Re-Intermediate Best-Of-Breed Info-Mediaries,Electronics,Luxury,Phương Dương
1417,1639,156,16,60584320.0,3786520.0,221,2023-11-05,2023,11,4,Target End-To-End Web Services,Food,Luxury,
1418,1520,279,16,1440944.0,90059.0,83,2024-09-26,2024,9,3,Generate B2C Web-Readiness,Food,Budget,Châu Mai Dương
1419,1345,64,14,38052406.0,2718029.0,481,2023-02-09,2023,2,1,Unleash End-To-End Methodologies,Furniture,Luxury,Hải Mai Lê
1420,1776,280,5,4535490.0,907098.0,233,2024-05-19,2024,5,2,Mesh Leading-Edge E-Commerce,Furniture,Premium,Lâm Trần
1421,986,15,19,45483777.0,2393883.0,424,2024-05-18,2024,5,2,Maximize Back-End Infrastructures,Clothing,Luxury,Nhiên Xuân Đặng
1422,719,27,7,3063445.0,437635.0,224,2024-12-16,2024,12,4,Incentivize Compelling Relationships,Sports,Mid,
1423,1839,225,7,3597104.0,513872.0,445,2024-11-06,2024,11,4,Transform Proactive Markets,Electronics,Premium,Ánh Lê
1424,1404,21,17,36383587.0,2140211.0,194,2023-08-26,2023,8,3,Mesh User-Centric Functionalities,Food,Luxury,An Văn Hoàng
1425,409,275,9,28143729.0,3127081.0,55,2024-08-27,2024,8,3,Deliver Frictionless Niches,Electronics,Luxury,
1426,214,60,6,13483602.0,2247267.0,55,2023-03-05,2023,3,1,Drive Mission-Critical Web-Readiness,Sports,Luxury,
1427,651,298,15,40772100.0,2718140.0,366,2024-12-14,2024,12,4,Redefine Wireless Portals,Clothing,Luxury,
1428,567,97,13,57056662.0,4388974.0,114,2023-05-24,2023,5,2,Drive Strategic Convergence,Electronics,Luxury,
1429,558,168,1,1833361.0,1833361.0,496,2024-11-20,2024,11,4,Synthesize Virtual E-Markets,Furniture,Premium,
1430,1422,2,19,47227844.0,2485676.0,206,2024-09-07,2024,9,3,Re-Intermediate Mission-Critical Functionalities,Books,Luxury,Quang Bùi
1431,101,144,11,1508760.0,137160.0,462,2023-08-01,2023,8,3,Integrate Bleeding-Edge Partnerships,Electronics,Mid,
1432,1079,181,16,70199728.0,4387483.0,344,2024-09-04,2024,9,3,Orchestrate End-To-End Markets,Electronics,Luxury,Kim Đức Hoàng
1433,1141,171,11,1386880.0,126080.0,372,2024-10-21,2024,10,4,Aggregate Synergistic Partnerships,Food,Mid,Hải Vũ
1434,463,128,5,13335145.0,2667029.0,254,2024-10-06,2024,10,4,Seize Value-Added Bandwidth,Sports,Luxury,
1435,229,152,4,14609300.0,3652325.0,44,2023-07-26,2023,7,3,Repurpose Open-Source Paradigms,Sports,Luxury,An Hoàng
1436,1175,209,7,3465483.0,495069.0,378,2024-06-10,2024,6,2,Evolve Visionary Content,Food,Mid,
1437,83,217,5,13268280.0,2653656.0,385,2024-06-01,2024,6,2,Deliver Wireless Metrics,Clothing,Luxury,Hà Mai
1438,468,76,12,44271672.0,3689306.0,173,2023-07-21,2023,7,3,Maximize B2B Platforms,Clothing,Luxury,Quý ông Vũ Lê
1439,1869,216,20,90879480.0,4543974.0,378,2024-01-06,2024,1,1,Whiteboard Killer Convergence,Clothing,Luxury,
1440,843,129,10,46252720.0,4625272.0,240,2023-08-16,2023,8,3,Synthesize Customized E-Markets,Furniture,Luxury,Phúc Trí Dương
1441,220,225,16,8221952.0,513872.0,140,2024-02-16,2024,2,1,Transform Proactive Markets,Electronics,Premium,
1442,1804,133,14,34431502.0,2459393.0,382,2023-05-07,2023,5,2,E-Enable Sticky Relationships,Furniture,Luxury,
1443,84,166,17,47438415.0,2790495.0,433,2023-08-14,2023,8,3,Seize Virtual Vortals,Food,Luxury,Cô Mai Trần
1444,1662,14,11,22110517.0,2010047.0,206,2023-11-04,2023,11,4,Cultivate Back-End Info-Mediaries,Food,Luxury,Quang Bùi
1445,38,256,6,9629868.0,1604978.0,410,2023-10-12,2023,10,4,Incentivize Customized E-Services,Clothing,Premium,Quý cô Thành Bùi
1446,1007,98,10,8656100.0,865610.0,163,2023-10-11,2023,10,4,Envisioneer Bleeding-Edge Deliverables,Clothing,Premium,
1447,331,113,15,38580285.0,2572019.0,358,2023-01-06,2023,1,1,Brand Mission-Critical Niches,Books,Luxury,
1448,221,48,12,30847380.0,2570615.0,156,2024-01-14,2024,1,1,Scale Global E-Tailers,Clothing,Luxury,Bảo Văn Bùi
1449,184,300,14,44005864.0,3143276.0,365,2023-07-09,2023,7,3,E-Enable B2B Initiatives,Electronics,Luxury,
1450,382,43,20,30708980.0,1535449.0,497,2023-03-10,2023,3,1,Reinvent Compelling Synergies,Furniture,Premium,Chị Hồng Trần
1451,570,96,16,56434928.0,3527183.0,81,2023-11-21,2023,11,4,Orchestrate Magnetic Eyeballs,Books,Luxury,Kim Hoàng
1452,262,11,9,5517117.0,613013.0,87,2024-10-23,2024,10,4,Envisioneer Cross-Media Paradigms,Food,Premium,Anh Hoàng Hoàng
1453,288,18,6,12114510.0,2019085.0,438,2023-01-05,2023,1,1,Empower Dot-Com Applications,Food,Luxury,Hải Đặng
1454,34,268,12,39848916.0,3320743.0,496,2024-03-19,2024,3,1,Reinvent One-To-One Synergies,Furniture,Luxury,
1455,19,283,5,3883190.0,776638.0,67,2024-08-04,2024,8,3,Evolve Cross-Platform Mindshare,Food,Premium,
1456,423,107,10,17905760.0,1790576.0,189,2023-04-17,2023,4,2,Target Vertical E-Markets,Books,Premium,
1457,911,67,11,52342961.0,4758451.0,140,2024-06-13,2024,6,2,Disintermediate Cutting-Edge Roi,Furniture,Luxury,
1458,938,70,1,2454729.0,2454729.0,352,2024-10-26,2024,10,4,Utilize Next-Generation Schemas,Food,Luxury,Nhật Đặng
1459,1502,16,5,5815060.0,1163012.0,130,2023-10-29,2023,10,4,Streamline Killer Relationships,Sports,Premium,Anh Tấn Bùi
1460,605,169,4,9470936.0,2367734.0,416,2023-11-10,2023,11,4,Cultivate Scalable Applications,Books,Luxury,
1461,920,261,5,9520370.0,1904074.0,227,2023-04-04,2023,4,2,Exploit Back-End Markets,Sports,Premium,Thành Thị Bùi
1462,1927,239,7,24282209.0,3468887.0,429,2024-11-19,2024,11,4,Cultivate Interactive E-Tailers,Furniture,Luxury,Hạnh Bùi
1463,1511,102,11,27853848.0,2532168.0,498,2024-08-27,2024,8,3,Strategize Customized Schemas,Food,Luxury,
1464,581,104,2,3447110.0,1723555.0,431,2023-01-27,2023,1,1,Enhance Visionary Content,Electronics,Premium,Nam Thế Lê
1465,1278,134,5,18465440.0,3693088.0,28,2024-05-17,2024,5,2,Matrix Revolutionary Applications,Electronics,Luxury,
1466,233,184,4,2373744.0,593436.0,171,2023-11-29,2023,11,4,Deploy Extensible Infrastructures,Food,Premium,Thảo Hoàng
1467,431,35,5,12917665.0,2583533.0,222,2023-03-08,2023,3,1,Syndicate Compelling Web Services,Books,Luxury,Bác Hưng Nguyễn
1468,1644,172,19,70365322.0,3703438.0,109,2023-04-11,2023,4,2,Seize Virtual Functionalities,Sports,Luxury,An Hữu Đặng
1469,1659,69,10,49119430.0,4911943.0,402,2023-07-30,2023,7,3,Morph Robust E-Markets,Sports,Luxury,
1470,1530,127,7,20685280.0,2955040.0,150,2024-05-14,2024,5,2,Extend Magnetic Schemas,Furniture,Luxury,
1471,1653,236,13,32434831.0,2494987.0,45,2024-09-07,2024,9,3,Innovate Compelling Content,Clothing,Luxury,
1472,1614,212,1,2643872.0,2643872.0,7,2024-11-19,2024,11,4,Reinvent Distributed E-Commerce,Books,Luxury,Vân Đặng
1473,1558,103,16,69834256.0,4364641.0,260,2024-05-31,2024,5,2,Strategize Web-Enabled Action-Items,Sports,Luxury,
1474,1536,221,2,3390710.0,1695355.0,183,2023-10-27,2023,10,4,Innovate Scalable Action-Items,Furniture,Premium,
1475,1721,269,14,53390848.0,3813632.0,411,2023-06-15,2023,6,2,Unleash Plug-And-Play Markets,Clothing,Luxury,
1476,872,208,13,18048017.0,1388309.0,289,2023-06-13,2023,6,2,Engage Dot-Com E-Commerce,Furniture,Premium,
1477,127,235,15,72696540.0,4846436.0,294,2024-04-20,2024,4,2,Mesh Proactive Relationships,Clothing,Luxury,Thành Thị Bùi
1478,765,193,12,26333328.0,2194444.0,485,2023-04-17,2023,4,2,Disintermediate Bricks-And-Clicks Partnerships,Food,Luxury,
1479,1717,59,4,6722908.0,1680727.0,222,2023-10-19,2023,10,4,Re-Intermediate Synergistic Convergence,Books,Premium,Bác Hưng Nguyễn
1480,548,35,11,28418863.0,2583533.0,209,2023-07-01,2023,7,3,Syndicate Compelling Web Services,Books,Luxury,Hải Phú Hoàng
1481,355,212,18,47589696.0,2643872.0,475,2023-12-22,2023,12,4,Reinvent Distributed E-Commerce,Books,Luxury,
1482,775,92,17,20051245.0,1179485.0,38,2023-11-13,2023,11,4,Unleash Innovative E-Business,Furniture,Premium,Lan Vũ
1483,794,232,1,2272024.0,2272024.0,276,2024-05-12,2024,5,2,Brand Viral Roi,Clothing,Luxury,Thành Hữu Đặng
1484,550,144,11,1508760.0,137160.0,138,2023-06-21,2023,6,2,Integrate Bleeding-Edge Partnerships,Electronics,Mid,Dương Hoàng
1485,47,254,10,47669080.0,4766908.0,79,2023-12-07,2023,12,4,Syndicate Distributed E-Business,Sports,Luxury,
1486,248,51,7,28068663.0,4009809.0,459,2024-08-23,2024,8,3,Strategize Intuitive Web Services,Furniture,Luxury,Khoa Thế Phạm
1487,555,50,18,46086732.0,2560374.0,330,2024-12-27,2024,12,4,Visualize One-To-One E-Business,Books,Luxury,Lâm Xuân Trần
1488,1095,139,12,32797392.0,2733116.0,344,2023-02-06,2023,2,1,Architect Innovative Systems,Electronics,Luxury,Kim Đức Hoàng
1489,1394,252,15,59586615.0,3972441.0,410,2024-02-01,2024,2,1,Evolve Revolutionary Web-Readiness,Books,Luxury,Quý cô Thành Bùi
1490,786,13,13,52678015.0,4052155.0,443,2024-06-03,2024,6,2,Aggregate Robust E-Services,Clothing,Luxury,
1491,978,180,5,7398480.0,1479696.0,382,2023-10-02,2023,10,4,E-Enable Collaborative Technologies,Food,Premium,
1492,1422,171,12,1512960.0,126080.0,206,2024-09-07,2024,9,3,Aggregate Synergistic Partnerships,Food,Mid,Quang Bùi
1493,507,147,5,14982610.0,2996522.0,441,2024-07-03,2024,7,3,Disintermediate Cutting-Edge Info-Mediaries,Electronics,Luxury,Chị Xuân Mai
1494,1372,242,12,27842664.0,2320222.0,25,2024-01-25,2024,1,1,Reinvent Real-Time Architectures,Sports,Luxury,
1495,732,166,3,8371485.0,2790495.0,381,2023-08-22,2023,8,3,Seize Virtual Vortals,Food,Luxury,Hà Đức Bùi
1496,339,97,4,17555896.0,4388974.0,126,2024-03-17,2024,3,1,Drive Strategic Convergence,Electronics,Luxury,Quý cô Khoa Vũ
1497,1989,193,19,41694436.0,2194444.0,3,2024-05-06,2024,5,2,Disintermediate Bricks-And-Clicks Partnerships,Food,Luxury,Bảo Tấn Phạm
1498,1450,69,9,44207487.0,4911943.0,34,2024-04-20,2024,4,2,Morph Robust E-Markets,Sports,Luxury,Phúc Hoàng
1499,479,69,19,93326917.0,4911943.0,137,2024-07-20,2024,7,3,Morph Robust E-Markets,Sports,Luxury,Quý cô Linh Lê
1500,1209,256,16,25679648.0,1604978.0,6,2024-05-10,2024,5,2,Incentivize Customized E-Services,Clothing,Premium,Quý cô Chi Phạm
1501,118,273,11,16585855.0,1507805.0,19,2023-07-28,2023,7,3,Evolve Enterprise Experiences,Food,Premium,Tùng Hải Lê
1502,1963,117,2,1486260.0,743130.0,346,2024-02-14,2024,2,1,Incubate Innovative Vortals,Electronics,Premium,Phương Hoàng
1503,129,266,10,9955690.0,995569.0,399,2024-11-21,2024,11,4,Reinvent Mission-Critical Systems,Clothing,Premium,Phúc Phạm
1504,472,67,6,28550706.0,4758451.0,225,2023-12-24,2023,12,4,Disintermediate Cutting-Edge Roi,Furniture,Luxury,
1505,366,91,9,38139876.0,4237764.0,1,2023-12-03,2023,12,4,Innovate Global Bandwidth,Sports,Luxury,
1506,1955,5,1,1971550.0,1971550.0,414,2024-03-15,2024,3,1,Redefine 24/365 Architectures,Books,Premium,
1507,264,39,13,39622739.0,3047903.0,284,2023-10-05,2023,10,4,Monetize World-Class Deliverables,Sports,Luxury,
1508,1321,225,6,3083232.0,513872.0,62,2024-01-06,2024,1,1,Transform Proactive Markets,Electronics,Premium,Thành Mai
1509,729,111,15,10720350.0,714690.0,363,2023-03-27,2023,3,1,Optimize Dynamic Web Services,Books,Premium,Bác Trung Hoàng
1510,1649,107,2,3581152.0,1790576.0,473,2023-12-18,2023,12,4,Target Vertical E-Markets,Books,Premium,Nhật Phú Trần
1511,306,222,6,21734436.0,3622406.0,138,2024-07-24,2024,7,3,Enable Customized Architectures,Furniture,Luxury,Dương Hoàng
1512,1844,200,8,24934864.0,3116858.0,82,2024-10-27,2024,10,4,Maximize Open-Source Mindshare,Sports,Luxury,Bác Quang Đặng
1513,1907,72,9,28608228.0,3178692.0,258,2024-06-16,2024,6,2,Strategize Clicks-And-Mortar Methodologies,Books,Luxury,
1514,1385,82,1,4833637.0,4833637.0,124,2024-06-06,2024,6,2,Extend 24/365 Web Services,Electronics,Luxury,Huy Bảo Mai
1515,754,5,12,23658600.0,1971550.0,402,2024-05-21,2024,5,2,Redefine 24/365 Architectures,Books,Premium,
1516,1518,70,2,4909458.0,2454729.0,369,2024-05-31,2024,5,2,Utilize Next-Generation Schemas,Food,Luxury,Trung Đức Đặng
1517,397,201,17,2129913.0,125289.0,54,2023-04-28,2023,4,2,Architect Viral Metrics,Furniture,Mid,Quý cô Hạnh Phạm
1518,590,80,17,22781700.0,1340100.0,300,2023-01-12,2023,1,1,Cultivate Web-Enabled Info-Mediaries,Sports,Premium,
1519,881,148,5,7397075.0,1479415.0,268,2023-09-22,2023,9,3,Unleash Distributed Web-Readiness,Electronics,Premium,Khoa Bùi
1520,829,78,17,82196411.0,4835083.0,79,2023-09-12,2023,9,3,Leverage Visionary Experiences,Clothing,Luxury,
1521,637,291,13,2961595.0,227815.0,12,2023-01-07,2023,1,1,Extend Value-Added Info-Mediaries,Food,Mid,
1522,1147,34,4,5768240.0,1442060.0,257,2023-07-01,2023,7,3,Monetize Back-End Content,Clothing,Premium,
1523,1197,216,13,59071662.0,4543974.0,227,2024-05-25,2024,5,2,Whiteboard Killer Convergence,Clothing,Luxury,Thành Thị Bùi
1524,9,106,1,691100.0,691100.0,313,2024-07-20,2024,7,3,Streamline Turn-Key E-Commerce,Furniture,Premium,
1525,419,170,16,70191344.0,4386959.0,245,2023-04-06,2023,4,2,Re-Intermediate Best-Of-Breed Info-Mediaries,Electronics,Luxury,An Xuân Lê
1526,918,117,10,7431300.0,743130.0,474,2023-11-17,2023,11,4,Incubate Innovative Vortals,Electronics,Premium,Quang Đức Đặng
1527,1750,63,9,20747070.0,2305230.0,116,2024-01-07,2024,1,1,Seize Web-Enabled Solutions,Electronics,Luxury,Anh Bảo Bùi
1528,472,100,16,42166160.0,2635385.0,225,2023-12-24,2023,12,4,Unleash Magnetic Action-Items,Clothing,Luxury,
1529,1145,97,6,26333844.0,4388974.0,435,2023-01-06,2023,1,1,Drive Strategic Convergence,Electronics,Luxury,Khoa Mai
1530,1142,242,19,44084218.0,2320222.0,398,2023-08-23,2023,8,3,Reinvent Real-Time Architectures,Sports,Luxury,Ông Quang Vũ
1531,181,246,11,23991286.0,2181026.0,388,2023-09-27,2023,9,3,Matrix Back-End E-Commerce,Furniture,Luxury,Kim Mai Đặng
1532,1150,89,9,7082451.0,786939.0,10,2023-07-07,2023,7,3,Facilitate Rich Paradigms,Sports,Premium,
1533,1847,152,15,54784875.0,3652325.0,34,2023-08-11,2023,8,3,Repurpose Open-Source Paradigms,Sports,Luxury,Phúc Hoàng
1534,1595,33,11,38475778.0,3497798.0,262,2024-02-21,2024,2,1,Implement 24/7 Applications,Clothing,Luxury,
1535,1349,238,1,387490.0,387490.0,456,2024-05-28,2024,5,2,Enhance E-Business Architectures,Clothing,Mid,Anh Dương
1536,336,163,2,1406644.0,703322.0,266,2023-01-16,2023,1,1,Disintermediate Viral Convergence,Electronics,Premium,Cô Ánh Trần
1537,869,12,16,28186816.0,1761676.0,117,2023-04-01,2023,4,2,Synthesize Cross-Platform Applications,Sports,Premium,Bác Phúc Mai
1538,1818,185,1,1288563.0,1288563.0,426,2024-07-15,2024,7,3,Disintermediate Strategic Deliverables,Clothing,Premium,
1539,1992,163,2,1406644.0,703322.0,138,2023-02-01,2023,2,1,Disintermediate Viral Convergence,Electronics,Premium,Dương Hoàng
1540,1617,258,17,2215372.0,130316.0,26,2024-06-17,2024,6,2,Deliver Killer Info-Mediaries,Food,Mid,
1541,799,175,11,11754094.0,1068554.0,37,2023-08-02,2023,8,3,Engage Robust Initiatives,Electronics,Premium,
1542,447,211,5,15155455.0,3031091.0,56,2024-06-12,2024,6,2,Optimize Proactive Systems,Books,Luxury,
1543,727,102,3,7596504.0,2532168.0,216,2023-05-03,2023,5,2,Strategize Customized Schemas,Food,Luxury,
1544,702,74,18,31448574.0,1747143.0,190,2023-10-01,2023,10,4,Unleash Global Initiatives,Furniture,Premium,
1545,767,68,11,35546082.0,3231462.0,273,2024-09-21,2024,9,3,Matrix Customized Platforms,Furniture,Luxury,
1546,184,121,11,31039437.0,2821767.0,365,2023-07-09,2023,7,3,Evolve Efficient Metrics,Electronics,Luxury,
1547,1770,162,12,52000032.0,4333336.0,202,2024-12-04,2024,12,4,Syndicate Best-Of-Breed Communities,Electronics,Luxury,
1548,1980,265,15,50410710.0,3360714.0,411,2023-04-07,2023,4,2,Incubate Magnetic E-Business,Food,Luxury,
1549,212,41,12,56647944.0,4720662.0,426,2024-12-29,2024,12,4,Harness Compelling Partnerships,Books,Luxury,
1550,388,168,15,27500415.0,1833361.0,93,2023-02-24,2023,2,1,Synthesize Virtual E-Markets,Furniture,Premium,
1551,602,40,16,28592960.0,1787060.0,440,2023-10-26,2023,10,4,Facilitate Distributed Markets,Books,Premium,Chị Hạnh Dương
1552,1072,115,17,53512889.0,3147817.0,329,2023-12-23,2023,12,4,Embrace Strategic Users,Food,Luxury,Khoa Thế Dương
1553,1141,11,9,5517117.0,613013.0,372,2024-10-21,2024,10,4,Envisioneer Cross-Media Paradigms,Food,Premium,Hải Vũ
1554,526,70,17,41730393.0,2454729.0,340,2023-03-04,2023,3,1,Utilize Next-Generation Schemas,Food,Luxury,
1555,847,56,3,11933718.0,3977906.0,113,2024-07-24,2024,7,3,Grow Open-Source Applications,Sports,Luxury,Chị Hà Đặng
1556,202,197,10,39005310.0,3900531.0,389,2024-07-02,2024,7,3,Scale Plug-And-Play E-Services,Electronics,Luxury,Ông Dũng Trần
1557,488,206,5,22930950.0,4586190.0,326,2024-07-07,2024,7,3,Expedite Viral E-Services,Sports,Luxury,
1558,844,259,17,32769336.0,1927608.0,236,2023-10-28,2023,10,4,Matrix Back-End Initiatives,Furniture,Premium,
1559,209,284,17,41502933.0,2441349.0,171,2023-08-09,2023,8,3,Re-Intermediate Mission-Critical E-Markets,Sports,Luxury,Thảo Hoàng
1560,1519,52,8,13936880.0,1742110.0,53,2023-08-01,2023,8,3,Re-Contextualize Dynamic Experiences,Clothing,Premium,
1561,1233,109,19,28338728.0,1491512.0,277,2024-02-10,2024,2,1,Incubate World-Class Systems,Food,Premium,Dũng Vũ
1562,1188,85,5,5452980.0,1090596.0,352,2024-03-26,2024,3,1,Benchmark Cutting-Edge Mindshare,Furniture,Premium,Nhật Đặng
1563,234,77,5,19737240.0,3947448.0,273,2024-03-01,2024,3,1,Brand Innovative Portals,Furniture,Luxury,
1564,919,150,11,48285699.0,4389609.0,184,2024-04-28,2024,4,2,Drive Collaborative Communities,Electronics,Luxury,Linh Vũ
1565,768,163,16,11253152.0,703322.0,328,2023-01-31,2023,1,1,Disintermediate Viral Convergence,Electronics,Premium,Hoàng Nguyễn
1566,218,210,16,9233168.0,577073.0,404,2023-09-27,2023,9,3,Maximize Robust Convergence,Electronics,Premium,Ngọc Mai
1567,1543,173,11,20890562.0,1899142.0,224,2024-12-05,2024,12,4,Utilize User-Centric E-Markets,Furniture,Premium,
1568,1087,130,17,69760061.0,4103533.0,206,2023-01-20,2023,1,1,Leverage Rich Paradigms,Electronics,Luxury,Quang Bùi
1569,438,83,3,3731718.0,1243906.0,391,2023-04-28,2023,4,2,Unleash Viral Paradigms,Clothing,Premium,
1570,1822,28,7,26724264.0,3817752.0,277,2023-10-01,2023,10,4,Cultivate Dot-Com Deliverables,Books,Luxury,Dũng Vũ
1571,1832,220,5,19288220.0,3857644.0,40,2024-08-05,2024,8,3,Generate Killer Mindshare,Sports,Luxury,
1572,425,228,18,47304090.0,2628005.0,498,2024-09-29,2024,9,3,Envisioneer Collaborative Applications,Food,Luxury,
1573,197,78,8,38680664.0,4835083.0,428,2023-10-01,2023,10,4,Leverage Visionary Experiences,Clothing,Luxury,
1574,1446,85,17,18540132.0,1090596.0,55,2024-03-21,2024,3,1,Benchmark Cutting-Edge Mindshare,Furniture,Premium,
1575,1070,114,19,12062093.0,634847.0,45,2024-09-06,2024,9,3,Whiteboard Enterprise Channels,Food,Premium,
1576,1931,290,2,5205140.0,2602570.0,11,2023-03-31,2023,3,1,Enhance End-To-End Eyeballs,Sports,Luxury,Quang Hải Phạm
1577,540,33,3,10493394.0,3497798.0,41,2023-12-09,2023,12,4,Implement 24/7 Applications,Clothing,Luxury,Phương Đức Mai
1578,1057,204,20,22455000.0,1122750.0,247,2024-10-20,2024,10,4,Strategize Ubiquitous Technologies,Furniture,Premium,Nhật Phạm
1579,445,100,20,52707700.0,2635385.0,269,2023-11-26,2023,11,4,Unleash Magnetic Action-Items,Clothing,Luxury,Quang Quang Lê
1580,1279,12,11,19378436.0,1761676.0,161,2023-09-09,2023,9,3,Synthesize Cross-Platform Applications,Sports,Premium,Bảo Dương
1581,1622,109,16,23864192.0,1491512.0,197,2023-11-20,2023,11,4,Incubate World-Class Systems,Food,Premium,
1582,426,128,16,42672464.0,2667029.0,400,2023-08-11,2023,8,3,Seize Value-Added Bandwidth,Sports,Luxury,Bác Trung Bùi
1583,1733,163,15,10549830.0,703322.0,455,2024-01-06,2024,1,1,Disintermediate Viral Convergence,Electronics,Premium,Hoàng Hữu Trần
1584,1664,215,7,15460130.0,2208590.0,119,2023-03-17,2023,3,1,Scale Impactful Deliverables,Furniture,Luxury,Thành Bảo Trần
1585,1643,174,4,9690360.0,2422590.0,4,2024-04-21,2024,4,2,Expedite Sticky Users,Food,Luxury,Khoa Lê
1586,1911,261,20,38081480.0,1904074.0,385,2023-03-24,2023,3,1,Exploit Back-End Markets,Sports,Premium,Hà Mai
1587,1465,211,6,18186546.0,3031091.0,385,2023-09-22,2023,9,3,Optimize Proactive Systems,Books,Luxury,Hà Mai
1588,1163,140,16,57360272.0,3585017.0,474,2023-04-29,2023,4,2,Generate 24/365 Eyeballs,Food,Luxury,Quang Đức Đặng
1589,1443,250,16,14366592.0,897912.0,37,2024-05-12,2024,5,2,Productize Magnetic Functionalities,Furniture,Premium,
1590,164,117,11,8174430.0,743130.0,239,2023-12-26,2023,12,4,Incubate Innovative Vortals,Electronics,Premium,Quý ông Quang Lê
1591,1502,75,3,10113303.0,3371101.0,130,2023-10-29,2023,10,4,Maximize Cutting-Edge Paradigms,Electronics,Luxury,Anh Tấn Bùi
1592,328,139,18,49196088.0,2733116.0,166,2023-10-22,2023,10,4,Architect Innovative Systems,Electronics,Luxury,Khoa Phú Hoàng
1593,1271,268,8,26565944.0,3320743.0,325,2023-05-14,2023,5,2,Reinvent One-To-One Synergies,Furniture,Luxury,Phúc Vũ
1594,1124,277,12,50071308.0,4172609.0,20,2023-04-13,2023,4,2,Maximize Dynamic Content,Clothing,Luxury,Trung Phú Bùi
1595,1135,72,17,54037764.0,3178692.0,135,2024-02-01,2024,2,1,Strategize Clicks-And-Mortar Methodologies,Books,Luxury,Hạnh Lê
1596,171,131,20,26842140.0,1342107.0,384,2024-11-29,2024,11,4,Harness B2B Portals,Clothing,Premium,
1597,1171,205,12,18222852.0,1518571.0,220,2024-09-08,2024,9,3,Exploit Next-Generation E-Services,Books,Premium,Cô Khoa Nguyễn
1598,608,12,3,5285028.0,1761676.0,352,2024-03-13,2024,3,1,Synthesize Cross-Platform Applications,Sports,Premium,Nhật Đặng
1599,1687,20,4,1824980.0,456245.0,34,2024-10-23,2024,10,4,Engineer Integrated Deliverables,Food,Mid,Phúc Hoàng
1600,1755,50,11,28164114.0,2560374.0,41,2023-09-04,2023,9,3,Visualize One-To-One E-Business,Books,Luxury,Phương Đức Mai
1601,1644,17,6,21106056.0,3517676.0,109,2023-04-11,2023,4,2,Exploit Holistic Info-Mediaries,Electronics,Luxury,An Hữu Đặng
1602,894,27,15,6564525.0,437635.0,358,2024-09-07,2024,9,3,Incentivize Compelling Relationships,Sports,Mid,
1603,792,216,20,90879480.0,4543974.0,135,2023-07-17,2023,7,3,Whiteboard Killer Convergence,Clothing,Luxury,Hạnh Lê
1604,1328,121,9,25395903.0,2821767.0,95,2023-09-15,2023,9,3,Evolve Efficient Metrics,Electronics,Luxury,Nhật Vũ
1605,1651,153,18,5722740.0,317930.0,191,2023-01-18,2023,1,1,Repurpose Turn-Key Relationships,Sports,Mid,Hải Hữu Phạm
1606,934,3,18,46684674.0,2593593.0,38,2024-03-04,2024,3,1,Cultivate Rich Schemas,Electronics,Luxury,Lan Vũ
1607,1607,173,18,34184556.0,1899142.0,438,2024-12-23,2024,12,4,Utilize User-Centric E-Markets,Furniture,Premium,Hải Đặng
1608,1654,47,20,67325340.0,3366267.0,248,2023-11-15,2023,11,4,Morph Front-End Schemas,Food,Luxury,Bảo Mai Bùi
1609,1790,297,2,4691072.0,2345536.0,231,2023-11-02,2023,11,4,Incentivize Leading-Edge Bandwidth,Electronics,Luxury,Hạnh Phạm
1610,1550,210,4,2308292.0,577073.0,389,2023-08-21,2023,8,3,Maximize Robust Convergence,Electronics,Premium,Ông Dũng Trần
1611,703,188,7,18007304.0,2572472.0,201,2023-08-05,2023,8,3,Embrace Rich Experiences,Electronics,Luxury,
1612,1573,221,6,10172130.0,1695355.0,298,2023-08-10,2023,8,3,Innovate Scalable Action-Items,Furniture,Premium,Hưng Vũ
1613,258,100,1,2635385.0,2635385.0,306,2024-09-13,2024,9,3,Unleash Magnetic Action-Items,Clothing,Luxury,
1614,1459,154,10,21368290.0,2136829.0,151,2023-02-28,2023,2,1,Maximize E-Business Models,Clothing,Luxury,
1615,739,84,20,77435000.0,3871750.0,391,2023-12-24,2023,12,4,Grow Dynamic Communities,Sports,Luxury,
1616,15,67,8,38067608.0,4758451.0,392,2023-10-17,2023,10,4,Disintermediate Cutting-Edge Roi,Furniture,Luxury,Hải Hải Vũ
1617,416,62,4,3963624.0,990906.0,163,2024-10-29,2024,10,4,Expedite Seamless Roi,Furniture,Premium,
1618,602,204,7,7859250.0,1122750.0,440,2023-10-26,2023,10,4,Strategize Ubiquitous Technologies,Furniture,Premium,Chị Hạnh Dương
1619,118,273,6,9046830.0,1507805.0,19,2023-07-28,2023,7,3,Evolve Enterprise Experiences,Food,Premium,Tùng Hải Lê
1620,1314,21,9,19261899.0,2140211.0,110,2023-02-11,2023,2,1,Mesh User-Centric Functionalities,Food,Luxury,Dũng Đức Bùi
1621,101,295,3,6334185.0,2111395.0,462,2023-08-01,2023,8,3,Evolve Value-Added Users,Electronics,Luxury,
1622,1591,118,5,3356885.0,671377.0,190,2024-10-16,2024,10,4,Incentivize Seamless Technologies,Electronics,Premium,
1623,821,135,3,1973949.0,657983.0,202,2023-08-26,2023,8,3,Engage Bricks-And-Clicks E-Markets,Furniture,Premium,
1624,1709,199,12,46554552.0,3879546.0,499,2023-10-05,2023,10,4,Utilize Impactful Deliverables,Clothing,Luxury,
1625,1415,260,17,19096066.0,1123298.0,207,2023-08-20,2023,8,3,Revolutionize Frictionless Web Services,Clothing,Premium,
1626,1170,12,14,24663464.0,1761676.0,346,2023-03-28,2023,3,1,Synthesize Cross-Platform Applications,Sports,Premium,Phương Hoàng
1627,1306,114,1,634847.0,634847.0,415,2023-01-21,2023,1,1,Whiteboard Enterprise Channels,Food,Premium,
1628,579,255,20,47530860.0,2376543.0,486,2023-10-29,2023,10,4,Brand Distributed Models,Books,Luxury,Ông Hưng Mai
1629,928,245,8,35320584.0,4415073.0,447,2024-05-12,2024,5,2,Deploy Web-Enabled Convergence,Books,Luxury,Chị Linh Hoàng
1630,1599,186,7,27997459.0,3999637.0,423,2023-07-01,2023,7,3,Visualize Revolutionary Partnerships,Sports,Luxury,Chị Nhật Trần
1631,350,84,2,7743500.0,3871750.0,202,2023-08-31,2023,8,3,Grow Dynamic Communities,Sports,Luxury,
1632,421,88,14,68395922.0,4885423.0,123,2023-02-04,2023,2,1,Drive Front-End E-Services,Electronics,Luxury,
1633,1885,256,17,27284626.0,1604978.0,468,2023-10-23,2023,10,4,Incentivize Customized E-Services,Clothing,Premium,Dũng Vũ
1634,597,279,18,1621062.0,90059.0,392,2023-04-04,2023,4,2,Generate B2C Web-Readiness,Food,Budget,Hải Hải Vũ
1635,1595,97,16,70223584.0,4388974.0,262,2024-02-21,2024,2,1,Drive Strategic Convergence,Electronics,Luxury,
1636,1725,178,18,83693556.0,4649642.0,338,2023-09-15,2023,9,3,Whiteboard Next-Generation Platforms,Electronics,Luxury,
1637,1073,265,14,47049996.0,3360714.0,170,2023-09-22,2023,9,3,Incubate Magnetic E-Business,Food,Luxury,Quý cô Vân Phạm
1638,236,287,4,2055168.0,513792.0,253,2023-04-12,2023,4,2,Utilize Back-End Interfaces,Furniture,Premium,Bác Hưng Hoàng
1639,556,190,6,23956122.0,3992687.0,344,2024-04-01,2024,4,2,Streamline Clicks-And-Mortar Interfaces,Books,Luxury,Kim Đức Hoàng
1640,1607,135,19,12501677.0,657983.0,438,2024-12-23,2024,12,4,Engage Bricks-And-Clicks E-Markets,Furniture,Premium,Hải Đặng
1641,1057,267,9,44206425.0,4911825.0,247,2024-10-20,2024,10,4,Drive Wireless Models,Clothing,Luxury,Nhật Phạm
1642,1737,93,13,11556558.0,888966.0,412,2023-06-22,2023,6,2,Implement 24/365 Systems,Clothing,Premium,Cô Lâm Vũ
1643,1160,113,18,46296342.0,2572019.0,428,2023-06-05,2023,6,2,Brand Mission-Critical Niches,Books,Luxury,
1644,740,286,13,57741827.0,4441679.0,404,2024-12-19,2024,12,4,Transform Dynamic Models,Clothing,Luxury,Ngọc Mai
1645,715,290,16,41641120.0,2602570.0,298,2024-05-23,2024,5,2,Enhance End-To-End Eyeballs,Sports,Luxury,Hưng Vũ
1646,396,105,11,24541462.0,2231042.0,259,2023-04-05,2023,4,2,Streamline E-Business Convergence,Furniture,Luxury,
1647,1552,116,3,8698098.0,2899366.0,428,2023-07-21,2023,7,3,Cultivate 24/7 Communities,Sports,Luxury,
1648,598,51,20,80196180.0,4009809.0,349,2024-02-13,2024,2,1,Strategize Intuitive Web Services,Furniture,Luxury,Phúc Lê
1649,1778,32,16,63764464.0,3985279.0,330,2023-07-14,2023,7,3,Iterate Intuitive Networks,Clothing,Luxury,Lâm Xuân Trần
1650,1200,272,9,35836560.0,3981840.0,84,2023-12-09,2023,12,4,Embrace 24/7 Architectures,Food,Luxury,
1651,1589,245,2,8830146.0,4415073.0,91,2024-01-26,2024,1,1,Deploy Web-Enabled Convergence,Books,Luxury,
1652,1018,173,1,1899142.0,1899142.0,339,2024-02-24,2024,2,1,Utilize User-Centric E-Markets,Furniture,Premium,Cô Hà Đặng
1653,1294,249,17,53082364.0,3122492.0,394,2024-02-11,2024,2,1,Syndicate E-Business Systems,Clothing,Luxury,Ông Tú Lê
1654,1199,146,9,28624464.0,3180496.0,112,2023-08-13,2023,8,3,Expedite 24/7 Portals,Sports,Luxury,Nhật Trần
1655,60,200,18,56103444.0,3116858.0,68,2023-01-15,2023,1,1,Maximize Open-Source Mindshare,Sports,Luxury,
1656,602,97,8,35111792.0,4388974.0,440,2023-10-26,2023,10,4,Drive Strategic Convergence,Electronics,Luxury,Chị Hạnh Dương
1657,947,280,8,7256784.0,907098.0,388,2023-10-19,2023,10,4,Mesh Leading-Edge E-Commerce,Furniture,Premium,Kim Mai Đặng
1658,1526,71,2,9712210.0,4856105.0,169,2023-01-29,2023,1,1,Maximize Virtual Users,Electronics,Luxury,Cô An Vũ
1659,1125,216,9,40895766.0,4543974.0,478,2024-09-26,2024,9,3,Whiteboard Killer Convergence,Clothing,Luxury,
1660,1336,175,6,6411324.0,1068554.0,193,2024-01-25,2024,1,1,Engage Robust Initiatives,Electronics,Premium,Nhật Phạm
1661,1308,139,14,38263624.0,2733116.0,325,2024-08-04,2024,8,3,Architect Innovative Systems,Electronics,Luxury,Phúc Vũ
1662,1539,241,2,6099366.0,3049683.0,116,2023-02-10,2023,2,1,Drive One-To-One Portals,Food,Luxury,Anh Bảo Bùi
1663,1577,18,17,34324445.0,2019085.0,310,2024-12-26,2024,12,4,Empower Dot-Com Applications,Food,Luxury,Nhật Hoàng
1664,300,278,20,92753460.0,4637673.0,170,2023-03-15,2023,3,1,Productize Dot-Com Deliverables,Furniture,Luxury,Quý cô Vân Phạm
1665,1475,295,13,27448135.0,2111395.0,298,2023-10-24,2023,10,4,Evolve Value-Added Users,Electronics,Luxury,Hưng Vũ
1666,437,13,7,28365085.0,4052155.0,493,2024-09-11,2024,9,3,Aggregate Robust E-Services,Clothing,Luxury,Châu Bùi
1667,1879,137,16,22035088.0,1377193.0,131,2024-02-29,2024,2,1,Enable Web-Enabled E-Markets,Books,Premium,Chị Lan Dương
1668,215,300,14,44005864.0,3143276.0,92,2024-07-04,2024,7,3,E-Enable B2B Initiatives,Electronics,Luxury,Bảo Hoàng Bùi
1669,785,169,19,44986946.0,2367734.0,189,2024-06-26,2024,6,2,Cultivate Scalable Applications,Books,Luxury,
1670,657,204,10,11227500.0,1122750.0,432,2024-11-24,2024,11,4,Strategize Ubiquitous Technologies,Furniture,Premium,Trọng Mai Bảo Trần
1671,446,167,13,24118770.0,1855290.0,195,2023-04-07,2023,4,2,Transform Cross-Platform Web-Readiness,Furniture,Premium,
1672,917,225,3,1541616.0,513872.0,55,2024-10-27,2024,10,4,Transform Proactive Markets,Electronics,Premium,
1673,491,255,17,40401231.0,2376543.0,283,2024-12-26,2024,12,4,Brand Distributed Models,Books,Luxury,Quý ông Quang Trần
1674,1852,29,18,77558868.0,4308826.0,14,2023-09-01,2023,9,3,Scale Cutting-Edge Roi,Sports,Luxury,Chị Hải Dương
1675,191,79,1,3095691.0,3095691.0,133,2023-05-10,2023,5,2,Syndicate Rich Initiatives,Clothing,Luxury,Thành Dương
1676,420,247,20,87938120.0,4396906.0,289,2023-01-16,2023,1,1,Synthesize Scalable Methodologies,Books,Luxury,
1677,673,265,8,26885712.0,3360714.0,41,2023-06-30,2023,6,2,Incubate Magnetic E-Business,Food,Luxury,Phương Đức Mai
1678,1562,65,3,9281646.0,3093882.0,486,2023-06-28,2023,6,2,Integrate Proactive Interfaces,Clothing,Luxury,Ông Hưng Mai
1679,195,255,9,21388887.0,2376543.0,480,2024-10-07,2024,10,4,Brand Distributed Models,Books,Luxury,Châu Tấn Mai
1680,1449,221,2,3390710.0,1695355.0,94,2024-05-08,2024,5,2,Innovate Scalable Action-Items,Furniture,Premium,Kim Lê
1681,141,13,17,68886635.0,4052155.0,444,2023-12-26,2023,12,4,Aggregate Robust E-Services,Clothing,Luxury,Hà Mai Dương
1682,1915,173,4,7596568.0,1899142.0,444,2023-12-23,2023,12,4,Utilize User-Centric E-Markets,Furniture,Premium,Hà Mai Dương
1683,1420,169,19,44986946.0,2367734.0,158,2023-01-19,2023,1,1,Cultivate Scalable Applications,Books,Luxury,Cô Linh Bùi
1684,167,152,14,51132550.0,3652325.0,88,2024-12-19,2024,12,4,Repurpose Open-Source Paradigms,Sports,Luxury,
1685,919,158,16,15533120.0,970820.0,184,2024-04-28,2024,4,2,Synergize Viral Platforms,Food,Premium,Linh Vũ
1686,1459,245,7,30905511.0,4415073.0,151,2023-02-28,2023,2,1,Deploy Web-Enabled Convergence,Books,Luxury,
1687,567,178,7,32547494.0,4649642.0,114,2023-05-24,2023,5,2,Whiteboard Next-Generation Platforms,Electronics,Luxury,
1688,1408,82,13,62837281.0,4833637.0,343,2023-11-11,2023,11,4,Extend 24/365 Web Services,Electronics,Luxury,
1689,1637,67,10,47584510.0,4758451.0,118,2024-09-04,2024,9,3,Disintermediate Cutting-Edge Roi,Furniture,Luxury,Tùng Mai Mai
1690,529,287,7,3596544.0,513792.0,426,2024-10-19,2024,10,4,Utilize Back-End Interfaces,Furniture,Premium,
1691,283,152,11,40175575.0,3652325.0,71,2024-05-08,2024,5,2,Repurpose Open-Source Paradigms,Sports,Luxury,Tú Hữu Nguyễn
1692,941,58,15,12716580.0,847772.0,130,2024-04-20,2024,4,2,Benchmark Seamless Bandwidth,Books,Premium,Anh Tấn Bùi
1693,1847,267,13,63853725.0,4911825.0,34,2023-08-11,2023,8,3,Drive Wireless Models,Clothing,Luxury,Phúc Hoàng
1694,854,40,10,17870600.0,1787060.0,433,2024-01-24,2024,1,1,Facilitate Distributed Markets,Books,Premium,Cô Mai Trần
1695,1498,132,19,47229041.0,2485739.0,109,2023-08-17,2023,8,3,Streamline Compelling Communities,Electronics,Luxury,An Hữu Đặng
1696,244,43,9,13819041.0,1535449.0,272,2023-09-01,2023,9,3,Reinvent Compelling Synergies,Furniture,Premium,
1697,667,250,7,6285384.0,897912.0,493,2024-05-13,2024,5,2,Productize Magnetic Functionalities,Furniture,Premium,Châu Bùi
1698,1251,238,17,6587330.0,387490.0,336,2023-07-16,2023,7,3,Enhance E-Business Architectures,Clothing,Mid,
1699,1393,30,3,3970422.0,1323474.0,176,2023-08-22,2023,8,3,Benchmark Customized Partnerships,Clothing,Premium,
1700,1242,174,16,38761440.0,2422590.0,460,2024-02-06,2024,2,1,Expedite Sticky Users,Food,Luxury,
1701,522,100,5,13176925.0,2635385.0,248,2024-01-06,2024,1,1,Unleash Magnetic Action-Items,Clothing,Luxury,Bảo Mai Bùi
1702,555,234,12,10566984.0,880582.0,330,2024-12-27,2024,12,4,Evolve Turn-Key Interfaces,Electronics,Premium,Lâm Xuân Trần
1703,1966,57,2,3073436.0,1536718.0,487,2023-01-16,2023,1,1,Harness Sticky Web-Readiness,Food,Premium,
1704,1237,152,1,3652325.0,3652325.0,142,2024-05-27,2024,5,2,Repurpose Open-Source Paradigms,Sports,Luxury,Chị Khoa Nguyễn
1705,141,106,11,7602100.0,691100.0,444,2023-12-26,2023,12,4,Streamline Turn-Key E-Commerce,Furniture,Premium,Hà Mai Dương
1706,1027,88,2,9770846.0,4885423.0,389,2024-01-21,2024,1,1,Drive Front-End E-Services,Electronics,Luxury,Ông Dũng Trần
1707,291,91,19,80517516.0,4237764.0,226,2023-02-13,2023,2,1,Innovate Global Bandwidth,Sports,Luxury,
1708,1664,151,13,35714094.0,2747238.0,119,2023-03-17,2023,3,1,Synthesize Distributed Systems,Clothing,Luxury,Thành Bảo Trần
1709,1880,83,19,23634214.0,1243906.0,57,2024-10-03,2024,10,4,Unleash Viral Paradigms,Clothing,Premium,Hoàng Hoàng
1710,1316,107,13,23277488.0,1790576.0,400,2023-02-23,2023,2,1,Target Vertical E-Markets,Books,Premium,Bác Trung Bùi
1711,1943,117,2,1486260.0,743130.0,388,2023-04-16,2023,4,2,Incubate Innovative Vortals,Electronics,Premium,Kim Mai Đặng
1712,629,269,17,64831744.0,3813632.0,58,2024-05-16,2024,5,2,Unleash Plug-And-Play Markets,Clothing,Luxury,Nhiên Nguyễn
1713,1732,168,14,25667054.0,1833361.0,118,2024-08-16,2024,8,3,Synthesize Virtual E-Markets,Furniture,Premium,Tùng Mai Mai
1714,311,36,6,2599896.0,433316.0,290,2024-01-07,2024,1,1,Extend Magnetic Supply-Chains,Food,Mid,
1715,1589,23,13,15756013.0,1212001.0,91,2024-01-26,2024,1,1,Morph World-Class E-Markets,Furniture,Premium,
1716,449,180,10,14796960.0,1479696.0,279,2023-02-12,2023,2,1,E-Enable Collaborative Technologies,Food,Premium,Kim Phú Bùi
1717,1180,53,13,50949535.0,3919195.0,220,2023-09-28,2023,9,3,Leverage Ubiquitous Architectures,Food,Luxury,Cô Khoa Nguyễn
1718,1237,164,3,14880924.0,4960308.0,142,2024-05-27,2024,5,2,Enable Distributed Partnerships,Clothing,Luxury,Chị Khoa Nguyễn
1719,776,250,15,13468680.0,897912.0,253,2024-09-29,2024,9,3,Productize Magnetic Functionalities,Furniture,Premium,Bác Hưng Hoàng
1720,112,155,5,6998200.0,1399640.0,195,2024-09-17,2024,9,3,Benchmark Virtual Users,Clothing,Premium,
1721,1304,262,16,79330672.0,4958167.0,130,2023-07-08,2023,7,3,Maximize Customized Deliverables,Books,Luxury,Anh Tấn Bùi
1722,1016,227,7,18125317.0,2589331.0,399,2023-09-24,2023,9,3,Monetize Strategic E-Business,Food,Luxury,Phúc Phạm
1723,368,195,9,20105757.0,2233973.0,304,2023-11-03,2023,11,4,Leverage World-Class Vortals,Food,Luxury,
1724,1968,132,15,37286085.0,2485739.0,114,2024-04-19,2024,4,2,Streamline Compelling Communities,Electronics,Luxury,
1725,1747,171,8,1008640.0,126080.0,293,2024-11-30,2024,11,4,Aggregate Synergistic Partnerships,Food,Mid,Lâm Nguyễn
1726,880,169,9,21309606.0,2367734.0,23,2023-01-26,2023,1,1,Cultivate Scalable Applications,Books,Luxury,Bác Thành Dương
1727,1871,194,17,26988146.0,1587538.0,293,2024-12-20,2024,12,4,Implement Collaborative Action-Items,Books,Premium,Lâm Nguyễn
1728,1143,127,15,44325600.0,2955040.0,186,2024-04-03,2024,4,2,Extend Magnetic Schemas,Furniture,Luxury,Quý ông Anh Nguyễn
1729,1976,59,15,25210905.0,1680727.0,254,2024-10-16,2024,10,4,Re-Intermediate Synergistic Convergence,Books,Premium,
1730,1865,196,8,12555160.0,1569395.0,126,2024-04-22,2024,4,2,Repurpose Innovative E-Services,Electronics,Premium,Quý cô Khoa Vũ
1731,907,286,12,53300148.0,4441679.0,410,2023-07-12,2023,7,3,Transform Dynamic Models,Clothing,Luxury,Quý cô Thành Bùi
1732,1457,293,6,17712864.0,2952144.0,423,2023-07-12,2023,7,3,Disintermediate E-Business Channels,Clothing,Luxury,Chị Nhật Trần
1733,530,139,15,40996740.0,2733116.0,57,2023-05-05,2023,5,2,Architect Innovative Systems,Electronics,Luxury,Hoàng Hoàng
1734,227,149,8,25575656.0,3196957.0,478,2024-08-27,2024,8,3,Incubate Collaborative Vortals,Books,Luxury,
1735,186,174,9,21803310.0,2422590.0,338,2024-04-13,2024,4,2,Expedite Sticky Users,Food,Luxury,
1736,974,209,8,3960552.0,495069.0,82,2024-06-07,2024,6,2,Evolve Visionary Content,Food,Mid,Bác Quang Đặng
1737,212,250,17,15264504.0,897912.0,426,2024-12-29,2024,12,4,Productize Magnetic Functionalities,Furniture,Premium,
1738,340,250,2,1795824.0,897912.0,162,2024-03-08,2024,3,1,Productize Magnetic Functionalities,Furniture,Premium,Dũng Mai
1739,590,241,18,54894294.0,3049683.0,300,2023-01-12,2023,1,1,Drive One-To-One Portals,Food,Luxury,
1740,66,250,12,10774944.0,897912.0,178,2024-04-01,2024,4,2,Productize Magnetic Functionalities,Furniture,Premium,
1741,1775,10,18,21086154.0,1171453.0,184,2023-08-31,2023,8,3,Seize Wireless Web-Readiness,Food,Premium,Linh Vũ
1742,1517,242,17,39443774.0,2320222.0,417,2024-02-07,2024,2,1,Reinvent Real-Time Architectures,Sports,Luxury,
1743,1972,62,5,4954530.0,990906.0,214,2024-05-30,2024,5,2,Expedite Seamless Roi,Furniture,Premium,
1744,425,127,20,59100800.0,2955040.0,498,2024-09-29,2024,9,3,Extend Magnetic Schemas,Furniture,Luxury,
1745,305,21,20,42804220.0,2140211.0,275,2024-09-25,2024,9,3,Mesh User-Centric Functionalities,Food,Luxury,Bác Minh Nguyễn
1746,569,109,16,23864192.0,1491512.0,20,2023-10-22,2023,10,4,Incubate World-Class Systems,Food,Premium,Trung Phú Bùi
1747,224,69,16,78591088.0,4911943.0,146,2024-04-08,2024,4,2,Morph Robust E-Markets,Sports,Luxury,
1748,1101,25,11,19962316.0,1814756.0,418,2024-11-08,2024,11,4,Reinvent Scalable Eyeballs,Electronics,Premium,
1749,962,161,1,2346911.0,2346911.0,377,2024-07-31,2024,7,3,Innovate Proactive Web-Readiness,Books,Luxury,Bà Ánh Nguyễn
1750,207,5,2,3943100.0,1971550.0,67,2024-07-20,2024,7,3,Redefine 24/365 Architectures,Books,Premium,
1751,117,49,16,6160896.0,385056.0,428,2023-04-05,2023,4,2,Transition Impactful Info-Mediaries,Food,Mid,
1752,1615,289,20,48645960.0,2432298.0,106,2023-10-10,2023,10,4,Synergize Ubiquitous Info-Mediaries,Electronics,Luxury,Nhật Nguyễn
1753,166,85,4,4362384.0,1090596.0,46,2024-05-14,2024,5,2,Benchmark Cutting-Edge Mindshare,Furniture,Premium,Hương Dương
1754,67,64,6,16308174.0,2718029.0,212,2024-07-21,2024,7,3,Unleash End-To-End Methodologies,Furniture,Luxury,An Hải Mai
1755,1192,45,10,756510.0,75651.0,96,2023-11-03,2023,11,4,Morph 24/7 E-Business,Sports,Budget,Bà Bảo Bùi
1756,879,137,18,24789474.0,1377193.0,331,2023-07-30,2023,7,3,Enable Web-Enabled E-Markets,Books,Premium,
1757,1653,25,14,25406584.0,1814756.0,45,2024-09-07,2024,9,3,Reinvent Scalable Eyeballs,Electronics,Premium,
1758,836,132,10,24857390.0,2485739.0,338,2023-05-11,2023,5,2,Streamline Compelling Communities,Electronics,Luxury,
1759,1011,167,17,31539930.0,1855290.0,158,2024-04-21,2024,4,2,Transform Cross-Platform Web-Readiness,Furniture,Premium,Cô Linh Bùi
1760,896,19,16,19139664.0,1196229.0,425,2023-06-17,2023,6,2,Strategize B2B Partnerships,Clothing,Premium,Linh Bùi
1761,1491,76,2,7378612.0,3689306.0,453,2024-10-27,2024,10,4,Maximize B2B Platforms,Clothing,Luxury,Kim Dương
1762,1909,184,6,3560616.0,593436.0,460,2023-11-09,2023,11,4,Deploy Extensible Infrastructures,Food,Premium,
1763,1248,165,19,14816314.0,779806.0,256,2023-02-21,2023,2,1,Disintermediate Innovative Experiences,Sports,Premium,Lâm Hoàng Bùi
1764,1037,197,4,15602124.0,3900531.0,193,2023-09-11,2023,9,3,Scale Plug-And-Play E-Services,Electronics,Luxury,Nhật Phạm
1765,215,101,12,43293528.0,3607794.0,92,2024-07-04,2024,7,3,Extend Customized E-Tailers,Books,Luxury,Bảo Hoàng Bùi
1766,431,281,17,63570565.0,3739445.0,222,2023-03-08,2023,3,1,Strategize World-Class Content,Books,Luxury,Bác Hưng Nguyễn
1767,856,176,1,344199.0,344199.0,306,2024-12-23,2024,12,4,Synergize Integrated Convergence,Furniture,Mid,
1768,1755,81,6,1094946.0,182491.0,41,2023-09-04,2023,9,3,Incentivize Frictionless Experiences,Clothing,Mid,Phương Đức Mai
1769,1675,107,6,10743456.0,1790576.0,475,2024-08-04,2024,8,3,Target Vertical E-Markets,Books,Premium,
1770,218,86,9,6831441.0,759049.0,404,2023-09-27,2023,9,3,Orchestrate Best-Of-Breed Info-Mediaries,Sports,Premium,Ngọc Mai
1771,1089,128,12,32004348.0,2667029.0,34,2023-11-05,2023,11,4,Seize Value-Added Bandwidth,Sports,Luxury,Phúc Hoàng
1772,247,189,17,25009057.0,1471121.0,123,2024-06-01,2024,6,2,Envisioneer Synergistic Content,Electronics,Premium,
1773,340,140,18,64530306.0,3585017.0,162,2024-03-08,2024,3,1,Generate 24/365 Eyeballs,Food,Luxury,Dũng Mai
1774,1849,230,7,21295869.0,3042267.0,48,2024-10-03,2024,10,4,E-Enable Intuitive Content,Food,Luxury,
1775,366,266,14,13937966.0,995569.0,1,2023-12-03,2023,12,4,Reinvent Mission-Critical Systems,Clothing,Premium,
1776,755,123,12,1425228.0,118769.0,124,2023-08-29,2023,8,3,Utilize Open-Source Mindshare,Books,Mid,Huy Bảo Mai
1777,1099,238,4,1549960.0,387490.0,106,2023-01-29,2023,1,1,Enhance E-Business Architectures,Clothing,Mid,Nhật Nguyễn
1778,1349,98,10,8656100.0,865610.0,456,2024-05-28,2024,5,2,Envisioneer Bleeding-Edge Deliverables,Clothing,Premium,Anh Dương
1779,304,75,20,67422020.0,3371101.0,435,2023-11-19,2023,11,4,Maximize Cutting-Edge Paradigms,Electronics,Luxury,Khoa Mai
1780,1202,70,7,17183103.0,2454729.0,131,2023-05-11,2023,5,2,Utilize Next-Generation Schemas,Food,Luxury,Chị Lan Dương
1781,1490,96,19,67016477.0,3527183.0,212,2024-08-14,2024,8,3,Orchestrate Magnetic Eyeballs,Books,Luxury,An Hải Mai
1782,1330,282,9,12373704.0,1374856.0,108,2023-10-02,2023,10,4,Utilize Frictionless Interfaces,Books,Premium,
1783,243,202,12,26463984.0,2205332.0,410,2023-09-14,2023,9,3,Strategize Revolutionary E-Markets,Sports,Luxury,Quý cô Thành Bùi
1784,1182,292,4,10890112.0,2722528.0,102,2023-05-20,2023,5,2,Disintermediate Strategic E-Markets,Clothing,Luxury,Hưng Nguyễn
1785,686,69,15,73679145.0,4911943.0,354,2023-05-03,2023,5,2,Morph Robust E-Markets,Sports,Luxury,Phương Hoàng
1786,228,128,19,50673551.0,2667029.0,338,2023-05-27,2023,5,2,Seize Value-Added Bandwidth,Sports,Luxury,
1787,69,50,6,15362244.0,2560374.0,57,2024-02-06,2024,2,1,Visualize One-To-One E-Business,Books,Luxury,Hoàng Hoàng
1788,1867,70,12,29456748.0,2454729.0,141,2024-08-04,2024,8,3,Utilize Next-Generation Schemas,Food,Luxury,
1789,1701,60,14,31461738.0,2247267.0,469,2023-10-11,2023,10,4,Drive Mission-Critical Web-Readiness,Sports,Luxury,Bác Thành Vũ
1790,656,133,6,14756358.0,2459393.0,328,2023-06-27,2023,6,2,E-Enable Sticky Relationships,Furniture,Luxury,Hoàng Nguyễn
1791,69,44,8,2700384.0,337548.0,57,2024-02-06,2024,2,1,Harness User-Centric Bandwidth,Electronics,Mid,Hoàng Hoàng
1792,961,300,20,62865520.0,3143276.0,353,2023-09-04,2023,9,3,E-Enable B2B Initiatives,Electronics,Luxury,
1793,1964,260,3,3369894.0,1123298.0,139,2023-05-29,2023,5,2,Revolutionize Frictionless Web Services,Clothing,Premium,Cô Hạnh Hoàng
1794,1901,256,17,27284626.0,1604978.0,377,2023-09-05,2023,9,3,Incentivize Customized E-Services,Clothing,Premium,Bà Ánh Nguyễn
1795,1218,62,11,10899966.0,990906.0,265,2023-06-22,2023,6,2,Expedite Seamless Roi,Furniture,Premium,
1796,1304,213,6,13590768.0,2265128.0,130,2023-07-08,2023,7,3,Repurpose Cutting-Edge Interfaces,Sports,Luxury,Anh Tấn Bùi
1797,1139,82,15,72504555.0,4833637.0,250,2024-01-27,2024,1,1,Extend 24/365 Web Services,Electronics,Luxury,Quý ông Nam Nguyễn
1798,578,5,9,17743950.0,1971550.0,85,2023-12-28,2023,12,4,Redefine 24/365 Architectures,Books,Premium,
1799,101,204,15,16841250.0,1122750.0,462,2023-08-01,2023,8,3,Strategize Ubiquitous Technologies,Furniture,Premium,
1800,1131,118,8,5371016.0,671377.0,270,2024-09-03,2024,9,3,Incentivize Seamless Technologies,Electronics,Premium,
1801,381,170,10,43869590.0,4386959.0,99,2024-11-30,2024,11,4,Re-Intermediate Best-Of-Breed Info-Mediaries,Electronics,Luxury,
1802,129,114,13,8253011.0,634847.0,399,2024-11-21,2024,11,4,Whiteboard Enterprise Channels,Food,Premium,Phúc Phạm
1803,737,278,11,51014403.0,4637673.0,438,2024-04-28,2024,4,2,Productize Dot-Com Deliverables,Furniture,Luxury,Hải Đặng
1804,1634,34,4,5768240.0,1442060.0,100,2023-11-26,2023,11,4,Monetize Back-End Content,Clothing,Premium,Nhiên Phạm
1805,960,182,4,3523716.0,880929.0,376,2023-01-08,2023,1,1,Brand Rich Action-Items,Books,Premium,Xuân Phạm
1806,1718,250,9,8081208.0,897912.0,471,2024-03-01,2024,3,1,Productize Magnetic Functionalities,Furniture,Premium,
1807,1356,267,12,58941900.0,4911825.0,352,2024-07-01,2024,7,3,Drive Wireless Models,Clothing,Luxury,Nhật Đặng
1808,1548,145,13,47756566.0,3673582.0,488,2023-07-31,2023,7,3,Incentivize B2B Roi,Electronics,Luxury,Thành Mai
1809,1902,8,16,78664368.0,4916523.0,64,2023-08-12,2023,8,3,Extend Interactive Web-Readiness,Books,Luxury,Khoa Đức Vũ
1810,1799,224,12,32889456.0,2740788.0,436,2023-01-21,2023,1,1,E-Enable Robust Communities,Books,Luxury,
1811,1948,237,17,20061989.0,1180117.0,262,2023-11-17,2023,11,4,Engineer E-Business Technologies,Sports,Premium,
1812,516,106,7,4837700.0,691100.0,178,2023-09-01,2023,9,3,Streamline Turn-Key E-Commerce,Furniture,Premium,
1813,170,196,12,18832740.0,1569395.0,36,2024-12-19,2024,12,4,Repurpose Innovative E-Services,Electronics,Premium,Cô Nhật Trần
1814,1049,20,17,7756165.0,456245.0,94,2023-01-09,2023,1,1,Engineer Integrated Deliverables,Food,Mid,Kim Lê
1815,1878,96,19,67016477.0,3527183.0,85,2024-11-16,2024,11,4,Orchestrate Magnetic Eyeballs,Books,Luxury,
1816,128,83,10,12439060.0,1243906.0,208,2023-10-14,2023,10,4,Unleash Viral Paradigms,Clothing,Premium,Ngọc Bùi
1817,1565,279,10,900590.0,90059.0,6,2023-01-22,2023,1,1,Generate B2C Web-Readiness,Food,Budget,Quý cô Chi Phạm
1818,1215,283,7,5436466.0,776638.0,11,2023-03-04,2023,3,1,Evolve Cross-Platform Mindshare,Food,Premium,Quang Hải Phạm
1819,1,134,5,18465440.0,3693088.0,244,2023-07-21,2023,7,3,Matrix Revolutionary Applications,Electronics,Luxury,Hương Bùi
1820,1329,192,5,19968715.0,3993743.0,463,2024-04-11,2024,4,2,Re-Contextualize Open-Source Applications,Books,Luxury,
1821,762,300,2,6286552.0,3143276.0,257,2023-12-08,2023,12,4,E-Enable B2B Initiatives,Electronics,Luxury,
1822,845,83,19,23634214.0,1243906.0,82,2024-08-19,2024,8,3,Unleash Viral Paradigms,Clothing,Premium,Bác Quang Đặng
1823,504,252,19,75476379.0,3972441.0,462,2023-05-09,2023,5,2,Evolve Revolutionary Web-Readiness,Books,Luxury,
1824,1442,71,12,58273260.0,4856105.0,18,2024-03-01,2024,3,1,Maximize Virtual Users,Electronics,Luxury,
1825,787,108,17,68086768.0,4005104.0,82,2023-10-02,2023,10,4,Generate Value-Added Convergence,Clothing,Luxury,Bác Quang Đặng
1826,348,288,12,25138548.0,2094879.0,483,2024-05-13,2024,5,2,Cultivate 24/365 E-Services,Sports,Luxury,Anh Tùng Đặng
1827,1934,34,7,10094420.0,1442060.0,340,2023-06-13,2023,6,2,Monetize Back-End Content,Clothing,Premium,
1828,1108,77,17,67106616.0,3947448.0,390,2023-02-08,2023,2,1,Brand Innovative Portals,Furniture,Luxury,Khoa Hoàng
1829,501,136,7,15002596.0,2143228.0,240,2023-08-01,2023,8,3,Expedite Mission-Critical Web-Readiness,Electronics,Luxury,Phúc Trí Dương
1830,1850,13,10,40521550.0,4052155.0,388,2024-05-27,2024,5,2,Aggregate Robust E-Services,Clothing,Luxury,Kim Mai Đặng
1831,261,140,19,68115323.0,3585017.0,143,2023-09-25,2023,9,3,Generate 24/365 Eyeballs,Food,Luxury,
1832,443,134,15,55396320.0,3693088.0,164,2023-08-08,2023,8,3,Matrix Revolutionary Applications,Electronics,Luxury,
1833,8,176,8,2753592.0,344199.0,5,2024-09-09,2024,9,3,Synergize Integrated Convergence,Furniture,Mid,Linh Bùi
1834,1114,268,19,63094117.0,3320743.0,59,2024-05-22,2024,5,2,Reinvent One-To-One Synergies,Furniture,Luxury,
1835,713,275,8,25016648.0,3127081.0,319,2023-07-13,2023,7,3,Deliver Frictionless Niches,Electronics,Luxury,
1836,722,144,15,2057400.0,137160.0,98,2023-11-21,2023,11,4,Integrate Bleeding-Edge Partnerships,Electronics,Mid,Cô Nhật Nguyễn
1837,913,118,7,4699639.0,671377.0,22,2024-05-17,2024,5,2,Incentivize Seamless Technologies,Electronics,Premium,
1838,493,44,7,2362836.0,337548.0,4,2024-01-25,2024,1,1,Harness User-Centric Bandwidth,Electronics,Mid,Khoa Lê
1839,1468,29,19,81867694.0,4308826.0,118,2024-01-12,2024,1,1,Scale Cutting-Edge Roi,Sports,Luxury,Tùng Mai Mai
1840,1660,260,12,13479576.0,1123298.0,218,2024-09-12,2024,9,3,Revolutionize Frictionless Web Services,Clothing,Premium,Yến Vũ
1841,354,296,1,1190597.0,1190597.0,450,2023-09-16,2023,9,3,Target Proactive Relationships,Clothing,Premium,
1842,853,144,10,1371600.0,137160.0,268,2024-08-21,2024,8,3,Integrate Bleeding-Edge Partnerships,Electronics,Mid,Khoa Bùi
1843,1131,58,20,16955440.0,847772.0,270,2024-09-03,2024,9,3,Benchmark Seamless Bandwidth,Books,Premium,
1844,890,119,1,685021.0,685021.0,139,2024-12-28,2024,12,4,Unleash Holistic Solutions,Electronics,Premium,Cô Hạnh Hoàng
1845,205,97,9,39500766.0,4388974.0,488,2024-04-18,2024,4,2,Drive Strategic Convergence,Electronics,Luxury,Thành Mai
1846,743,131,7,9394749.0,1342107.0,425,2023-01-18,2023,1,1,Harness B2B Portals,Clothing,Premium,Linh Bùi
1847,562,85,11,11996556.0,1090596.0,105,2023-05-20,2023,5,2,Benchmark Cutting-Edge Mindshare,Furniture,Premium,
1848,689,96,7,24690281.0,3527183.0,19,2023-12-03,2023,12,4,Orchestrate Magnetic Eyeballs,Books,Luxury,Tùng Hải Lê
1849,493,152,6,21913950.0,3652325.0,4,2024-01-25,2024,1,1,Repurpose Open-Source Paradigms,Sports,Luxury,Khoa Lê
1850,95,152,4,14609300.0,3652325.0,143,2024-03-24,2024,3,1,Repurpose Open-Source Paradigms,Sports,Luxury,
1851,1169,251,20,86230220.0,4311511.0,154,2024-02-15,2024,2,1,Incubate Cross-Platform Platforms,Electronics,Luxury,
1852,22,234,3,2641746.0,880582.0,449,2023-12-10,2023,12,4,Evolve Turn-Key Interfaces,Electronics,Premium,
1853,117,1,13,18188079.0,1399083.0,428,2023-04-05,2023,4,2,Engineer Next-Generation Infrastructures,Furniture,Premium,
1854,364,233,14,29599360.0,2114240.0,222,2023-09-29,2023,9,3,Monetize Cross-Media Users,Books,Luxury,Bác Hưng Nguyễn
1855,608,26,3,8415117.0,2805039.0,352,2024-03-13,2024,3,1,Maximize Holistic E-Business,Food,Luxury,Nhật Đặng
1856,1553,276,9,35510940.0,3945660.0,430,2024-04-11,2024,4,2,Scale Dot-Com Web Services,Electronics,Luxury,Phương Văn Nguyễn
1857,153,277,13,54243917.0,4172609.0,444,2023-09-18,2023,9,3,Maximize Dynamic Content,Clothing,Luxury,Hà Mai Dương
1858,335,43,5,7677245.0,1535449.0,499,2023-12-30,2023,12,4,Reinvent Compelling Synergies,Furniture,Premium,
1859,107,222,17,61580902.0,3622406.0,167,2024-05-13,2024,5,2,Enable Customized Architectures,Furniture,Luxury,Hải Đặng
1860,1246,67,6,28550706.0,4758451.0,367,2023-10-31,2023,10,4,Disintermediate Cutting-Edge Roi,Furniture,Luxury,
1861,1752,205,12,18222852.0,1518571.0,231,2024-11-14,2024,11,4,Exploit Next-Generation E-Services,Books,Premium,Hạnh Phạm
1862,427,216,16,72703584.0,4543974.0,67,2024-07-22,2024,7,3,Whiteboard Killer Convergence,Clothing,Luxury,
1863,1634,64,14,38052406.0,2718029.0,100,2023-11-26,2023,11,4,Unleash End-To-End Methodologies,Furniture,Luxury,Nhiên Phạm
1864,1849,217,17,45112152.0,2653656.0,48,2024-10-03,2024,10,4,Deliver Wireless Metrics,Clothing,Luxury,
1865,723,263,19,76192736.0,4010144.0,471,2023-08-07,2023,8,3,Transition Magnetic E-Tailers,Books,Luxury,
1866,1818,7,9,14318928.0,1590992.0,426,2024-07-15,2024,7,3,Transition Transparent Markets,Books,Premium,
1867,422,267,13,63853725.0,4911825.0,310,2023-06-30,2023,6,2,Drive Wireless Models,Clothing,Luxury,Nhật Hoàng
1868,933,92,20,23589700.0,1179485.0,371,2024-09-05,2024,9,3,Unleash Innovative E-Business,Furniture,Premium,Lâm Thị Vũ
1869,95,30,3,3970422.0,1323474.0,143,2024-03-24,2024,3,1,Benchmark Customized Partnerships,Clothing,Premium,
1870,1560,104,16,27576880.0,1723555.0,1,2024-09-24,2024,9,3,Enhance Visionary Content,Electronics,Premium,
1871,1165,237,9,10621053.0,1180117.0,488,2024-10-20,2024,10,4,Engineer E-Business Technologies,Sports,Premium,Thành Mai
1872,184,84,6,23230500.0,3871750.0,365,2023-07-09,2023,7,3,Grow Dynamic Communities,Sports,Luxury,
1873,1204,197,8,31204248.0,3900531.0,23,2023-09-03,2023,9,3,Scale Plug-And-Play E-Services,Electronics,Luxury,Bác Thành Dương
1874,1562,297,12,28146432.0,2345536.0,486,2023-06-28,2023,6,2,Incentivize Leading-Edge Bandwidth,Electronics,Luxury,Ông Hưng Mai
1875,981,169,8,18941872.0,2367734.0,487,2023-01-23,2023,1,1,Cultivate Scalable Applications,Books,Luxury,
1876,1289,88,7,34197961.0,4885423.0,2,2024-03-06,2024,3,1,Drive Front-End E-Services,Electronics,Luxury,Quý cô Kim Phạm
1877,1358,105,10,22310420.0,2231042.0,150,2024-08-19,2024,8,3,Streamline E-Business Convergence,Furniture,Luxury,
1878,475,98,4,3462440.0,865610.0,390,2023-12-22,2023,12,4,Envisioneer Bleeding-Edge Deliverables,Clothing,Premium,Khoa Hoàng
1879,995,142,1,4472616.0,4472616.0,87,2023-01-18,2023,1,1,Maximize Proactive Action-Items,Books,Luxury,Anh Hoàng Hoàng
1880,1523,256,3,4814934.0,1604978.0,303,2023-04-27,2023,4,2,Incentivize Customized E-Services,Clothing,Premium,Khoa Phú Hoàng
1881,649,236,3,7484961.0,2494987.0,329,2023-07-03,2023,7,3,Innovate Compelling Content,Clothing,Luxury,Khoa Thế Dương
1882,1531,2,1,2485676.0,2485676.0,395,2023-01-01,2023,1,1,Re-Intermediate Mission-Critical Functionalities,Books,Luxury,Yến Phạm
1883,1074,228,1,2628005.0,2628005.0,24,2023-07-18,2023,7,3,Envisioneer Collaborative Applications,Food,Luxury,Châu Mai Đặng
1884,1849,32,19,75720301.0,3985279.0,48,2024-10-03,2024,10,4,Iterate Intuitive Networks,Clothing,Luxury,
1885,1800,98,14,12118540.0,865610.0,170,2023-10-15,2023,10,4,Envisioneer Bleeding-Edge Deliverables,Clothing,Premium,Quý cô Vân Phạm
1886,1756,84,9,34845750.0,3871750.0,468,2023-12-08,2023,12,4,Grow Dynamic Communities,Sports,Luxury,Dũng Vũ
1887,238,274,2,7506702.0,3753351.0,299,2023-03-08,2023,3,1,Grow Cutting-Edge Technologies,Sports,Luxury,
1888,1214,298,5,13590700.0,2718140.0,351,2023-09-01,2023,9,3,Redefine Wireless Portals,Clothing,Luxury,
1889,1948,91,2,8475528.0,4237764.0,262,2023-11-17,2023,11,4,Innovate Global Bandwidth,Sports,Luxury,
1890,301,191,10,42914560.0,4291456.0,500,2024-08-29,2024,8,3,Envisioneer Back-End E-Services,Books,Luxury,Phương Dương
1891,111,8,2,9833046.0,4916523.0,255,2023-01-11,2023,1,1,Extend Interactive Web-Readiness,Books,Luxury,Minh Đức Trần
1892,1034,29,7,30161782.0,4308826.0,311,2023-04-23,2023,4,2,Scale Cutting-Edge Roi,Sports,Luxury,
1893,1949,274,17,63806967.0,3753351.0,143,2024-10-04,2024,10,4,Grow Cutting-Edge Technologies,Sports,Luxury,
1894,1244,275,4,12508324.0,3127081.0,310,2023-02-05,2023,2,1,Deliver Frictionless Niches,Electronics,Luxury,Nhật Hoàng
1895,748,156,4,15146080.0,3786520.0,439,2023-04-28,2023,4,2,Target End-To-End Web Services,Food,Luxury,
1896,206,119,6,4110126.0,685021.0,6,2024-05-12,2024,5,2,Unleash Holistic Solutions,Electronics,Premium,Quý cô Chi Phạm
1897,391,83,5,6219530.0,1243906.0,101,2024-06-09,2024,6,2,Unleash Viral Paradigms,Clothing,Premium,
1898,1432,157,19,43503806.0,2289674.0,435,2023-04-26,2023,4,2,Cultivate Integrated Portals,Books,Luxury,Khoa Mai
1899,1640,7,5,7954960.0,1590992.0,257,2023-06-13,2023,6,2,Transition Transparent Markets,Books,Premium,
1900,615,133,15,36890895.0,2459393.0,70,2024-01-30,2024,1,1,E-Enable Sticky Relationships,Furniture,Luxury,
1901,1207,282,15,20622840.0,1374856.0,231,2023-02-12,2023,2,1,Utilize Frictionless Interfaces,Books,Premium,Hạnh Phạm
1902,313,54,4,7905596.0,1976399.0,89,2024-03-18,2024,3,1,Benchmark Killer Paradigms,Clothing,Premium,Nhật Hải Trần
1903,1177,182,15,13213935.0,880929.0,58,2024-10-23,2024,10,4,Brand Rich Action-Items,Books,Premium,Nhiên Nguyễn
1904,27,86,14,10626686.0,759049.0,49,2024-07-01,2024,7,3,Orchestrate Best-Of-Breed Info-Mediaries,Sports,Premium,Trọng Hoàng
1905,43,205,18,27334278.0,1518571.0,444,2023-10-01,2023,10,4,Exploit Next-Generation E-Services,Books,Premium,Hà Mai Dương
1906,305,241,10,30496830.0,3049683.0,275,2024-09-25,2024,9,3,Drive One-To-One Portals,Food,Luxury,Bác Minh Nguyễn
1907,1733,63,13,29967990.0,2305230.0,455,2024-01-06,2024,1,1,Seize Web-Enabled Solutions,Electronics,Luxury,Hoàng Hữu Trần
1908,892,9,2,5135700.0,2567850.0,44,2023-04-25,2023,4,2,Whiteboard Virtual Channels,Furniture,Luxury,An Hoàng
1909,1769,193,11,24138884.0,2194444.0,441,2023-04-04,2023,4,2,Disintermediate Bricks-And-Clicks Partnerships,Food,Luxury,Chị Xuân Mai
1910,440,26,18,50490702.0,2805039.0,423,2023-09-03,2023,9,3,Maximize Holistic E-Business,Food,Luxury,Chị Nhật Trần
1911,614,4,10,32534320.0,3253432.0,245,2024-07-08,2024,7,3,Exploit 24/365 Models,Books,Luxury,An Xuân Lê
1912,592,108,11,44056144.0,4005104.0,479,2024-08-08,2024,8,3,Generate Value-Added Convergence,Clothing,Luxury,Anh Dũng Dương
1913,511,160,6,12469428.0,2078238.0,195,2023-05-09,2023,5,2,Engage Collaborative Bandwidth,Furniture,Luxury,
1914,1191,186,20,79992740.0,3999637.0,150,2023-01-03,2023,1,1,Visualize Revolutionary Partnerships,Sports,Luxury,
1915,1890,102,9,22789512.0,2532168.0,157,2023-11-22,2023,11,4,Strategize Customized Schemas,Food,Luxury,Vũ Hoàng
1916,712,280,6,5442588.0,907098.0,280,2024-04-04,2024,4,2,Mesh Leading-Edge E-Commerce,Furniture,Premium,Quý cô Ánh Hoàng
1917,1997,284,5,12206745.0,2441349.0,319,2024-12-19,2024,12,4,Re-Intermediate Mission-Critical E-Markets,Sports,Luxury,
1918,1124,120,20,4935020.0,246751.0,20,2023-04-13,2023,4,2,Generate Collaborative Action-Items,Furniture,Mid,Trung Phú Bùi
1919,1147,174,14,33916260.0,2422590.0,257,2023-07-01,2023,7,3,Expedite Sticky Users,Food,Luxury,
1920,1682,3,2,5187186.0,2593593.0,356,2024-02-05,2024,2,1,Cultivate Rich Schemas,Electronics,Luxury,Thảo Bùi
1921,117,85,8,8724768.0,1090596.0,428,2023-04-05,2023,4,2,Benchmark Cutting-Edge Mindshare,Furniture,Premium,
1922,1461,259,18,34696944.0,1927608.0,111,2023-03-15,2023,3,1,Matrix Back-End Initiatives,Furniture,Premium,Duyên Bùi
1923,1020,243,6,10895610.0,1815935.0,258,2024-04-22,2024,4,2,Streamline Turn-Key Supply-Chains,Electronics,Premium,
1924,607,177,10,4594720.0,459472.0,189,2024-03-29,2024,3,1,Strategize Back-End Synergies,Sports,Mid,
1925,1597,114,5,3174235.0,634847.0,142,2024-02-01,2024,2,1,Whiteboard Enterprise Channels,Food,Premium,Chị Khoa Nguyễn
1926,1014,252,17,67531497.0,3972441.0,117,2023-02-17,2023,2,1,Evolve Revolutionary Web-Readiness,Books,Luxury,Bác Phúc Mai
1927,1537,122,10,44945480.0,4494548.0,473,2024-12-13,2024,12,4,Empower Robust Relationships,Books,Luxury,Nhật Phú Trần
1928,1038,279,3,270177.0,90059.0,4,2024-08-28,2024,8,3,Generate B2C Web-Readiness,Food,Budget,Khoa Lê
1929,1251,264,11,34421409.0,3129219.0,336,2023-07-16,2023,7,3,Scale 24/365 Users,Clothing,Luxury,
1930,414,9,8,20542800.0,2567850.0,467,2024-04-28,2024,4,2,Whiteboard Virtual Channels,Furniture,Luxury,Quang Dương
1931,1424,248,12,11584788.0,965399.0,473,2024-08-21,2024,8,3,Syndicate Efficient Relationships,Food,Premium,Nhật Phú Trần
1932,297,86,19,14421931.0,759049.0,82,2024-05-09,2024,5,2,Orchestrate Best-Of-Breed Info-Mediaries,Sports,Premium,Bác Quang Đặng
1933,1706,6,15,41470110.0,2764674.0,426,2023-07-18,2023,7,3,Whiteboard Impactful Networks,Furniture,Luxury,
1934,1188,236,12,29939844.0,2494987.0,352,2024-03-26,2024,3,1,Innovate Compelling Content,Clothing,Luxury,Nhật Đặng
1935,3,247,17,74747402.0,4396906.0,491,2023-01-20,2023,1,1,Synthesize Scalable Methodologies,Books,Luxury,
1936,1433,166,5,13952475.0,2790495.0,143,2023-12-07,2023,12,4,Seize Virtual Vortals,Food,Luxury,
1937,1683,130,14,57449462.0,4103533.0,353,2024-05-09,2024,5,2,Leverage Rich Paradigms,Electronics,Luxury,
1938,352,293,2,5904288.0,2952144.0,59,2024-08-12,2024,8,3,Disintermediate E-Business Channels,Clothing,Luxury,
1939,1481,80,14,18761400.0,1340100.0,115,2023-04-15,2023,4,2,Cultivate Web-Enabled Info-Mediaries,Sports,Premium,
1940,607,23,13,15756013.0,1212001.0,189,2024-03-29,2024,3,1,Morph World-Class E-Markets,Furniture,Premium,
1941,460,222,10,36224060.0,3622406.0,320,2024-06-19,2024,6,2,Enable Customized Architectures,Furniture,Luxury,Hương Dương
1942,615,44,4,1350192.0,337548.0,70,2024-01-30,2024,1,1,Harness User-Centric Bandwidth,Electronics,Mid,
1943,1635,260,6,6739788.0,1123298.0,18,2023-03-02,2023,3,1,Revolutionize Frictionless Web Services,Clothing,Premium,
1944,1244,228,1,2628005.0,2628005.0,310,2023-02-05,2023,2,1,Envisioneer Collaborative Applications,Food,Luxury,Nhật Hoàng
1945,1169,272,8,31854720.0,3981840.0,154,2024-02-15,2024,2,1,Embrace 24/7 Architectures,Food,Luxury,
1946,598,289,20,48645960.0,2432298.0,349,2024-02-13,2024,2,1,Synergize Ubiquitous Info-Mediaries,Electronics,Luxury,Phúc Lê
1947,1760,266,12,11946828.0,995569.0,498,2024-03-18,2024,3,1,Reinvent Mission-Critical Systems,Clothing,Premium,
1948,193,135,16,10527728.0,657983.0,184,2023-03-17,2023,3,1,Engage Bricks-And-Clicks E-Markets,Furniture,Premium,Linh Vũ
1949,1685,252,15,59586615.0,3972441.0,263,2023-07-03,2023,7,3,Evolve Revolutionary Web-Readiness,Books,Luxury,
1950,1860,257,15,11124705.0,741647.0,278,2024-01-21,2024,1,1,Embrace Intuitive E-Commerce,Electronics,Premium,
1951,1106,287,20,10275840.0,513792.0,24,2024-08-13,2024,8,3,Utilize Back-End Interfaces,Furniture,Premium,Châu Mai Đặng
1952,1910,131,12,16105284.0,1342107.0,191,2023-08-05,2023,8,3,Harness B2B Portals,Clothing,Premium,Hải Hữu Phạm
1953,1911,70,15,36820935.0,2454729.0,385,2023-03-24,2023,3,1,Utilize Next-Generation Schemas,Food,Luxury,Hà Mai
1954,1469,190,9,35934183.0,3992687.0,126,2023-01-11,2023,1,1,Streamline Clicks-And-Mortar Interfaces,Books,Luxury,Quý cô Khoa Vũ
1955,545,46,9,43566102.0,4840678.0,490,2024-08-03,2024,8,3,Syndicate Dynamic E-Commerce,Electronics,Luxury,Chị An Phạm
1956,1747,123,14,1662766.0,118769.0,293,2024-11-30,2024,11,4,Utilize Open-Source Mindshare,Books,Mid,Lâm Nguyễn
1957,733,105,3,6693126.0,2231042.0,230,2023-06-08,2023,6,2,Streamline E-Business Convergence,Furniture,Luxury,Cô Hà Đặng
1958,707,2,1,2485676.0,2485676.0,265,2023-05-05,2023,5,2,Re-Intermediate Mission-Critical Functionalities,Books,Luxury,
1959,618,199,16,62072736.0,3879546.0,447,2024-01-05,2024,1,1,Utilize Impactful Deliverables,Clothing,Luxury,Chị Linh Hoàng
1960,1726,19,2,2392458.0,1196229.0,150,2024-07-19,2024,7,3,Strategize B2B Partnerships,Clothing,Premium,
1961,260,43,5,7677245.0,1535449.0,169,2024-07-06,2024,7,3,Reinvent Compelling Synergies,Furniture,Premium,Cô An Vũ
1962,1414,51,2,8019618.0,4009809.0,32,2023-02-01,2023,2,1,Strategize Intuitive Web Services,Furniture,Luxury,Thảo Vũ
1963,668,106,14,9675400.0,691100.0,374,2024-10-02,2024,10,4,Streamline Turn-Key E-Commerce,Furniture,Premium,
1964,1846,61,5,20846090.0,4169218.0,9,2023-11-27,2023,11,4,Synthesize Seamless Paradigms,Books,Luxury,Bác Trung Phạm
1965,193,275,19,59414539.0,3127081.0,184,2023-03-17,2023,3,1,Deliver Frictionless Niches,Electronics,Luxury,Linh Vũ
1966,458,149,12,38363484.0,3196957.0,462,2023-11-15,2023,11,4,Incubate Collaborative Vortals,Books,Luxury,
1967,1217,77,3,11842344.0,3947448.0,124,2024-06-06,2024,6,2,Brand Innovative Portals,Furniture,Luxury,Huy Bảo Mai
1968,818,256,16,25679648.0,1604978.0,203,2023-04-13,2023,4,2,Incentivize Customized E-Services,Clothing,Premium,
1969,1564,169,18,42619212.0,2367734.0,67,2024-07-06,2024,7,3,Cultivate Scalable Applications,Books,Luxury,
1970,638,244,4,13516044.0,3379011.0,223,2024-10-24,2024,10,4,Generate Holistic E-Commerce,Electronics,Luxury,Lâm Trần
1971,1817,193,8,17555552.0,2194444.0,282,2023-04-30,2023,4,2,Disintermediate Bricks-And-Clicks Partnerships,Food,Luxury,Quý cô Chi Dương
1972,1036,241,13,39645879.0,3049683.0,211,2024-06-24,2024,6,2,Drive One-To-One Portals,Food,Luxury,Quý cô Dương Vũ
1973,1272,137,6,8263158.0,1377193.0,323,2023-05-19,2023,5,2,Enable Web-Enabled E-Markets,Books,Premium,Thành Bảo Bùi
1974,441,83,8,9951248.0,1243906.0,371,2024-03-13,2024,3,1,Unleash Viral Paradigms,Clothing,Premium,Lâm Thị Vũ
1975,1497,227,18,46607958.0,2589331.0,126,2023-02-07,2023,2,1,Monetize Strategic E-Business,Food,Luxury,Quý cô Khoa Vũ
1976,1957,98,10,8656100.0,865610.0,259,2024-09-13,2024,9,3,Envisioneer Bleeding-Edge Deliverables,Clothing,Premium,
1977,1064,208,12,16659708.0,1388309.0,471,2024-03-31,2024,3,1,Engage Dot-Com E-Commerce,Furniture,Premium,
1978,1793,111,9,6432210.0,714690.0,331,2024-12-23,2024,12,4,Optimize Dynamic Web Services,Books,Premium,
1979,1404,102,8,20257344.0,2532168.0,194,2023-08-26,2023,8,3,Strategize Customized Schemas,Food,Luxury,An Văn Hoàng
1980,885,255,17,40401231.0,2376543.0,241,2024-10-12,2024,10,4,Brand Distributed Models,Books,Luxury,Vân Vũ
1981,1673,60,14,31461738.0,2247267.0,200,2023-12-15,2023,12,4,Drive Mission-Critical Web-Readiness,Sports,Luxury,Vi Hoàng
1982,1913,1,10,13990830.0,1399083.0,418,2023-03-16,2023,3,1,Engineer Next-Generation Infrastructures,Furniture,Premium,
1983,808,279,18,1621062.0,90059.0,276,2023-04-28,2023,4,2,Generate B2C Web-Readiness,Food,Budget,Thành Hữu Đặng
1984,42,156,3,11359560.0,3786520.0,359,2023-05-07,2023,5,2,Target End-To-End Web Services,Food,Luxury,
1985,361,235,11,53310796.0,4846436.0,354,2023-04-02,2023,4,2,Mesh Proactive Relationships,Clothing,Luxury,Phương Hoàng
1986,390,207,12,33514380.0,2792865.0,73,2023-08-01,2023,8,3,Benchmark Collaborative Bandwidth,Electronics,Luxury,Nhật Quang Nguyễn
1987,1266,199,2,7759092.0,3879546.0,308,2023-01-14,2023,1,1,Utilize Impactful Deliverables,Clothing,Luxury,Nhật Văn Hoàng
1988,1812,42,16,25851504.0,1615719.0,356,2024-06-08,2024,6,2,Syndicate Sticky Functionalities,Sports,Premium,Thảo Bùi
1989,147,181,7,30712381.0,4387483.0,357,2024-03-28,2024,3,1,Orchestrate End-To-End Markets,Electronics,Luxury,
1990,1501,49,4,1540224.0,385056.0,234,2024-08-15,2024,8,3,Transition Impactful Info-Mediaries,Food,Mid,Chị Xuân Đặng
1991,1957,118,7,4699639.0,671377.0,259,2024-09-13,2024,9,3,Incentivize Seamless Technologies,Electronics,Premium,
1992,1817,187,2,7138256.0,3569128.0,282,2023-04-30,2023,4,2,Maximize Bleeding-Edge Bandwidth,Furniture,Luxury,Quý cô Chi Dương
1993,385,217,19,50419464.0,2653656.0,414,2024-02-20,2024,2,1,Deliver Wireless Metrics,Clothing,Luxury,
1994,293,229,18,44419320.0,2467740.0,321,2023-04-11,2023,4,2,Streamline Viral Synergies,Furniture,Luxury,
1995,518,38,10,7773690.0,777369.0,205,2023-07-06,2023,7,3,Brand Clicks-And-Mortar Portals,Books,Premium,
1996,422,90,2,3051228.0,1525614.0,310,2023-06-30,2023,6,2,Drive Collaborative Experiences,Electronics,Premium,Nhật Hoàng
1997,1856,68,20,64629240.0,3231462.0,231,2023-01-18,2023,1,1,Matrix Customized Platforms,Furniture,Luxury,Hạnh Phạm
1998,971,224,16,43852608.0,2740788.0,127,2024-09-07,2024,9,3,E-Enable Robust Communities,Books,Luxury,Mai Bùi
1999,242,142,7,31308312.0,4472616.0,249,2023-04-11,2023,4,2,Maximize Proactive Action-Items,Books,Luxury,Bà Yến Trần
2000,225,10,11,12885983.0,1171453.0,384,2024-01-27,2024,1,1,Seize Wireless Web-Readiness,Food,Premium,
2001,1624,25,9,16332804.0,1814756.0,15,2023-04-07,2023,4,2,Reinvent Scalable Eyeballs,Electronics,Premium,Hoàng Hoàng
2002,1353,206,7,32103330.0,4586190.0,284,2023-03-16,2023,3,1,Expedite Viral E-Services,Sports,Luxury,
2003,751,6,5,13823370.0,2764674.0,169,2024-07-05,2024,7,3,Whiteboard Impactful Networks,Furniture,Luxury,Cô An Vũ
2004,1323,53,11,43111145.0,3919195.0,302,2024-07-05,2024,7,3,Leverage Ubiquitous Architectures,Food,Luxury,Tú Mai
2005,771,199,8,31036368.0,3879546.0,391,2024-07-11,2024,7,3,Utilize Impactful Deliverables,Clothing,Luxury,
2006,265,253,4,15762640.0,3940660.0,10,2024-06-15,2024,6,2,Incentivize Sticky Niches,Furniture,Luxury,
2007,1647,54,18,35575182.0,1976399.0,89,2024-08-14,2024,8,3,Benchmark Killer Paradigms,Clothing,Premium,Nhật Hải Trần
2008,429,99,2,5246848.0,2623424.0,341,2023-03-20,2023,3,1,Synthesize Enterprise Synergies,Clothing,Luxury,Bác Dũng Bùi
2009,1105,277,14,58416526.0,4172609.0,82,2023-09-24,2023,9,3,Maximize Dynamic Content,Clothing,Luxury,Bác Quang Đặng
2010,1799,13,2,8104310.0,4052155.0,436,2023-01-21,2023,1,1,Aggregate Robust E-Services,Clothing,Luxury,
2011,18,163,20,14066440.0,703322.0,10,2023-02-07,2023,2,1,Disintermediate Viral Convergence,Electronics,Premium,
2012,759,223,8,4037848.0,504731.0,33,2023-04-29,2023,4,2,Revolutionize Out-Of-The-Box Action-Items,Clothing,Premium,Quang Trí Bùi
2013,1426,166,6,16742970.0,2790495.0,264,2023-03-03,2023,3,1,Seize Virtual Vortals,Food,Luxury,Nhật Đức Mai
2014,1950,189,9,13240089.0,1471121.0,13,2023-12-13,2023,12,4,Envisioneer Synergistic Content,Electronics,Premium,Bà Dương Mai
2015,225,19,15,17943435.0,1196229.0,384,2024-01-27,2024,1,1,Strategize B2B Partnerships,Clothing,Premium,
2016,485,67,7,33309157.0,4758451.0,439,2024-06-05,2024,6,2,Disintermediate Cutting-Edge Roi,Furniture,Luxury,
2017,1530,79,12,37148292.0,3095691.0,150,2024-05-14,2024,5,2,Syndicate Rich Initiatives,Clothing,Luxury,
2018,721,68,19,61397778.0,3231462.0,175,2023-06-08,2023,6,2,Matrix Customized Platforms,Furniture,Luxury,Anh Phúc Lê
2019,1558,251,11,47426621.0,4311511.0,260,2024-05-31,2024,5,2,Incubate Cross-Platform Platforms,Electronics,Luxury,
2020,319,191,14,60080384.0,4291456.0,2,2023-04-22,2023,4,2,Envisioneer Back-End E-Services,Books,Luxury,Quý cô Kim Phạm
2021,657,91,1,4237764.0,4237764.0,432,2024-11-24,2024,11,4,Innovate Global Bandwidth,Sports,Luxury,Trọng Mai Bảo Trần
2022,1643,106,12,8293200.0,691100.0,4,2024-04-21,2024,4,2,Streamline Turn-Key E-Commerce,Furniture,Premium,Khoa Lê
2023,323,106,16,11057600.0,691100.0,263,2024-01-30,2024,1,1,Streamline Turn-Key E-Commerce,Furniture,Premium,
2024,1287,283,10,7766380.0,776638.0,207,2024-04-12,2024,4,2,Evolve Cross-Platform Mindshare,Food,Premium,
2025,1715,170,8,35095672.0,4386959.0,12,2023-05-28,2023,5,2,Re-Intermediate Best-Of-Breed Info-Mediaries,Electronics,Luxury,
2026,572,121,4,11287068.0,2821767.0,66,2024-01-30,2024,1,1,Evolve Efficient Metrics,Electronics,Luxury,
2027,1658,279,15,1350885.0,90059.0,189,2023-09-10,2023,9,3,Generate B2C Web-Readiness,Food,Budget,
2028,23,163,1,703322.0,703322.0,321,2024-08-25,2024,8,3,Disintermediate Viral Convergence,Electronics,Premium,
2029,288,193,3,6583332.0,2194444.0,438,2023-01-05,2023,1,1,Disintermediate Bricks-And-Clicks Partnerships,Food,Luxury,Hải Đặng
2030,278,203,20,17886480.0,894324.0,184,2024-10-09,2024,10,4,Benchmark Proactive Systems,Furniture,Premium,Linh Vũ
2031,1166,51,17,68166753.0,4009809.0,277,2024-09-15,2024,9,3,Strategize Intuitive Web Services,Furniture,Luxury,Dũng Vũ
2032,921,107,9,16115184.0,1790576.0,58,2024-02-12,2024,2,1,Target Vertical E-Markets,Books,Premium,Nhiên Nguyễn
2033,1271,205,13,19741423.0,1518571.0,325,2023-05-14,2023,5,2,Exploit Next-Generation E-Services,Books,Premium,Phúc Vũ
2034,550,100,17,44801545.0,2635385.0,138,2023-06-21,2023,6,2,Unleash Magnetic Action-Items,Clothing,Luxury,Dương Hoàng
2035,1984,114,14,8887858.0,634847.0,220,2023-08-13,2023,8,3,Whiteboard Enterprise Channels,Food,Premium,Cô Khoa Nguyễn
2036,1438,94,20,6471360.0,323568.0,243,2024-12-31,2024,12,4,Morph Web-Enabled Convergence,Electronics,Mid,Bà Vân Phạm
2037,56,53,4,15676780.0,3919195.0,128,2023-04-06,2023,4,2,Leverage Ubiquitous Architectures,Food,Luxury,Cô Yến Bùi
2038,1863,209,4,1980276.0,495069.0,236,2023-09-26,2023,9,3,Evolve Visionary Content,Food,Mid,
2039,241,160,19,39486522.0,2078238.0,40,2024-03-08,2024,3,1,Engage Collaborative Bandwidth,Furniture,Luxury,
2040,263,290,16,41641120.0,2602570.0,220,2024-10-07,2024,10,4,Enhance End-To-End Eyeballs,Sports,Luxury,Cô Khoa Nguyễn
2041,107,194,19,30163222.0,1587538.0,167,2024-05-13,2024,5,2,Implement Collaborative Action-Items,Books,Premium,Hải Đặng
2042,816,19,20,23924580.0,1196229.0,83,2023-04-02,2023,4,2,Strategize B2B Partnerships,Clothing,Premium,Châu Mai Dương
2043,1692,128,17,45339493.0,2667029.0,165,2023-07-06,2023,7,3,Seize Value-Added Bandwidth,Sports,Luxury,Phúc Đặng
2044,1473,133,15,36890895.0,2459393.0,484,2023-04-17,2023,4,2,E-Enable Sticky Relationships,Furniture,Luxury,Hương Hoàng
2045,1273,130,16,65656528.0,4103533.0,61,2024-09-30,2024,9,3,Leverage Rich Paradigms,Electronics,Luxury,Chị Linh Phạm
2046,2,111,5,3573450.0,714690.0,487,2024-12-03,2024,12,4,Optimize Dynamic Web Services,Books,Premium,
2047,1840,284,15,36620235.0,2441349.0,237,2024-11-30,2024,11,4,Re-Intermediate Mission-Critical E-Markets,Sports,Luxury,
2048,607,81,6,1094946.0,182491.0,189,2024-03-29,2024,3,1,Incentivize Frictionless Experiences,Clothing,Mid,
2049,428,271,1,915859.0,915859.0,155,2024-05-22,2024,5,2,Transition Holistic Partnerships,Sports,Premium,
2050,49,129,15,69379080.0,4625272.0,69,2023-03-29,2023,3,1,Synthesize Customized E-Markets,Furniture,Luxury,
2051,1857,132,7,17400173.0,2485739.0,5,2024-08-15,2024,8,3,Streamline Compelling Communities,Electronics,Luxury,Linh Bùi
2052,828,226,10,23585010.0,2358501.0,39,2023-02-13,2023,2,1,Evolve Rich Experiences,Electronics,Luxury,
2053,165,272,16,63709440.0,3981840.0,410,2023-09-06,2023,9,3,Embrace 24/7 Architectures,Food,Luxury,Quý cô Thành Bùi
2054,867,273,14,21109270.0,1507805.0,52,2023-03-19,2023,3,1,Evolve Enterprise Experiences,Food,Premium,Kim Quang Phạm
2055,658,228,15,39420075.0,2628005.0,361,2023-12-01,2023,12,4,Envisioneer Collaborative Applications,Food,Luxury,
2056,1521,91,8,33902112.0,4237764.0,388,2024-01-24,2024,1,1,Innovate Global Bandwidth,Sports,Luxury,Kim Mai Đặng
2057,1949,128,10,26670290.0,2667029.0,143,2024-10-04,2024,10,4,Seize Value-Added Bandwidth,Sports,Luxury,
2058,23,150,7,30727263.0,4389609.0,321,2024-08-25,2024,8,3,Drive Collaborative Communities,Electronics,Luxury,
2059,1060,21,7,14981477.0,2140211.0,396,2024-07-31,2024,7,3,Mesh User-Centric Functionalities,Food,Luxury,Phúc Đức Trần
2060,1948,250,2,1795824.0,897912.0,262,2023-11-17,2023,11,4,Productize Magnetic Functionalities,Furniture,Premium,
2061,903,244,15,50685165.0,3379011.0,477,2024-05-01,2024,5,2,Generate Holistic E-Commerce,Electronics,Luxury,
2062,596,92,1,1179485.0,1179485.0,265,2023-05-02,2023,5,2,Unleash Innovative E-Business,Furniture,Premium,
2063,1282,166,13,36276435.0,2790495.0,360,2023-02-06,2023,2,1,Seize Virtual Vortals,Food,Luxury,Chị Nhật Bùi
2064,1860,20,9,4106205.0,456245.0,278,2024-01-21,2024,1,1,Engineer Integrated Deliverables,Food,Mid,
2065,351,15,10,23938830.0,2393883.0,169,2023-01-28,2023,1,1,Maximize Back-End Infrastructures,Clothing,Luxury,Cô An Vũ
2066,1758,126,17,52928140.0,3113420.0,77,2023-01-24,2023,1,1,Enable Impactful Communities,Electronics,Luxury,Nam Lê
2067,861,42,1,1615719.0,1615719.0,8,2024-04-18,2024,4,2,Syndicate Sticky Functionalities,Sports,Premium,Thành Tấn Hoàng
2068,1040,295,5,10556975.0,2111395.0,494,2023-09-04,2023,9,3,Evolve Value-Added Users,Electronics,Luxury,Chi Nguyễn
2069,9,98,14,12118540.0,865610.0,313,2024-07-20,2024,7,3,Envisioneer Bleeding-Edge Deliverables,Clothing,Premium,
2070,160,85,5,5452980.0,1090596.0,28,2023-03-27,2023,3,1,Benchmark Cutting-Edge Mindshare,Furniture,Premium,
2071,1559,8,3,14749569.0,4916523.0,327,2023-05-12,2023,5,2,Extend Interactive Web-Readiness,Books,Luxury,Hạnh Thị Nguyễn
2072,1863,229,4,9870960.0,2467740.0,236,2023-09-26,2023,9,3,Streamline Viral Synergies,Furniture,Luxury,
2073,1928,109,10,14915120.0,1491512.0,21,2024-12-07,2024,12,4,Incubate World-Class Systems,Food,Premium,Châu Đặng
2074,1327,31,17,13376705.0,786865.0,178,2023-12-24,2023,12,4,Expedite Transparent Niches,Clothing,Premium,
2075,876,108,15,60076560.0,4005104.0,109,2023-01-29,2023,1,1,Generate Value-Added Convergence,Clothing,Luxury,An Hữu Đặng
2076,1834,272,19,75654960.0,3981840.0,235,2024-04-04,2024,4,2,Embrace 24/7 Architectures,Food,Luxury,
2077,673,141,4,12946356.0,3236589.0,41,2023-06-30,2023,6,2,Innovate Vertical Markets,Electronics,Luxury,Phương Đức Mai
2078,1234,179,3,10472529.0,3490843.0,442,2023-08-18,2023,8,3,Streamline Value-Added Schemas,Food,Luxury,Hạnh Phú Dương
2079,72,8,18,88497414.0,4916523.0,158,2024-01-04,2024,1,1,Extend Interactive Web-Readiness,Books,Luxury,Cô Linh Bùi
2080,617,17,4,14070704.0,3517676.0,319,2023-05-08,2023,5,2,Exploit Holistic Info-Mediaries,Electronics,Luxury,
2081,190,22,18,31647438.0,1758191.0,101,2023-05-03,2023,5,2,Orchestrate Holistic Interfaces,Furniture,Premium,
2082,1832,186,1,3999637.0,3999637.0,40,2024-08-05,2024,8,3,Visualize Revolutionary Partnerships,Sports,Luxury,
2083,1149,224,12,32889456.0,2740788.0,163,2023-12-03,2023,12,4,E-Enable Robust Communities,Books,Luxury,
2084,1574,241,17,51844611.0,3049683.0,383,2023-12-13,2023,12,4,Drive One-To-One Portals,Food,Luxury,Ngọc Mai
2085,629,178,18,83693556.0,4649642.0,58,2024-05-16,2024,5,2,Whiteboard Next-Generation Platforms,Electronics,Luxury,Nhiên Nguyễn
2086,1509,90,15,22884210.0,1525614.0,415,2024-02-15,2024,2,1,Drive Collaborative Experiences,Electronics,Premium,
2087,1148,263,9,36091296.0,4010144.0,268,2024-12-05,2024,12,4,Transition Magnetic E-Tailers,Books,Luxury,Khoa Bùi
2088,177,24,3,4780986.0,1593662.0,346,2024-05-29,2024,5,2,Optimize Open-Source Infrastructures,Furniture,Premium,Phương Hoàng
2089,1849,157,14,32055436.0,2289674.0,48,2024-10-03,2024,10,4,Cultivate Integrated Portals,Books,Luxury,
2090,326,171,15,1891200.0,126080.0,24,2023-09-05,2023,9,3,Aggregate Synergistic Partnerships,Food,Mid,Châu Mai Đặng
2091,1184,87,6,27157530.0,4526255.0,356,2023-09-08,2023,9,3,Transition Next-Generation Vortals,Sports,Luxury,Thảo Bùi
2092,846,83,14,17414684.0,1243906.0,91,2024-12-24,2024,12,4,Unleash Viral Paradigms,Clothing,Premium,
2093,1140,295,13,27448135.0,2111395.0,468,2023-11-07,2023,11,4,Evolve Value-Added Users,Electronics,Luxury,Dũng Vũ
2094,1703,289,2,4864596.0,2432298.0,129,2024-08-19,2024,8,3,Synergize Ubiquitous Info-Mediaries,Electronics,Luxury,Trọng Đức Bùi
2095,602,83,5,6219530.0,1243906.0,440,2023-10-26,2023,10,4,Unleash Viral Paradigms,Clothing,Premium,Chị Hạnh Dương
2096,26,130,20,82070660.0,4103533.0,264,2023-07-25,2023,7,3,Leverage Rich Paradigms,Electronics,Luxury,Nhật Đức Mai
2097,118,163,20,14066440.0,703322.0,19,2023-07-28,2023,7,3,Disintermediate Viral Convergence,Electronics,Premium,Tùng Hải Lê
2098,1614,61,20,83384360.0,4169218.0,7,2024-11-19,2024,11,4,Synthesize Seamless Paradigms,Books,Luxury,Vân Đặng
2099,1180,10,4,4685812.0,1171453.0,220,2023-09-28,2023,9,3,Seize Wireless Web-Readiness,Food,Premium,Cô Khoa Nguyễn
2100,1109,296,15,17858955.0,1190597.0,432,2024-11-09,2024,11,4,Target Proactive Relationships,Clothing,Premium,Trọng Mai Bảo Trần
2101,574,177,14,6432608.0,459472.0,76,2023-12-31,2023,12,4,Strategize Back-End Synergies,Sports,Mid,
2102,20,261,4,7616296.0,1904074.0,156,2024-04-30,2024,4,2,Exploit Back-End Markets,Sports,Premium,Bảo Văn Bùi
2103,1430,41,8,37765296.0,4720662.0,237,2023-09-20,2023,9,3,Harness Compelling Partnerships,Books,Luxury,
2104,265,118,18,12084786.0,671377.0,10,2024-06-15,2024,6,2,Incentivize Seamless Technologies,Electronics,Premium,
2105,6,295,8,16891160.0,2111395.0,188,2024-05-18,2024,5,2,Evolve Value-Added Users,Electronics,Luxury,Hạnh Hữu Mai
2106,902,179,16,55853488.0,3490843.0,387,2024-07-13,2024,7,3,Streamline Value-Added Schemas,Food,Luxury,Anh Mai
2107,75,232,7,15904168.0,2272024.0,134,2024-02-07,2024,2,1,Brand Viral Roi,Clothing,Luxury,
2108,1129,23,15,18180015.0,1212001.0,111,2023-06-28,2023,6,2,Morph World-Class E-Markets,Furniture,Premium,Duyên Bùi
2109,1534,214,3,8885556.0,2961852.0,22,2023-05-04,2023,5,2,Leverage Global Niches,Furniture,Luxury,
2110,1391,4,14,45548048.0,3253432.0,498,2023-04-05,2023,4,2,Exploit 24/365 Models,Books,Luxury,
2111,1032,245,2,8830146.0,4415073.0,193,2023-11-01,2023,11,4,Deploy Web-Enabled Convergence,Books,Luxury,Nhật Phạm
2112,20,57,9,13830462.0,1536718.0,156,2024-04-30,2024,4,2,Harness Sticky Web-Readiness,Food,Premium,Bảo Văn Bùi
2113,370,44,14,4725672.0,337548.0,243,2024-08-08,2024,8,3,Harness User-Centric Bandwidth,Electronics,Mid,Bà Vân Phạm
2114,1981,25,5,9073780.0,1814756.0,246,2023-11-12,2023,11,4,Reinvent Scalable Eyeballs,Electronics,Premium,
2115,43,84,6,23230500.0,3871750.0,444,2023-10-01,2023,10,4,Grow Dynamic Communities,Sports,Luxury,Hà Mai Dương
2116,1728,148,1,1479415.0,1479415.0,160,2023-05-20,2023,5,2,Unleash Distributed Web-Readiness,Electronics,Premium,
2117,1485,288,11,23043669.0,2094879.0,451,2024-08-28,2024,8,3,Cultivate 24/365 E-Services,Sports,Luxury,
2118,681,259,9,17348472.0,1927608.0,491,2023-02-07,2023,2,1,Matrix Back-End Initiatives,Furniture,Premium,
2119,1688,235,3,14539308.0,4846436.0,165,2023-09-29,2023,9,3,Mesh Proactive Relationships,Clothing,Luxury,Phúc Đặng
2120,1451,235,13,63003668.0,4846436.0,348,2024-04-27,2024,4,2,Mesh Proactive Relationships,Clothing,Luxury,Bà Hà Nguyễn
2121,1512,29,13,56014738.0,4308826.0,409,2024-06-06,2024,6,2,Scale Cutting-Edge Roi,Sports,Luxury,Cô Hương Nguyễn
2122,1604,150,15,65844135.0,4389609.0,47,2023-08-12,2023,8,3,Drive Collaborative Communities,Electronics,Luxury,Tú Dương
2123,558,251,11,47426621.0,4311511.0,496,2024-11-20,2024,11,4,Incubate Cross-Platform Platforms,Electronics,Luxury,
2124,1639,137,18,24789474.0,1377193.0,221,2023-11-05,2023,11,4,Enable Web-Enabled E-Markets,Books,Premium,
2125,436,20,8,3649960.0,456245.0,378,2024-10-10,2024,10,4,Engineer Integrated Deliverables,Food,Mid,
2126,768,11,13,7969169.0,613013.0,328,2023-01-31,2023,1,1,Envisioneer Cross-Media Paradigms,Food,Premium,Hoàng Nguyễn
2127,1205,211,5,15155455.0,3031091.0,194,2023-12-19,2023,12,4,Optimize Proactive Systems,Books,Luxury,An Văn Hoàng
2128,826,18,9,18171765.0,2019085.0,266,2023-12-10,2023,12,4,Empower Dot-Com Applications,Food,Luxury,Cô Ánh Trần
2129,1616,174,7,16958130.0,2422590.0,378,2024-01-31,2024,1,1,Expedite Sticky Users,Food,Luxury,
2130,1610,84,9,34845750.0,3871750.0,23,2023-10-16,2023,10,4,Grow Dynamic Communities,Sports,Luxury,Bác Thành Dương
2131,649,260,2,2246596.0,1123298.0,329,2023-07-03,2023,7,3,Revolutionize Frictionless Web Services,Clothing,Premium,Khoa Thế Dương
2132,888,156,13,49224760.0,3786520.0,43,2024-07-20,2024,7,3,Target End-To-End Web Services,Food,Luxury,An Hoàng Phạm
2133,206,29,7,30161782.0,4308826.0,6,2024-05-12,2024,5,2,Scale Cutting-Edge Roi,Sports,Luxury,Quý cô Chi Phạm
2134,1785,172,9,33330942.0,3703438.0,34,2023-04-09,2023,4,2,Seize Virtual Functionalities,Sports,Luxury,Phúc Hoàng
2135,231,60,18,40450806.0,2247267.0,163,2024-04-11,2024,4,2,Drive Mission-Critical Web-Readiness,Sports,Luxury,
2136,170,300,20,62865520.0,3143276.0,36,2024-12-19,2024,12,4,E-Enable B2B Initiatives,Electronics,Luxury,Cô Nhật Trần
2137,889,272,18,71673120.0,3981840.0,299,2023-07-31,2023,7,3,Embrace 24/7 Architectures,Food,Luxury,
2138,1302,78,9,43515747.0,4835083.0,232,2024-06-01,2024,6,2,Leverage Visionary Experiences,Clothing,Luxury,Phương Dương
2139,1757,200,10,31168580.0,3116858.0,279,2023-02-24,2023,2,1,Maximize Open-Source Mindshare,Sports,Luxury,Kim Phú Bùi
2140,813,198,6,5860278.0,976713.0,167,2023-09-20,2023,9,3,Orchestrate Leading-Edge Schemas,Sports,Premium,Hải Đặng
2141,634,170,11,48256549.0,4386959.0,240,2023-05-18,2023,5,2,Re-Intermediate Best-Of-Breed Info-Mediaries,Electronics,Luxury,Phúc Trí Dương
2142,842,232,15,34080360.0,2272024.0,431,2023-03-08,2023,3,1,Brand Viral Roi,Clothing,Luxury,Nam Thế Lê
2143,1491,282,7,9623992.0,1374856.0,453,2024-10-27,2024,10,4,Utilize Frictionless Interfaces,Books,Premium,Kim Dương
2144,1869,270,20,49406180.0,2470309.0,378,2024-01-06,2024,1,1,Revolutionize Open-Source Interfaces,Food,Luxury,
2145,1613,21,1,2140211.0,2140211.0,498,2023-01-22,2023,1,1,Mesh User-Centric Functionalities,Food,Luxury,
2146,986,277,15,62589135.0,4172609.0,424,2024-05-18,2024,5,2,Maximize Dynamic Content,Clothing,Luxury,Nhiên Xuân Đặng
2147,1562,132,4,9942956.0,2485739.0,486,2023-06-28,2023,6,2,Streamline Compelling Communities,Electronics,Luxury,Ông Hưng Mai
2148,519,28,17,64901784.0,3817752.0,390,2023-10-03,2023,10,4,Cultivate Dot-Com Deliverables,Books,Luxury,Khoa Hoàng
2149,128,97,7,30722818.0,4388974.0,208,2023-10-14,2023,10,4,Drive Strategic Convergence,Electronics,Luxury,Ngọc Bùi
2150,180,289,16,38916768.0,2432298.0,391,2024-09-19,2024,9,3,Synergize Ubiquitous Info-Mediaries,Electronics,Luxury,
2151,512,87,16,72420080.0,4526255.0,281,2024-08-27,2024,8,3,Transition Next-Generation Vortals,Sports,Luxury,
2152,803,248,15,14480985.0,965399.0,265,2023-07-19,2023,7,3,Syndicate Efficient Relationships,Food,Premium,
2153,444,228,8,21024040.0,2628005.0,487,2023-09-20,2023,9,3,Envisioneer Collaborative Applications,Food,Luxury,
2154,1619,249,4,12489968.0,3122492.0,266,2024-06-07,2024,6,2,Syndicate E-Business Systems,Clothing,Luxury,Cô Ánh Trần
2155,564,137,4,5508772.0,1377193.0,36,2024-11-20,2024,11,4,Enable Web-Enabled E-Markets,Books,Premium,Cô Nhật Trần
2156,1090,255,20,47530860.0,2376543.0,118,2024-08-31,2024,8,3,Brand Distributed Models,Books,Luxury,Tùng Mai Mai
2157,1938,129,3,13875816.0,4625272.0,340,2023-07-22,2023,7,3,Synthesize Customized E-Markets,Furniture,Luxury,
2158,377,240,4,17150372.0,4287593.0,423,2024-06-09,2024,6,2,Streamline Extensible E-Commerce,Electronics,Luxury,Chị Nhật Trần
2159,480,257,17,12607999.0,741647.0,166,2024-06-12,2024,6,2,Embrace Intuitive E-Commerce,Electronics,Premium,Khoa Phú Hoàng
2160,1465,76,7,25825142.0,3689306.0,385,2023-09-22,2023,9,3,Maximize B2B Platforms,Clothing,Luxury,Hà Mai
2161,607,77,10,39474480.0,3947448.0,189,2024-03-29,2024,3,1,Brand Innovative Portals,Furniture,Luxury,
2162,85,274,2,7506702.0,3753351.0,104,2024-11-28,2024,11,4,Grow Cutting-Edge Technologies,Sports,Luxury,Tùng Dương
2163,430,1,15,20986245.0,1399083.0,386,2023-02-03,2023,2,1,Engineer Next-Generation Infrastructures,Furniture,Premium,Quý ông Tú Phạm
2164,784,258,6,781896.0,130316.0,343,2024-11-21,2024,11,4,Deliver Killer Info-Mediaries,Food,Mid,
2165,218,173,3,5697426.0,1899142.0,404,2023-09-27,2023,9,3,Utilize User-Centric E-Markets,Furniture,Premium,Ngọc Mai
2166,656,218,10,39592480.0,3959248.0,328,2023-06-27,2023,6,2,Target Impactful Deliverables,Books,Luxury,Hoàng Nguyễn
2167,1647,41,17,80251254.0,4720662.0,89,2024-08-14,2024,8,3,Harness Compelling Partnerships,Books,Luxury,Nhật Hải Trần
2168,279,163,19,13363118.0,703322.0,398,2023-03-04,2023,3,1,Disintermediate Viral Convergence,Electronics,Premium,Ông Quang Vũ
2169,1833,81,10,1824910.0,182491.0,394,2023-10-23,2023,10,4,Incentivize Frictionless Experiences,Clothing,Mid,Ông Tú Lê
2170,654,251,7,30180577.0,4311511.0,69,2024-03-08,2024,3,1,Incubate Cross-Platform Platforms,Electronics,Luxury,
2171,599,219,19,9235330.0,486070.0,77,2023-03-08,2023,3,1,Matrix Vertical Systems,Books,Mid,Nam Lê
2172,997,221,5,8476775.0,1695355.0,92,2024-12-06,2024,12,4,Innovate Scalable Action-Items,Furniture,Premium,Bảo Hoàng Bùi
2173,1873,238,6,2324940.0,387490.0,498,2023-01-25,2023,1,1,Enhance E-Business Architectures,Clothing,Mid,
2174,1550,154,4,8547316.0,2136829.0,389,2023-08-21,2023,8,3,Maximize E-Business Models,Clothing,Luxury,Ông Dũng Trần
2175,1912,68,17,54934854.0,3231462.0,144,2023-07-31,2023,7,3,Matrix Customized Platforms,Furniture,Luxury,
2176,1102,112,20,51381480.0,2569074.0,410,2023-07-27,2023,7,3,Harness Customized E-Markets,Books,Luxury,Quý cô Thành Bùi
2177,132,244,13,43927143.0,3379011.0,296,2024-09-16,2024,9,3,Generate Holistic E-Commerce,Electronics,Luxury,Trọng Văn Hoàng
2178,1449,119,11,7535231.0,685021.0,94,2024-05-08,2024,5,2,Unleash Holistic Solutions,Electronics,Premium,Kim Lê
2179,895,15,17,40696011.0,2393883.0,26,2023-08-24,2023,8,3,Maximize Back-End Infrastructures,Clothing,Luxury,
2180,1939,239,20,69377740.0,3468887.0,333,2023-04-12,2023,4,2,Cultivate Interactive E-Tailers,Furniture,Luxury,
2181,1089,169,14,33148276.0,2367734.0,34,2023-11-05,2023,11,4,Cultivate Scalable Applications,Books,Luxury,Phúc Hoàng
2182,600,285,12,665220.0,55435.0,84,2023-12-09,2023,12,4,Scale E-Business Web-Readiness,Clothing,Budget,
2183,1454,121,6,16930602.0,2821767.0,101,2024-07-12,2024,7,3,Evolve Efficient Metrics,Electronics,Luxury,
2184,618,50,18,46086732.0,2560374.0,447,2024-01-05,2024,1,1,Visualize One-To-One E-Business,Books,Luxury,Chị Linh Hoàng
2185,1539,142,17,76034472.0,4472616.0,116,2023-02-10,2023,2,1,Maximize Proactive Action-Items,Books,Luxury,Anh Bảo Bùi
2186,188,174,17,41184030.0,2422590.0,134,2024-02-09,2024,2,1,Expedite Sticky Users,Food,Luxury,
2187,52,90,12,18307368.0,1525614.0,115,2023-06-21,2023,6,2,Drive Collaborative Experiences,Electronics,Premium,
2188,329,96,8,28217464.0,3527183.0,33,2024-10-11,2024,10,4,Orchestrate Magnetic Eyeballs,Books,Luxury,Quang Trí Bùi
2189,1678,130,2,8207066.0,4103533.0,19,2024-11-03,2024,11,4,Leverage Rich Paradigms,Electronics,Luxury,Tùng Hải Lê
2190,759,4,13,42294616.0,3253432.0,33,2023-04-29,2023,4,2,Exploit 24/365 Models,Books,Luxury,Quang Trí Bùi
2191,257,77,20,78948960.0,3947448.0,411,2024-10-07,2024,10,4,Brand Innovative Portals,Furniture,Luxury,
2192,352,5,12,23658600.0,1971550.0,59,2024-08-12,2024,8,3,Redefine 24/365 Architectures,Books,Premium,
2193,1975,104,10,17235550.0,1723555.0,88,2023-08-22,2023,8,3,Enhance Visionary Content,Electronics,Premium,
2194,1659,188,19,48876968.0,2572472.0,402,2023-07-30,2023,7,3,Embrace Rich Experiences,Electronics,Luxury,
2195,1171,25,9,16332804.0,1814756.0,220,2024-09-08,2024,9,3,Reinvent Scalable Eyeballs,Electronics,Premium,Cô Khoa Nguyễn
2196,626,272,9,35836560.0,3981840.0,158,2023-06-04,2023,6,2,Embrace 24/7 Architectures,Food,Luxury,Cô Linh Bùi
2197,811,189,13,19124573.0,1471121.0,447,2024-07-30,2024,7,3,Envisioneer Synergistic Content,Electronics,Premium,Chị Linh Hoàng
2198,570,44,16,5400768.0,337548.0,81,2023-11-21,2023,11,4,Harness User-Centric Bandwidth,Electronics,Mid,Kim Hoàng
2199,830,99,8,20987392.0,2623424.0,150,2024-07-18,2024,7,3,Synthesize Enterprise Synergies,Clothing,Luxury,
2200,1192,120,16,3948016.0,246751.0,96,2023-11-03,2023,11,4,Generate Collaborative Action-Items,Furniture,Mid,Bà Bảo Bùi
2201,1473,161,1,2346911.0,2346911.0,484,2023-04-17,2023,4,2,Innovate Proactive Web-Readiness,Books,Luxury,Hương Hoàng
2202,1155,58,12,10173264.0,847772.0,247,2023-06-27,2023,6,2,Benchmark Seamless Bandwidth,Books,Premium,Nhật Phạm
2203,1992,127,13,38415520.0,2955040.0,138,2023-02-01,2023,2,1,Extend Magnetic Schemas,Furniture,Luxury,Dương Hoàng
2204,1296,133,16,39350288.0,2459393.0,138,2023-06-21,2023,6,2,E-Enable Sticky Relationships,Furniture,Luxury,Dương Hoàng
2205,1182,135,5,3289915.0,657983.0,102,2023-05-20,2023,5,2,Engage Bricks-And-Clicks E-Markets,Furniture,Premium,Hưng Nguyễn
2206,799,58,13,11021036.0,847772.0,37,2023-08-02,2023,8,3,Benchmark Seamless Bandwidth,Books,Premium,
2207,1320,120,16,3948016.0,246751.0,250,2024-02-22,2024,2,1,Generate Collaborative Action-Items,Furniture,Mid,Quý ông Nam Nguyễn
2208,1391,18,2,4038170.0,2019085.0,498,2023-04-05,2023,4,2,Empower Dot-Com Applications,Food,Luxury,
2209,1174,104,4,6894220.0,1723555.0,2,2024-07-05,2024,7,3,Enhance Visionary Content,Electronics,Premium,Quý cô Kim Phạm
2210,1247,170,20,87739180.0,4386959.0,143,2024-09-03,2024,9,3,Re-Intermediate Best-Of-Breed Info-Mediaries,Electronics,Luxury,
2211,1254,76,8,29514448.0,3689306.0,345,2023-12-26,2023,12,4,Maximize B2B Platforms,Clothing,Luxury,Bác Trung Mai
2212,1410,258,1,130316.0,130316.0,185,2024-11-01,2024,11,4,Deliver Killer Info-Mediaries,Food,Mid,
2213,343,115,16,50365072.0,3147817.0,314,2023-07-18,2023,7,3,Embrace Strategic Users,Food,Luxury,
2214,428,136,7,15002596.0,2143228.0,155,2024-05-22,2024,5,2,Expedite Mission-Critical Web-Readiness,Electronics,Luxury,
2215,705,118,5,3356885.0,671377.0,340,2023-04-26,2023,4,2,Incentivize Seamless Technologies,Electronics,Premium,
2216,1284,34,11,15862660.0,1442060.0,168,2023-11-08,2023,11,4,Monetize Back-End Content,Clothing,Premium,Bác Hưng Lê
2217,671,197,2,7801062.0,3900531.0,118,2023-08-07,2023,8,3,Scale Plug-And-Play E-Services,Electronics,Luxury,Tùng Mai Mai
2218,743,159,15,17410170.0,1160678.0,425,2023-01-18,2023,1,1,Productize User-Centric Portals,Clothing,Premium,Linh Bùi
2219,454,65,19,58783758.0,3093882.0,246,2023-05-10,2023,5,2,Integrate Proactive Interfaces,Clothing,Luxury,
2220,1873,86,10,7590490.0,759049.0,498,2023-01-25,2023,1,1,Orchestrate Best-Of-Breed Info-Mediaries,Sports,Premium,
2221,1198,287,14,7193088.0,513792.0,259,2024-02-10,2024,2,1,Utilize Back-End Interfaces,Furniture,Premium,
2222,749,191,13,55788928.0,4291456.0,485,2024-05-05,2024,5,2,Envisioneer Back-End E-Services,Books,Luxury,
2223,232,203,11,9837564.0,894324.0,10,2024-05-14,2024,5,2,Benchmark Proactive Systems,Furniture,Premium,
2224,1796,206,1,4586190.0,4586190.0,368,2023-07-20,2023,7,3,Expedite Viral E-Services,Sports,Luxury,Thảo Trần
2225,1293,68,4,12925848.0,3231462.0,118,2023-09-05,2023,9,3,Matrix Customized Platforms,Furniture,Luxury,Tùng Mai Mai
2226,795,265,12,40328568.0,3360714.0,236,2023-11-09,2023,11,4,Incubate Magnetic E-Business,Food,Luxury,
2227,278,50,10,25603740.0,2560374.0,184,2024-10-09,2024,10,4,Visualize One-To-One E-Business,Books,Luxury,Linh Vũ
2228,496,234,6,5283492.0,880582.0,466,2023-02-25,2023,2,1,Evolve Turn-Key Interfaces,Electronics,Premium,An Nguyễn
2229,383,4,12,39041184.0,3253432.0,207,2023-01-27,2023,1,1,Exploit 24/365 Models,Books,Luxury,
2230,372,180,6,8878176.0,1479696.0,26,2023-04-11,2023,4,2,E-Enable Collaborative Technologies,Food,Premium,
2231,1957,16,19,22097228.0,1163012.0,259,2024-09-13,2024,9,3,Streamline Killer Relationships,Sports,Premium,
2232,566,142,17,76034472.0,4472616.0,462,2024-09-25,2024,9,3,Maximize Proactive Action-Items,Books,Luxury,
2233,1752,129,19,87880168.0,4625272.0,231,2024-11-14,2024,11,4,Synthesize Customized E-Markets,Furniture,Luxury,Hạnh Phạm
2234,405,27,19,8315065.0,437635.0,385,2024-11-19,2024,11,4,Incentivize Compelling Relationships,Sports,Mid,Hà Mai
2235,1467,225,16,8221952.0,513872.0,423,2024-10-10,2024,10,4,Transform Proactive Markets,Electronics,Premium,Chị Nhật Trần
2236,1426,183,19,14855701.0,781879.0,264,2023-03-03,2023,3,1,Seize Innovative Methodologies,Electronics,Premium,Nhật Đức Mai
2237,889,218,18,71266464.0,3959248.0,299,2023-07-31,2023,7,3,Target Impactful Deliverables,Books,Luxury,
2238,673,114,3,1904541.0,634847.0,41,2023-06-30,2023,6,2,Whiteboard Enterprise Channels,Food,Premium,Phương Đức Mai
2239,975,90,16,24409824.0,1525614.0,186,2024-09-07,2024,9,3,Drive Collaborative Experiences,Electronics,Premium,Quý ông Anh Nguyễn
2240,1238,147,1,2996522.0,2996522.0,237,2023-12-30,2023,12,4,Disintermediate Cutting-Edge Info-Mediaries,Electronics,Luxury,
2241,829,274,7,26273457.0,3753351.0,79,2023-09-12,2023,9,3,Grow Cutting-Edge Technologies,Sports,Luxury,
2242,13,51,20,80196180.0,4009809.0,221,2023-07-23,2023,7,3,Strategize Intuitive Web Services,Furniture,Luxury,
2243,838,67,14,66618314.0,4758451.0,403,2023-12-16,2023,12,4,Disintermediate Cutting-Edge Roi,Furniture,Luxury,
2244,1335,144,19,2606040.0,137160.0,278,2024-02-29,2024,2,1,Integrate Bleeding-Edge Partnerships,Electronics,Mid,
2245,1638,266,3,2986707.0,995569.0,181,2023-02-27,2023,2,1,Reinvent Mission-Critical Systems,Clothing,Premium,
2246,1634,286,14,62183506.0,4441679.0,100,2023-11-26,2023,11,4,Transform Dynamic Models,Clothing,Luxury,Nhiên Phạm
2247,195,47,1,3366267.0,3366267.0,480,2024-10-07,2024,10,4,Morph Front-End Schemas,Food,Luxury,Châu Tấn Mai
2248,138,215,19,41963210.0,2208590.0,112,2024-09-11,2024,9,3,Scale Impactful Deliverables,Furniture,Luxury,Nhật Trần
2249,1278,203,8,7154592.0,894324.0,28,2024-05-17,2024,5,2,Benchmark Proactive Systems,Furniture,Premium,
2250,246,59,4,6722908.0,1680727.0,297,2024-03-06,2024,3,1,Re-Intermediate Synergistic Convergence,Books,Premium,
2251,1555,210,7,4039511.0,577073.0,281,2023-10-19,2023,10,4,Maximize Robust Convergence,Electronics,Premium,
2252,354,148,16,23670640.0,1479415.0,450,2023-09-16,2023,9,3,Unleash Distributed Web-Readiness,Electronics,Premium,
2253,1579,229,11,27145140.0,2467740.0,207,2024-11-12,2024,11,4,Streamline Viral Synergies,Furniture,Luxury,
2254,746,200,6,18701148.0,3116858.0,418,2024-03-12,2024,3,1,Maximize Open-Source Mindshare,Sports,Luxury,
2255,1208,82,6,29001822.0,4833637.0,50,2023-11-16,2023,11,4,Extend 24/365 Web Services,Electronics,Luxury,
2256,132,291,3,683445.0,227815.0,296,2024-09-16,2024,9,3,Extend Value-Added Info-Mediaries,Food,Mid,Trọng Văn Hoàng
2257,1804,112,7,17983518.0,2569074.0,382,2023-05-07,2023,5,2,Harness Customized E-Markets,Books,Luxury,
2258,1989,88,5,24427115.0,4885423.0,3,2024-05-06,2024,5,2,Drive Front-End E-Services,Electronics,Luxury,Bảo Tấn Phạm
2259,1989,30,2,2646948.0,1323474.0,3,2024-05-06,2024,5,2,Benchmark Customized Partnerships,Clothing,Premium,Bảo Tấn Phạm
2260,1203,230,13,39549471.0,3042267.0,350,2023-07-02,2023,7,3,E-Enable Intuitive Content,Food,Luxury,
2261,1175,77,16,63159168.0,3947448.0,378,2024-06-10,2024,6,2,Brand Innovative Portals,Furniture,Luxury,
2262,1860,84,7,27102250.0,3871750.0,278,2024-01-21,2024,1,1,Grow Dynamic Communities,Sports,Luxury,
2263,1009,183,14,10946306.0,781879.0,254,2023-12-21,2023,12,4,Seize Innovative Methodologies,Electronics,Premium,
2264,811,54,7,13834793.0,1976399.0,447,2024-07-30,2024,7,3,Benchmark Killer Paradigms,Clothing,Premium,Chị Linh Hoàng
2265,918,124,11,26543330.0,2413030.0,474,2023-11-17,2023,11,4,Extend Global Applications,Books,Luxury,Quang Đức Đặng
2266,351,148,6,8876490.0,1479415.0,169,2023-01-28,2023,1,1,Unleash Distributed Web-Readiness,Electronics,Premium,Cô An Vũ
2267,1334,47,10,33662670.0,3366267.0,405,2023-08-26,2023,8,3,Morph Front-End Schemas,Food,Luxury,
2268,204,113,4,10288076.0,2572019.0,482,2024-05-05,2024,5,2,Brand Mission-Critical Niches,Books,Luxury,Bảo Đức Phạm
2269,1782,133,13,31972109.0,2459393.0,193,2023-10-19,2023,10,4,E-Enable Sticky Relationships,Furniture,Luxury,Nhật Phạm
2270,250,260,6,6739788.0,1123298.0,146,2024-05-01,2024,5,2,Revolutionize Frictionless Web Services,Clothing,Premium,
2271,1194,275,12,37524972.0,3127081.0,483,2024-02-02,2024,2,1,Deliver Frictionless Niches,Electronics,Luxury,Anh Tùng Đặng
2272,1207,184,6,3560616.0,593436.0,231,2023-02-12,2023,2,1,Deploy Extensible Infrastructures,Food,Premium,Hạnh Phạm
2273,1439,4,15,48801480.0,3253432.0,402,2024-06-18,2024,6,2,Exploit 24/365 Models,Books,Luxury,
2274,1924,65,20,61877640.0,3093882.0,319,2023-06-01,2023,6,2,Integrate Proactive Interfaces,Clothing,Luxury,
2275,141,43,16,24567184.0,1535449.0,444,2023-12-26,2023,12,4,Reinvent Compelling Synergies,Furniture,Premium,Hà Mai Dương
2276,51,292,18,49005504.0,2722528.0,416,2024-07-11,2024,7,3,Disintermediate Strategic E-Markets,Clothing,Luxury,
2277,603,139,12,32797392.0,2733116.0,266,2023-07-06,2023,7,3,Architect Innovative Systems,Electronics,Luxury,Cô Ánh Trần
2278,802,7,20,31819840.0,1590992.0,261,2024-02-23,2024,2,1,Transition Transparent Markets,Books,Premium,Chị Thảo Đặng
2279,1870,58,5,4238860.0,847772.0,83,2023-12-11,2023,12,4,Benchmark Seamless Bandwidth,Books,Premium,Châu Mai Dương
2280,453,229,16,39483840.0,2467740.0,327,2024-02-16,2024,2,1,Streamline Viral Synergies,Furniture,Luxury,Hạnh Thị Nguyễn
2281,1292,44,4,1350192.0,337548.0,355,2024-01-19,2024,1,1,Harness User-Centric Bandwidth,Electronics,Mid,Cô Bảo Đặng
2282,711,272,8,31854720.0,3981840.0,461,2024-03-18,2024,3,1,Embrace 24/7 Architectures,Food,Luxury,Khoa Vũ
2283,1617,184,19,11275284.0,593436.0,26,2024-06-17,2024,6,2,Deploy Extensible Infrastructures,Food,Premium,
2284,223,201,17,2129913.0,125289.0,82,2024-02-28,2024,2,1,Architect Viral Metrics,Furniture,Mid,Bác Quang Đặng
2285,1933,190,5,19963435.0,3992687.0,173,2024-12-02,2024,12,4,Streamline Clicks-And-Mortar Interfaces,Books,Luxury,Quý ông Vũ Lê
2286,1419,190,19,75861053.0,3992687.0,87,2023-05-27,2023,5,2,Streamline Clicks-And-Mortar Interfaces,Books,Luxury,Anh Hoàng Hoàng
2287,281,292,18,49005504.0,2722528.0,61,2023-11-17,2023,11,4,Disintermediate Strategic E-Markets,Clothing,Luxury,Chị Linh Phạm
2288,153,36,19,8233004.0,433316.0,444,2023-09-18,2023,9,3,Extend Magnetic Supply-Chains,Food,Mid,Hà Mai Dương
2289,718,58,20,16955440.0,847772.0,68,2024-06-09,2024,6,2,Benchmark Seamless Bandwidth,Books,Premium,
2290,1455,69,14,68767202.0,4911943.0,383,2023-09-22,2023,9,3,Morph Robust E-Markets,Sports,Luxury,Ngọc Mai
2291,290,171,15,1891200.0,126080.0,445,2024-07-04,2024,7,3,Aggregate Synergistic Partnerships,Food,Mid,Ánh Lê
2292,1822,32,11,43838069.0,3985279.0,277,2023-10-01,2023,10,4,Iterate Intuitive Networks,Clothing,Luxury,Dũng Vũ
2293,1075,94,1,323568.0,323568.0,31,2023-12-05,2023,12,4,Morph Web-Enabled Convergence,Electronics,Mid,Bác Thành Nguyễn
2294,1647,260,11,12356278.0,1123298.0,89,2024-08-14,2024,8,3,Revolutionize Frictionless Web Services,Clothing,Premium,Nhật Hải Trần
2295,471,89,3,2360817.0,786939.0,40,2023-01-07,2023,1,1,Facilitate Rich Paradigms,Sports,Premium,
2296,73,187,10,35691280.0,3569128.0,225,2023-03-02,2023,3,1,Maximize Bleeding-Edge Bandwidth,Furniture,Luxury,
2297,1812,199,11,42675006.0,3879546.0,356,2024-06-08,2024,6,2,Utilize Impactful Deliverables,Clothing,Luxury,Thảo Bùi
2298,1675,43,11,16889939.0,1535449.0,475,2024-08-04,2024,8,3,Reinvent Compelling Synergies,Furniture,Premium,
2299,776,135,8,5263864.0,657983.0,253,2024-09-29,2024,9,3,Engage Bricks-And-Clicks E-Markets,Furniture,Premium,Bác Hưng Hoàng
2300,1242,110,4,10548400.0,2637100.0,460,2024-02-06,2024,2,1,Matrix 24/7 Metrics,Sports,Luxury,
2301,1772,77,17,67106616.0,3947448.0,15,2023-06-30,2023,6,2,Brand Innovative Portals,Furniture,Luxury,Hoàng Hoàng
2302,478,118,10,6713770.0,671377.0,35,2023-12-13,2023,12,4,Incentivize Seamless Technologies,Electronics,Premium,Khoa Trần
2303,1520,102,8,20257344.0,2532168.0,83,2024-09-26,2024,9,3,Strategize Customized Schemas,Food,Luxury,Châu Mai Dương
2304,275,42,14,22620066.0,1615719.0,415,2024-02-11,2024,2,1,Syndicate Sticky Functionalities,Sports,Premium,
2305,523,69,16,78591088.0,4911943.0,251,2024-04-14,2024,4,2,Morph Robust E-Markets,Sports,Luxury,Bà An Phạm
2306,1486,217,9,23882904.0,2653656.0,469,2023-07-11,2023,7,3,Deliver Wireless Metrics,Clothing,Luxury,Bác Thành Vũ
2307,446,246,14,30534364.0,2181026.0,195,2023-04-07,2023,4,2,Matrix Back-End E-Commerce,Furniture,Luxury,
2308,1529,175,1,1068554.0,1068554.0,335,2023-07-16,2023,7,3,Engage Robust Initiatives,Electronics,Premium,Quý cô Dương Phạm
2309,1650,278,4,18550692.0,4637673.0,427,2023-05-14,2023,5,2,Productize Dot-Com Deliverables,Furniture,Luxury,
2310,146,300,6,18859656.0,3143276.0,127,2023-11-03,2023,11,4,E-Enable B2B Initiatives,Electronics,Luxury,Mai Bùi
2311,1039,213,16,36242048.0,2265128.0,16,2024-01-10,2024,1,1,Repurpose Cutting-Edge Interfaces,Sports,Luxury,
2312,1867,231,12,55699428.0,4641619.0,141,2024-08-04,2024,8,3,Reinvent Frictionless Supply-Chains,Sports,Luxury,
2313,822,75,6,20226606.0,3371101.0,381,2024-06-22,2024,6,2,Maximize Cutting-Edge Paradigms,Electronics,Luxury,Hà Đức Bùi
2314,926,123,2,237538.0,118769.0,170,2023-05-21,2023,5,2,Utilize Open-Source Mindshare,Books,Mid,Quý cô Vân Phạm
2315,380,280,13,11792274.0,907098.0,463,2023-11-10,2023,11,4,Mesh Leading-Edge E-Commerce,Furniture,Premium,
2316,570,268,17,56452631.0,3320743.0,81,2023-11-21,2023,11,4,Reinvent One-To-One Synergies,Furniture,Luxury,Kim Hoàng
2317,229,145,15,55103730.0,3673582.0,44,2023-07-26,2023,7,3,Incentivize B2B Roi,Electronics,Luxury,An Hoàng
2318,1203,106,10,6911000.0,691100.0,350,2023-07-02,2023,7,3,Streamline Turn-Key E-Commerce,Furniture,Premium,
2319,611,223,16,8075696.0,504731.0,54,2024-10-03,2024,10,4,Revolutionize Out-Of-The-Box Action-Items,Clothing,Premium,Quý cô Hạnh Phạm
2320,1044,67,10,47584510.0,4758451.0,118,2023-09-19,2023,9,3,Disintermediate Cutting-Edge Roi,Furniture,Luxury,Tùng Mai Mai
2321,1504,278,12,55652076.0,4637673.0,262,2023-05-08,2023,5,2,Productize Dot-Com Deliverables,Furniture,Luxury,
2322,1516,10,19,22257607.0,1171453.0,78,2024-07-07,2024,7,3,Seize Wireless Web-Readiness,Food,Premium,Nhật Mai Bảo Phạm
2323,776,76,16,59028896.0,3689306.0,253,2024-09-29,2024,9,3,Maximize B2B Platforms,Clothing,Luxury,Bác Hưng Hoàng
2324,87,183,1,781879.0,781879.0,45,2023-07-07,2023,7,3,Seize Innovative Methodologies,Electronics,Premium,
2325,1771,47,3,10098801.0,3366267.0,399,2023-10-11,2023,10,4,Morph Front-End Schemas,Food,Luxury,Phúc Phạm
2326,1813,288,8,16759032.0,2094879.0,488,2023-11-22,2023,11,4,Cultivate 24/365 E-Services,Sports,Luxury,Thành Mai
2327,1960,245,6,26490438.0,4415073.0,131,2023-03-02,2023,3,1,Deploy Web-Enabled Convergence,Books,Luxury,Chị Lan Dương
2328,1535,83,5,6219530.0,1243906.0,166,2024-09-16,2024,9,3,Unleash Viral Paradigms,Clothing,Premium,Khoa Phú Hoàng
2329,1521,100,10,26353850.0,2635385.0,388,2024-01-24,2024,1,1,Unleash Magnetic Action-Items,Clothing,Luxury,Kim Mai Đặng
2330,59,222,2,7244812.0,3622406.0,16,2023-12-22,2023,12,4,Enable Customized Architectures,Furniture,Luxury,
2331,435,81,10,1824910.0,182491.0,188,2023-02-19,2023,2,1,Incentivize Frictionless Experiences,Clothing,Mid,Hạnh Hữu Mai
2332,342,117,7,5201910.0,743130.0,32,2023-11-25,2023,11,4,Incubate Innovative Vortals,Electronics,Premium,Thảo Vũ
2333,32,15,2,4787766.0,2393883.0,136,2024-09-27,2024,9,3,Maximize Back-End Infrastructures,Clothing,Luxury,Bà Linh Mai
2334,1708,180,17,25154832.0,1479696.0,138,2024-07-15,2024,7,3,E-Enable Collaborative Technologies,Food,Premium,Dương Hoàng
2335,1143,75,17,57308717.0,3371101.0,186,2024-04-03,2024,4,2,Maximize Cutting-Edge Paradigms,Electronics,Luxury,Quý ông Anh Nguyễn
2336,1782,228,3,7884015.0,2628005.0,193,2023-10-19,2023,10,4,Envisioneer Collaborative Applications,Food,Luxury,Nhật Phạm
2337,1057,73,11,48570456.0,4415496.0,247,2024-10-20,2024,10,4,Utilize Scalable Synergies,Furniture,Luxury,Nhật Phạm
2338,405,276,6,23673960.0,3945660.0,385,2024-11-19,2024,11,4,Scale Dot-Com Web Services,Electronics,Luxury,Hà Mai
2339,1628,19,10,11962290.0,1196229.0,447,2023-02-09,2023,2,1,Strategize B2B Partnerships,Clothing,Premium,Chị Linh Hoàng
2340,1384,244,19,64201209.0,3379011.0,18,2023-01-28,2023,1,1,Generate Holistic E-Commerce,Electronics,Luxury,
2341,317,177,6,2756832.0,459472.0,242,2024-08-31,2024,8,3,Strategize Back-End Synergies,Sports,Mid,
2342,846,144,12,1645920.0,137160.0,91,2024-12-24,2024,12,4,Integrate Bleeding-Edge Partnerships,Electronics,Mid,
2343,644,31,5,3934325.0,786865.0,416,2023-02-19,2023,2,1,Expedite Transparent Niches,Clothing,Premium,
2344,1399,167,9,16697610.0,1855290.0,195,2023-08-17,2023,8,3,Transform Cross-Platform Web-Readiness,Furniture,Premium,
2345,1362,229,1,2467740.0,2467740.0,395,2024-01-03,2024,1,1,Streamline Viral Synergies,Furniture,Luxury,Yến Phạm
2346,256,137,2,2754386.0,1377193.0,221,2023-06-04,2023,6,2,Enable Web-Enabled E-Markets,Books,Premium,
2347,1887,85,6,6543576.0,1090596.0,500,2024-02-24,2024,2,1,Benchmark Cutting-Edge Mindshare,Furniture,Premium,Phương Dương
2348,1072,72,9,28608228.0,3178692.0,329,2023-12-23,2023,12,4,Strategize Clicks-And-Mortar Methodologies,Books,Luxury,Khoa Thế Dương
2349,1813,273,9,13570245.0,1507805.0,488,2023-11-22,2023,11,4,Evolve Enterprise Experiences,Food,Premium,Thành Mai
2350,567,139,14,38263624.0,2733116.0,114,2023-05-24,2023,5,2,Architect Innovative Systems,Electronics,Luxury,
2351,1737,253,9,35465940.0,3940660.0,412,2023-06-22,2023,6,2,Incentivize Sticky Niches,Furniture,Luxury,Cô Lâm Vũ
2352,807,38,8,6218952.0,777369.0,82,2024-11-27,2024,11,4,Brand Clicks-And-Mortar Portals,Books,Premium,Bác Quang Đặng
2353,1370,193,1,2194444.0,2194444.0,243,2023-09-08,2023,9,3,Disintermediate Bricks-And-Clicks Partnerships,Food,Luxury,Bà Vân Phạm
2354,1808,178,20,92992840.0,4649642.0,190,2023-02-28,2023,2,1,Whiteboard Next-Generation Platforms,Electronics,Luxury,
2355,1549,268,6,19924458.0,3320743.0,96,2024-07-30,2024,7,3,Reinvent One-To-One Synergies,Furniture,Luxury,Bà Bảo Bùi
2356,604,79,10,30956910.0,3095691.0,354,2024-08-11,2024,8,3,Syndicate Rich Initiatives,Clothing,Luxury,Phương Hoàng
2357,257,134,4,14772352.0,3693088.0,411,2024-10-07,2024,10,4,Matrix Revolutionary Applications,Electronics,Luxury,
2358,1556,123,5,593845.0,118769.0,199,2024-07-22,2024,7,3,Utilize Open-Source Mindshare,Books,Mid,
2359,1851,11,2,1226026.0,613013.0,407,2024-01-29,2024,1,1,Envisioneer Cross-Media Paradigms,Food,Premium,
2360,1217,270,4,9881236.0,2470309.0,124,2024-06-06,2024,6,2,Revolutionize Open-Source Interfaces,Food,Luxury,Huy Bảo Mai
2361,210,2,13,32313788.0,2485676.0,83,2023-03-12,2023,3,1,Re-Intermediate Mission-Critical Functionalities,Books,Luxury,Châu Mai Dương
2362,1490,145,15,55103730.0,3673582.0,212,2024-08-14,2024,8,3,Incentivize B2B Roi,Electronics,Luxury,An Hải Mai
2363,716,194,17,26988146.0,1587538.0,127,2024-03-26,2024,3,1,Implement Collaborative Action-Items,Books,Premium,Mai Bùi
2364,1036,266,19,18915811.0,995569.0,211,2024-06-24,2024,6,2,Reinvent Mission-Critical Systems,Clothing,Premium,Quý cô Dương Vũ
2365,1137,46,12,58088136.0,4840678.0,277,2024-02-04,2024,2,1,Syndicate Dynamic E-Commerce,Electronics,Luxury,Dũng Vũ
2366,1123,78,17,82196411.0,4835083.0,150,2023-02-24,2023,2,1,Leverage Visionary Experiences,Clothing,Luxury,
2367,187,196,9,14124555.0,1569395.0,194,2023-08-16,2023,8,3,Repurpose Innovative E-Services,Electronics,Premium,An Văn Hoàng
2368,1615,253,5,19703300.0,3940660.0,106,2023-10-10,2023,10,4,Incentivize Sticky Niches,Furniture,Luxury,Nhật Nguyễn
2369,1178,109,14,20881168.0,1491512.0,364,2023-05-02,2023,5,2,Incubate World-Class Systems,Food,Premium,Bà Duyên Trần
2370,44,265,1,3360714.0,3360714.0,174,2023-10-12,2023,10,4,Incubate Magnetic E-Business,Food,Luxury,Trung Hữu Bùi
2371,1628,151,20,54944760.0,2747238.0,447,2023-02-09,2023,2,1,Synthesize Distributed Systems,Clothing,Luxury,Chị Linh Hoàng
2372,17,175,2,2137108.0,1068554.0,321,2023-12-22,2023,12,4,Engage Robust Initiatives,Electronics,Premium,
2373,164,207,6,16757190.0,2792865.0,239,2023-12-26,2023,12,4,Benchmark Collaborative Bandwidth,Electronics,Luxury,Quý ông Quang Lê
2374,943,210,6,3462438.0,577073.0,193,2024-05-19,2024,5,2,Maximize Robust Convergence,Electronics,Premium,Nhật Phạm
2375,1470,210,12,6924876.0,577073.0,89,2024-01-22,2024,1,1,Maximize Robust Convergence,Electronics,Premium,Nhật Hải Trần
2376,81,199,14,54313644.0,3879546.0,429,2023-11-27,2023,11,4,Utilize Impactful Deliverables,Clothing,Luxury,Hạnh Bùi
2377,1861,273,8,12062440.0,1507805.0,370,2023-07-27,2023,7,3,Evolve Enterprise Experiences,Food,Premium,Chị Thành Nguyễn
2378,517,283,18,13979484.0,776638.0,230,2023-08-02,2023,8,3,Evolve Cross-Platform Mindshare,Food,Premium,Cô Hà Đặng
2379,1439,96,11,38799013.0,3527183.0,402,2024-06-18,2024,6,2,Orchestrate Magnetic Eyeballs,Books,Luxury,
2380,243,97,6,26333844.0,4388974.0,410,2023-09-14,2023,9,3,Drive Strategic Convergence,Electronics,Luxury,Quý cô Thành Bùi
2381,1262,164,6,29761848.0,4960308.0,470,2024-09-16,2024,9,3,Enable Distributed Partnerships,Clothing,Luxury,
2382,1929,158,17,16503940.0,970820.0,416,2024-08-07,2024,8,3,Synergize Viral Platforms,Food,Premium,
2383,1947,22,18,31647438.0,1758191.0,303,2024-09-19,2024,9,3,Orchestrate Holistic Interfaces,Furniture,Premium,Khoa Phú Hoàng
2384,1777,240,13,55738709.0,4287593.0,153,2023-02-11,2023,2,1,Streamline Extensible E-Commerce,Electronics,Luxury,Bảo Hoàng
2385,873,174,4,9690360.0,2422590.0,39,2024-01-29,2024,1,1,Expedite Sticky Users,Food,Luxury,
2386,680,213,4,9060512.0,2265128.0,229,2024-03-04,2024,3,1,Repurpose Cutting-Edge Interfaces,Sports,Luxury,
2387,115,76,3,11067918.0,3689306.0,229,2023-08-20,2023,8,3,Maximize B2B Platforms,Clothing,Luxury,
2388,535,229,7,17274180.0,2467740.0,151,2024-05-20,2024,5,2,Streamline Viral Synergies,Furniture,Luxury,
2389,1386,72,8,25429536.0,3178692.0,262,2024-05-04,2024,5,2,Strategize Clicks-And-Mortar Methodologies,Books,Luxury,
2390,1988,29,3,12926478.0,4308826.0,390,2023-12-05,2023,12,4,Scale Cutting-Edge Roi,Sports,Luxury,Khoa Hoàng
2391,469,138,8,30548544.0,3818568.0,369,2024-08-15,2024,8,3,Empower Enterprise Architectures,Food,Luxury,Trung Đức Đặng
2392,225,198,4,3906852.0,976713.0,384,2024-01-27,2024,1,1,Orchestrate Leading-Edge Schemas,Sports,Premium,
2393,1901,281,4,14957780.0,3739445.0,377,2023-09-05,2023,9,3,Strategize World-Class Content,Books,Luxury,Bà Ánh Nguyễn
2394,779,103,6,26187846.0,4364641.0,488,2023-11-13,2023,11,4,Strategize Web-Enabled Action-Items,Sports,Luxury,Thành Mai
2395,598,128,15,40005435.0,2667029.0,349,2024-02-13,2024,2,1,Seize Value-Added Bandwidth,Sports,Luxury,Phúc Lê
2396,1415,162,5,21666680.0,4333336.0,207,2023-08-20,2023,8,3,Syndicate Best-Of-Breed Communities,Electronics,Luxury,
2397,1510,97,18,79001532.0,4388974.0,99,2024-12-21,2024,12,4,Drive Strategic Convergence,Electronics,Luxury,
2398,1944,271,2,1831718.0,915859.0,317,2024-12-29,2024,12,4,Transition Holistic Partnerships,Sports,Premium,Ông Quang Hoàng
2399,1744,218,17,67307216.0,3959248.0,136,2023-11-15,2023,11,4,Target Impactful Deliverables,Books,Luxury,Bà Linh Mai
2400,891,124,11,26543330.0,2413030.0,383,2023-11-04,2023,11,4,Extend Global Applications,Books,Luxury,Ngọc Mai
2401,958,33,9,31480182.0,3497798.0,244,2023-01-30,2023,1,1,Implement 24/7 Applications,Clothing,Luxury,Hương Bùi
2402,1928,73,10,44154960.0,4415496.0,21,2024-12-07,2024,12,4,Utilize Scalable Synergies,Furniture,Luxury,Châu Đặng
2403,579,264,1,3129219.0,3129219.0,486,2023-10-29,2023,10,4,Scale 24/365 Users,Clothing,Luxury,Ông Hưng Mai
2404,1215,278,10,46376730.0,4637673.0,11,2023-03-04,2023,3,1,Productize Dot-Com Deliverables,Furniture,Luxury,Quang Hải Phạm
2405,538,299,2,3279654.0,1639827.0,304,2024-04-01,2024,4,2,Streamline Rich Communities,Clothing,Premium,
2406,1069,123,14,1662766.0,118769.0,428,2023-09-23,2023,9,3,Utilize Open-Source Mindshare,Books,Mid,
2407,1557,56,11,43756966.0,3977906.0,414,2023-06-06,2023,6,2,Grow Open-Source Applications,Sports,Luxury,
2408,149,15,15,35908245.0,2393883.0,15,2024-04-02,2024,4,2,Maximize Back-End Infrastructures,Clothing,Luxury,Hoàng Hoàng
2409,1120,53,17,66626315.0,3919195.0,494,2023-02-05,2023,2,1,Leverage Ubiquitous Architectures,Food,Luxury,Chi Nguyễn
2410,700,255,17,40401231.0,2376543.0,478,2024-10-29,2024,10,4,Brand Distributed Models,Books,Luxury,
2411,1869,200,18,56103444.0,3116858.0,378,2024-01-06,2024,1,1,Maximize Open-Source Mindshare,Sports,Luxury,
2412,1226,181,7,30712381.0,4387483.0,294,2023-04-15,2023,4,2,Orchestrate End-To-End Markets,Electronics,Luxury,Thành Thị Bùi
2413,1126,151,18,49450284.0,2747238.0,29,2024-01-08,2024,1,1,Synthesize Distributed Systems,Clothing,Luxury,
2414,1648,100,12,31624620.0,2635385.0,235,2023-08-17,2023,8,3,Unleash Magnetic Action-Items,Clothing,Luxury,
2415,1817,223,10,5047310.0,504731.0,282,2023-04-30,2023,4,2,Revolutionize Out-Of-The-Box Action-Items,Clothing,Premium,Quý cô Chi Dương
2416,548,55,18,65457918.0,3636551.0,209,2023-07-01,2023,7,3,Seize Efficient Communities,Food,Luxury,Hải Phú Hoàng
2417,1741,11,19,11647247.0,613013.0,181,2024-09-08,2024,9,3,Envisioneer Cross-Media Paradigms,Food,Premium,
2418,28,239,7,24282209.0,3468887.0,13,2024-04-08,2024,4,2,Cultivate Interactive E-Tailers,Furniture,Luxury,Bà Dương Mai
2419,1673,19,16,19139664.0,1196229.0,200,2023-12-15,2023,12,4,Strategize B2B Partnerships,Clothing,Premium,Vi Hoàng
2420,960,215,19,41963210.0,2208590.0,376,2023-01-08,2023,1,1,Scale Impactful Deliverables,Furniture,Luxury,Xuân Phạm
2421,1703,72,2,6357384.0,3178692.0,129,2024-08-19,2024,8,3,Strategize Clicks-And-Mortar Methodologies,Books,Luxury,Trọng Đức Bùi
2422,1799,294,10,43117520.0,4311752.0,436,2023-01-21,2023,1,1,E-Enable Strategic Functionalities,Clothing,Luxury,
2423,1941,216,5,22719870.0,4543974.0,193,2024-11-10,2024,11,4,Whiteboard Killer Convergence,Clothing,Luxury,Nhật Phạm
2424,154,111,12,8576280.0,714690.0,182,2024-05-08,2024,5,2,Optimize Dynamic Web Services,Books,Premium,Chi Vũ
2425,640,223,19,9589889.0,504731.0,168,2023-12-12,2023,12,4,Revolutionize Out-Of-The-Box Action-Items,Clothing,Premium,Bác Hưng Lê
2426,752,120,5,1233755.0,246751.0,92,2024-02-04,2024,2,1,Generate Collaborative Action-Items,Furniture,Mid,Bảo Hoàng Bùi
2427,1148,37,16,24661920.0,1541370.0,268,2024-12-05,2024,12,4,Scale Frictionless Models,Furniture,Premium,Khoa Bùi
2428,123,48,18,46271070.0,2570615.0,455,2023-10-27,2023,10,4,Scale Global E-Tailers,Clothing,Luxury,Hoàng Hữu Trần
2429,958,227,14,36250634.0,2589331.0,244,2023-01-30,2023,1,1,Monetize Strategic E-Business,Food,Luxury,Hương Bùi
2430,35,263,16,64162304.0,4010144.0,274,2024-08-09,2024,8,3,Transition Magnetic E-Tailers,Books,Luxury,
2431,169,54,11,21740389.0,1976399.0,325,2024-10-24,2024,10,4,Benchmark Killer Paradigms,Clothing,Premium,Phúc Vũ
2432,415,226,2,4717002.0,2358501.0,496,2023-12-24,2023,12,4,Evolve Rich Experiences,Electronics,Luxury,
2433,1327,26,4,11220156.0,2805039.0,178,2023-12-24,2023,12,4,Maximize Holistic E-Business,Food,Luxury,
2434,1489,1,7,9793581.0,1399083.0,476,2023-04-08,2023,4,2,Engineer Next-Generation Infrastructures,Furniture,Premium,Chị Phương Hoàng
2435,298,195,12,26807676.0,2233973.0,27,2023-08-14,2023,8,3,Leverage World-Class Vortals,Food,Luxury,
2436,1394,182,14,12333006.0,880929.0,410,2024-02-01,2024,2,1,Brand Rich Action-Items,Books,Premium,Quý cô Thành Bùi
2437,1310,147,4,11986088.0,2996522.0,294,2024-05-29,2024,5,2,Disintermediate Cutting-Edge Info-Mediaries,Electronics,Luxury,Thành Thị Bùi
2438,1432,146,14,44526944.0,3180496.0,435,2023-04-26,2023,4,2,Expedite 24/7 Portals,Sports,Luxury,Khoa Mai
2439,280,82,17,82171829.0,4833637.0,28,2023-10-17,2023,10,4,Extend 24/365 Web Services,Electronics,Luxury,
2440,668,257,6,4449882.0,741647.0,374,2024-10-02,2024,10,4,Embrace Intuitive E-Commerce,Electronics,Premium,
2441,288,57,8,12293744.0,1536718.0,438,2023-01-05,2023,1,1,Harness Sticky Web-Readiness,Food,Premium,Hải Đặng
2442,891,221,8,13562840.0,1695355.0,383,2023-11-04,2023,11,4,Innovate Scalable Action-Items,Furniture,Premium,Ngọc Mai
2443,1259,89,3,2360817.0,786939.0,493,2023-04-12,2023,4,2,Facilitate Rich Paradigms,Sports,Premium,Châu Bùi
2444,425,148,14,20711810.0,1479415.0,498,2024-09-29,2024,9,3,Unleash Distributed Web-Readiness,Electronics,Premium,
2445,918,82,15,72504555.0,4833637.0,474,2023-11-17,2023,11,4,Extend 24/365 Web Services,Electronics,Luxury,Quang Đức Đặng
2446,479,230,5,15211335.0,3042267.0,137,2024-07-20,2024,7,3,E-Enable Intuitive Content,Food,Luxury,Quý cô Linh Lê
2447,1766,231,14,64982666.0,4641619.0,138,2023-07-20,2023,7,3,Reinvent Frictionless Supply-Chains,Sports,Luxury,Dương Hoàng
2448,990,280,18,16327764.0,907098.0,271,2024-03-03,2024,3,1,Mesh Leading-Edge E-Commerce,Furniture,Premium,Hạnh Phú Vũ
2449,1368,130,9,36931797.0,4103533.0,74,2023-05-16,2023,5,2,Leverage Rich Paradigms,Electronics,Luxury,
2450,1474,167,16,29684640.0,1855290.0,358,2024-09-30,2024,9,3,Transform Cross-Platform Web-Readiness,Furniture,Premium,
2451,1106,297,7,16418752.0,2345536.0,24,2024-08-13,2024,8,3,Incentivize Leading-Edge Bandwidth,Electronics,Luxury,Châu Mai Đặng
2452,824,41,20,94413240.0,4720662.0,261,2024-10-16,2024,10,4,Harness Compelling Partnerships,Books,Luxury,Chị Thảo Đặng
2453,990,283,17,13202846.0,776638.0,271,2024-03-03,2024,3,1,Evolve Cross-Platform Mindshare,Food,Premium,Hạnh Phú Vũ
2454,1511,184,18,10681848.0,593436.0,498,2024-08-27,2024,8,3,Deploy Extensible Infrastructures,Food,Premium,
2455,1826,22,10,17581910.0,1758191.0,270,2023-01-31,2023,1,1,Orchestrate Holistic Interfaces,Furniture,Premium,
2456,1610,141,20,64731780.0,3236589.0,23,2023-10-16,2023,10,4,Innovate Vertical Markets,Electronics,Luxury,Bác Thành Dương
2457,572,69,8,39295544.0,4911943.0,66,2024-01-30,2024,1,1,Morph Robust E-Markets,Sports,Luxury,
2458,641,172,8,29627504.0,3703438.0,138,2024-08-15,2024,8,3,Seize Virtual Functionalities,Sports,Luxury,Dương Hoàng
2459,444,79,14,43339674.0,3095691.0,487,2023-09-20,2023,9,3,Syndicate Rich Initiatives,Clothing,Luxury,
2460,331,40,1,1787060.0,1787060.0,358,2023-01-06,2023,1,1,Facilitate Distributed Markets,Books,Premium,
2461,1900,285,20,1108700.0,55435.0,114,2023-04-30,2023,4,2,Scale E-Business Web-Readiness,Clothing,Budget,
2462,1512,15,20,47877660.0,2393883.0,409,2024-06-06,2024,6,2,Maximize Back-End Infrastructures,Clothing,Luxury,Cô Hương Nguyễn
2463,898,152,19,69394175.0,3652325.0,181,2023-05-13,2023,5,2,Repurpose Open-Source Paradigms,Sports,Luxury,
2464,28,195,8,17871784.0,2233973.0,13,2024-04-08,2024,4,2,Leverage World-Class Vortals,Food,Luxury,Bà Dương Mai
2465,962,258,2,260632.0,130316.0,377,2024-07-31,2024,7,3,Deliver Killer Info-Mediaries,Food,Mid,Bà Ánh Nguyễn
2466,1658,92,6,7076910.0,1179485.0,189,2023-09-10,2023,9,3,Unleash Innovative E-Business,Furniture,Premium,
2467,1789,161,8,18775288.0,2346911.0,405,2024-06-25,2024,6,2,Innovate Proactive Web-Readiness,Books,Luxury,
2468,1499,260,10,11232980.0,1123298.0,329,2023-04-09,2023,4,2,Revolutionize Frictionless Web Services,Clothing,Premium,Khoa Thế Dương
2469,162,71,8,38848840.0,4856105.0,437,2023-06-14,2023,6,2,Maximize Virtual Users,Electronics,Luxury,Trung Hoàng
2470,453,86,18,13662882.0,759049.0,327,2024-02-16,2024,2,1,Orchestrate Best-Of-Breed Info-Mediaries,Sports,Premium,Hạnh Thị Nguyễn
2471,62,83,9,11195154.0,1243906.0,392,2023-01-22,2023,1,1,Unleash Viral Paradigms,Clothing,Premium,Hải Hải Vũ
2472,176,275,19,59414539.0,3127081.0,278,2024-12-22,2024,12,4,Deliver Frictionless Niches,Electronics,Luxury,
2473,1867,99,9,23610816.0,2623424.0,141,2024-08-04,2024,8,3,Synthesize Enterprise Synergies,Clothing,Luxury,
2474,1937,38,1,777369.0,777369.0,292,2024-08-29,2024,8,3,Brand Clicks-And-Mortar Portals,Books,Premium,
2475,1181,78,9,43515747.0,4835083.0,291,2024-05-08,2024,5,2,Leverage Visionary Experiences,Clothing,Luxury,
2476,1342,23,11,13332011.0,1212001.0,459,2024-06-21,2024,6,2,Morph World-Class E-Markets,Furniture,Premium,Khoa Thế Phạm
2477,1446,124,12,28956360.0,2413030.0,55,2024-03-21,2024,3,1,Extend Global Applications,Books,Luxury,
2478,676,205,17,25815707.0,1518571.0,426,2023-07-21,2023,7,3,Exploit Next-Generation E-Services,Books,Premium,
2479,853,184,12,7121232.0,593436.0,268,2024-08-21,2024,8,3,Deploy Extensible Infrastructures,Food,Premium,Khoa Bùi
2480,213,98,7,6059270.0,865610.0,22,2024-02-09,2024,2,1,Envisioneer Bleeding-Edge Deliverables,Clothing,Premium,
2481,1732,97,2,8777948.0,4388974.0,118,2024-08-16,2024,8,3,Drive Strategic Convergence,Electronics,Luxury,Tùng Mai Mai
2482,1407,76,2,7378612.0,3689306.0,377,2024-04-07,2024,4,2,Maximize B2B Platforms,Clothing,Luxury,Bà Ánh Nguyễn
2483,676,41,9,42485958.0,4720662.0,426,2023-07-21,2023,7,3,Harness Compelling Partnerships,Books,Luxury,
2484,1527,196,19,29818505.0,1569395.0,396,2023-09-24,2023,9,3,Repurpose Innovative E-Services,Electronics,Premium,Phúc Đức Trần
2485,1817,116,17,49289222.0,2899366.0,282,2023-04-30,2023,4,2,Cultivate 24/7 Communities,Sports,Luxury,Quý cô Chi Dương
2486,197,280,7,6349686.0,907098.0,428,2023-10-01,2023,10,4,Mesh Leading-Edge E-Commerce,Furniture,Premium,
2487,1524,16,2,2326024.0,1163012.0,276,2024-05-13,2024,5,2,Streamline Killer Relationships,Sports,Premium,Thành Hữu Đặng
2488,183,186,13,51995281.0,3999637.0,49,2024-05-02,2024,5,2,Visualize Revolutionary Partnerships,Sports,Luxury,Trọng Hoàng
2489,86,43,2,3070898.0,1535449.0,393,2023-05-11,2023,5,2,Reinvent Compelling Synergies,Furniture,Premium,Nhật Nguyễn
2490,1551,13,2,8104310.0,4052155.0,241,2024-11-13,2024,11,4,Aggregate Robust E-Services,Clothing,Luxury,Vân Vũ
2491,1113,138,13,49641384.0,3818568.0,258,2023-10-17,2023,10,4,Empower Enterprise Architectures,Food,Luxury,
2492,1576,6,1,2764674.0,2764674.0,213,2024-12-02,2024,12,4,Whiteboard Impactful Networks,Furniture,Luxury,
2493,1865,245,19,83886387.0,4415073.0,126,2024-04-22,2024,4,2,Deploy Web-Enabled Convergence,Books,Luxury,Quý cô Khoa Vũ
2494,1085,72,15,47680380.0,3178692.0,240,2024-01-14,2024,1,1,Strategize Clicks-And-Mortar Methodologies,Books,Luxury,Phúc Trí Dương
2495,424,66,9,27501840.0,3055760.0,67,2023-12-16,2023,12,4,Leverage Revolutionary Technologies,Sports,Luxury,
2496,465,247,10,43969060.0,4396906.0,20,2024-09-10,2024,9,3,Synthesize Scalable Methodologies,Books,Luxury,Trung Phú Bùi
2497,756,171,20,2521600.0,126080.0,454,2024-05-29,2024,5,2,Aggregate Synergistic Partnerships,Food,Mid,
2498,860,270,1,2470309.0,2470309.0,274,2023-12-13,2023,12,4,Revolutionize Open-Source Interfaces,Food,Luxury,
2499,919,8,6,29499138.0,4916523.0,184,2024-04-28,2024,4,2,Extend Interactive Web-Readiness,Books,Luxury,Linh Vũ
2500,994,255,3,7129629.0,2376543.0,108,2023-11-15,2023,11,4,Brand Distributed Models,Books,Luxury,
2501,1414,94,14,4529952.0,323568.0,32,2023-02-01,2023,2,1,Morph Web-Enabled Convergence,Electronics,Mid,Thảo Vũ
2502,1937,205,1,1518571.0,1518571.0,292,2024-08-29,2024,8,3,Exploit Next-Generation E-Services,Books,Premium,
2503,371,118,15,10070655.0,671377.0,252,2024-01-18,2024,1,1,Incentivize Seamless Technologies,Electronics,Premium,
2504,57,22,15,26372865.0,1758191.0,21,2023-08-18,2023,8,3,Orchestrate Holistic Interfaces,Furniture,Premium,Châu Đặng
2505,220,138,5,19092840.0,3818568.0,140,2024-02-16,2024,2,1,Empower Enterprise Architectures,Food,Luxury,
2506,713,275,15,46906215.0,3127081.0,319,2023-07-13,2023,7,3,Deliver Frictionless Niches,Electronics,Luxury,
2507,520,139,8,21864928.0,2733116.0,333,2024-05-18,2024,5,2,Architect Innovative Systems,Electronics,Luxury,
2508,764,150,9,39506481.0,4389609.0,97,2024-01-03,2024,1,1,Drive Collaborative Communities,Electronics,Luxury,Hương Lê
2509,1256,276,20,78913200.0,3945660.0,399,2024-07-07,2024,7,3,Scale Dot-Com Web Services,Electronics,Luxury,Phúc Phạm
2510,727,49,20,7701120.0,385056.0,216,2023-05-03,2023,5,2,Transition Impactful Info-Mediaries,Food,Mid,
2511,1229,279,11,990649.0,90059.0,14,2023-05-23,2023,5,2,Generate B2C Web-Readiness,Food,Budget,Chị Hải Dương
2512,1593,113,16,41152304.0,2572019.0,465,2023-01-02,2023,1,1,Brand Mission-Critical Niches,Books,Luxury,
2513,930,270,7,17292163.0,2470309.0,187,2023-05-27,2023,5,2,Revolutionize Open-Source Interfaces,Food,Luxury,Minh Bùi
2514,546,15,5,11969415.0,2393883.0,40,2023-11-25,2023,11,4,Maximize Back-End Infrastructures,Clothing,Luxury,
2515,1834,161,3,7040733.0,2346911.0,235,2024-04-04,2024,4,2,Innovate Proactive Web-Readiness,Books,Luxury,
2516,1762,101,10,36077940.0,3607794.0,256,2024-06-12,2024,6,2,Extend Customized E-Tailers,Books,Luxury,Lâm Hoàng Bùi
2517,1440,218,10,39592480.0,3959248.0,108,2023-08-10,2023,8,3,Target Impactful Deliverables,Books,Luxury,
2518,1877,12,6,10570056.0,1761676.0,470,2024-06-17,2024,6,2,Synthesize Cross-Platform Applications,Sports,Premium,
2519,1160,294,6,25870512.0,4311752.0,428,2023-06-05,2023,6,2,E-Enable Strategic Functionalities,Clothing,Luxury,
2520,305,185,18,23194134.0,1288563.0,275,2024-09-25,2024,9,3,Disintermediate Strategic Deliverables,Clothing,Premium,Bác Minh Nguyễn
2521,784,144,13,1783080.0,137160.0,343,2024-11-21,2024,11,4,Integrate Bleeding-Edge Partnerships,Electronics,Mid,
2522,952,74,11,19218573.0,1747143.0,176,2024-12-03,2024,12,4,Unleash Global Initiatives,Furniture,Premium,
2523,1337,203,19,16992156.0,894324.0,209,2023-05-15,2023,5,2,Benchmark Proactive Systems,Furniture,Premium,Hải Phú Hoàng
2524,1499,225,14,7194208.0,513872.0,329,2023-04-09,2023,4,2,Transform Proactive Markets,Electronics,Premium,Khoa Thế Dương
2525,1563,225,20,10277440.0,513872.0,497,2023-03-07,2023,3,1,Transform Proactive Markets,Electronics,Premium,Chị Hồng Trần
2526,1976,41,10,47206620.0,4720662.0,254,2024-10-16,2024,10,4,Harness Compelling Partnerships,Books,Luxury,
2527,374,33,16,55964768.0,3497798.0,465,2024-11-09,2024,11,4,Implement 24/7 Applications,Clothing,Luxury,
2528,587,38,4,3109476.0,777369.0,459,2023-10-20,2023,10,4,Brand Clicks-And-Mortar Portals,Books,Premium,Khoa Thế Phạm
2529,1392,252,1,3972441.0,3972441.0,160,2024-04-16,2024,4,2,Evolve Revolutionary Web-Readiness,Books,Luxury,
2530,9,118,13,8727901.0,671377.0,313,2024-07-20,2024,7,3,Incentivize Seamless Technologies,Electronics,Premium,
2531,1157,2,7,17399732.0,2485676.0,18,2024-01-12,2024,1,1,Re-Intermediate Mission-Critical Functionalities,Books,Luxury,
2532,1993,210,7,4039511.0,577073.0,355,2023-01-16,2023,1,1,Maximize Robust Convergence,Electronics,Premium,Cô Bảo Đặng
2533,428,133,8,19675144.0,2459393.0,155,2024-05-22,2024,5,2,E-Enable Sticky Relationships,Furniture,Luxury,
2534,1833,209,11,5445759.0,495069.0,394,2023-10-23,2023,10,4,Evolve Visionary Content,Food,Mid,Ông Tú Lê
2535,1191,35,14,36169462.0,2583533.0,150,2023-01-03,2023,1,1,Syndicate Compelling Web Services,Books,Luxury,
2536,1864,68,15,48471930.0,3231462.0,75,2023-02-28,2023,2,1,Matrix Customized Platforms,Furniture,Luxury,
2537,43,87,7,31683785.0,4526255.0,444,2023-10-01,2023,10,4,Transition Next-Generation Vortals,Sports,Luxury,Hà Mai Dương
2538,827,224,19,52074972.0,2740788.0,211,2024-12-03,2024,12,4,E-Enable Robust Communities,Books,Luxury,Quý cô Dương Vũ
2539,1959,57,7,10757026.0,1536718.0,121,2024-05-13,2024,5,2,Harness Sticky Web-Readiness,Food,Premium,
2540,1610,219,11,5346770.0,486070.0,23,2023-10-16,2023,10,4,Matrix Vertical Systems,Books,Mid,Bác Thành Dương
2541,1175,208,13,18048017.0,1388309.0,378,2024-06-10,2024,6,2,Engage Dot-Com E-Commerce,Furniture,Premium,
2542,1358,141,13,42075657.0,3236589.0,150,2024-08-19,2024,8,3,Innovate Vertical Markets,Electronics,Luxury,
2543,1668,158,8,7766560.0,970820.0,291,2024-11-12,2024,11,4,Synergize Viral Platforms,Food,Premium,
2544,1476,244,8,27032088.0,3379011.0,2,2024-04-11,2024,4,2,Generate Holistic E-Commerce,Electronics,Luxury,Quý cô Kim Phạm
2545,1635,227,5,12946655.0,2589331.0,18,2023-03-02,2023,3,1,Monetize Strategic E-Business,Food,Luxury,
2546,794,181,2,8774966.0,4387483.0,276,2024-05-12,2024,5,2,Orchestrate End-To-End Markets,Electronics,Luxury,Thành Hữu Đặng
2547,1889,195,19,42445487.0,2233973.0,377,2024-01-14,2024,1,1,Leverage World-Class Vortals,Food,Luxury,Bà Ánh Nguyễn
2548,673,16,19,22097228.0,1163012.0,41,2023-06-30,2023,6,2,Streamline Killer Relationships,Sports,Premium,Phương Đức Mai
2549,227,139,10,27331160.0,2733116.0,478,2024-08-27,2024,8,3,Architect Innovative Systems,Electronics,Luxury,
2550,1169,2,11,27342436.0,2485676.0,154,2024-02-15,2024,2,1,Re-Intermediate Mission-Critical Functionalities,Books,Luxury,
2551,1679,268,3,9962229.0,3320743.0,242,2024-09-12,2024,9,3,Reinvent One-To-One Synergies,Furniture,Luxury,
2552,293,170,20,87739180.0,4386959.0,321,2023-04-11,2023,4,2,Re-Intermediate Best-Of-Breed Info-Mediaries,Electronics,Luxury,
2553,1429,262,18,89247006.0,4958167.0,397,2023-04-15,2023,4,2,Maximize Customized Deliverables,Books,Luxury,Thành Mai Hoàng
2554,1366,129,4,18501088.0,4625272.0,423,2023-02-22,2023,2,1,Synthesize Customized E-Markets,Furniture,Luxury,Chị Nhật Trần
2555,1335,198,3,2930139.0,976713.0,278,2024-02-29,2024,2,1,Orchestrate Leading-Edge Schemas,Sports,Premium,
2556,1427,209,17,8416173.0,495069.0,246,2024-03-17,2024,3,1,Evolve Visionary Content,Food,Mid,
2557,1144,209,11,5445759.0,495069.0,394,2024-12-19,2024,12,4,Evolve Visionary Content,Food,Mid,Ông Tú Lê
2558,980,34,1,1442060.0,1442060.0,220,2023-09-26,2023,9,3,Monetize Back-End Content,Clothing,Premium,Cô Khoa Nguyễn
2559,1934,75,16,53937616.0,3371101.0,340,2023-06-13,2023,6,2,Maximize Cutting-Edge Paradigms,Electronics,Luxury,
2560,1669,265,20,67214280.0,3360714.0,224,2024-10-20,2024,10,4,Incubate Magnetic E-Business,Food,Luxury,
2561,64,80,13,17421300.0,1340100.0,108,2023-03-19,2023,3,1,Cultivate Web-Enabled Info-Mediaries,Sports,Premium,
2562,412,74,13,22712859.0,1747143.0,35,2023-06-20,2023,6,2,Unleash Global Initiatives,Furniture,Premium,Khoa Trần
2563,1729,127,7,20685280.0,2955040.0,364,2024-07-04,2024,7,3,Extend Magnetic Schemas,Furniture,Luxury,Bà Duyên Trần
2564,233,214,7,20732964.0,2961852.0,171,2023-11-29,2023,11,4,Leverage Global Niches,Furniture,Luxury,Thảo Hoàng
2565,183,67,16,76135216.0,4758451.0,49,2024-05-02,2024,5,2,Disintermediate Cutting-Edge Roi,Furniture,Luxury,Trọng Hoàng
2566,211,154,16,34189264.0,2136829.0,42,2024-08-20,2024,8,3,Maximize E-Business Models,Clothing,Luxury,Anh Bảo Nguyễn
2567,1175,223,1,504731.0,504731.0,378,2024-06-10,2024,6,2,Revolutionize Out-Of-The-Box Action-Items,Clothing,Premium,
2568,1169,79,19,58818129.0,3095691.0,154,2024-02-15,2024,2,1,Syndicate Rich Initiatives,Clothing,Luxury,
2569,607,134,12,44317056.0,3693088.0,189,2024-03-29,2024,3,1,Matrix Revolutionary Applications,Electronics,Luxury,
2570,323,53,18,70545510.0,3919195.0,263,2024-01-30,2024,1,1,Leverage Ubiquitous Architectures,Food,Luxury,
2571,1854,187,3,10707384.0,3569128.0,303,2024-06-16,2024,6,2,Maximize Bleeding-Edge Bandwidth,Furniture,Luxury,Khoa Phú Hoàng
2572,1634,258,13,1694108.0,130316.0,100,2023-11-26,2023,11,4,Deliver Killer Info-Mediaries,Food,Mid,Nhiên Phạm
2573,19,42,12,19388628.0,1615719.0,67,2024-08-04,2024,8,3,Syndicate Sticky Functionalities,Sports,Premium,
2574,241,222,16,57958496.0,3622406.0,40,2024-03-08,2024,3,1,Enable Customized Architectures,Furniture,Luxury,
2575,1883,127,10,29550400.0,2955040.0,79,2024-01-04,2024,1,1,Extend Magnetic Schemas,Furniture,Luxury,
2576,1608,295,2,4222790.0,2111395.0,259,2023-06-08,2023,6,2,Evolve Value-Added Users,Electronics,Luxury,
2577,47,34,7,10094420.0,1442060.0,79,2023-12-07,2023,12,4,Monetize Back-End Content,Clothing,Premium,
2578,1070,111,16,11435040.0,714690.0,45,2024-09-06,2024,9,3,Optimize Dynamic Web Services,Books,Premium,
2579,1747,243,16,29054960.0,1815935.0,293,2024-11-30,2024,11,4,Streamline Turn-Key Supply-Chains,Electronics,Premium,Lâm Nguyễn
2580,1682,227,7,18125317.0,2589331.0,356,2024-02-05,2024,2,1,Monetize Strategic E-Business,Food,Luxury,Thảo Bùi
2581,859,93,15,13334490.0,888966.0,23,2024-10-03,2024,10,4,Implement 24/365 Systems,Clothing,Premium,Bác Thành Dương
2582,151,216,19,86335506.0,4543974.0,138,2024-03-03,2024,3,1,Whiteboard Killer Convergence,Clothing,Luxury,Dương Hoàng
2583,1598,165,1,779806.0,779806.0,39,2023-05-24,2023,5,2,Disintermediate Innovative Experiences,Sports,Premium,
2584,1057,215,18,39754620.0,2208590.0,247,2024-10-20,2024,10,4,Scale Impactful Deliverables,Furniture,Luxury,Nhật Phạm
2585,1617,207,6,16757190.0,2792865.0,26,2024-06-17,2024,6,2,Benchmark Collaborative Bandwidth,Electronics,Luxury,
2586,1225,37,11,16955070.0,1541370.0,487,2024-12-31,2024,12,4,Scale Frictionless Models,Furniture,Premium,
2587,1509,128,1,2667029.0,2667029.0,415,2024-02-15,2024,2,1,Seize Value-Added Bandwidth,Sports,Luxury,
2588,916,55,1,3636551.0,3636551.0,73,2023-01-05,2023,1,1,Seize Efficient Communities,Food,Luxury,Nhật Quang Nguyễn
2589,960,189,8,11768968.0,1471121.0,376,2023-01-08,2023,1,1,Envisioneer Synergistic Content,Electronics,Premium,Xuân Phạm
2590,1944,76,5,18446530.0,3689306.0,317,2024-12-29,2024,12,4,Maximize B2B Platforms,Clothing,Luxury,Ông Quang Hoàng
2591,1269,21,9,19261899.0,2140211.0,306,2023-11-04,2023,11,4,Mesh User-Centric Functionalities,Food,Luxury,
2592,1105,45,14,1059114.0,75651.0,82,2023-09-24,2023,9,3,Morph 24/7 E-Business,Sports,Budget,Bác Quang Đặng
2593,728,295,16,33782320.0,2111395.0,318,2024-09-29,2024,9,3,Evolve Value-Added Users,Electronics,Luxury,Lâm Mai Bảo Đặng
2594,201,120,14,3454514.0,246751.0,167,2024-04-11,2024,4,2,Generate Collaborative Action-Items,Furniture,Mid,Hải Đặng
2595,498,150,11,48285699.0,4389609.0,349,2023-01-08,2023,1,1,Drive Collaborative Communities,Electronics,Luxury,Phúc Lê
2596,1223,195,12,26807676.0,2233973.0,454,2023-03-17,2023,3,1,Leverage World-Class Vortals,Food,Luxury,
2597,1100,25,14,25406584.0,1814756.0,473,2023-05-19,2023,5,2,Reinvent Scalable Eyeballs,Electronics,Premium,Nhật Phú Trần
2598,1811,229,15,37016100.0,2467740.0,155,2024-06-07,2024,6,2,Streamline Viral Synergies,Furniture,Luxury,
2599,1804,163,19,13363118.0,703322.0,382,2023-05-07,2023,5,2,Disintermediate Viral Convergence,Electronics,Premium,
2600,66,191,11,47206016.0,4291456.0,178,2024-04-01,2024,4,2,Envisioneer Back-End E-Services,Books,Luxury,
2601,1669,165,3,2339418.0,779806.0,224,2024-10-20,2024,10,4,Disintermediate Innovative Experiences,Sports,Premium,
2602,97,178,18,83693556.0,4649642.0,229,2024-02-22,2024,2,1,Whiteboard Next-Generation Platforms,Electronics,Luxury,
2603,922,251,5,21557555.0,4311511.0,303,2024-04-28,2024,4,2,Incubate Cross-Platform Platforms,Electronics,Luxury,Khoa Phú Hoàng
2604,1416,8,5,24582615.0,4916523.0,489,2024-12-22,2024,12,4,Extend Interactive Web-Readiness,Books,Luxury,
2605,627,96,12,42326196.0,3527183.0,101,2024-12-11,2024,12,4,Orchestrate Magnetic Eyeballs,Books,Luxury,
2606,1439,123,8,950152.0,118769.0,402,2024-06-18,2024,6,2,Utilize Open-Source Mindshare,Books,Mid,
2607,1224,24,10,15936620.0,1593662.0,238,2024-03-15,2024,3,1,Optimize Open-Source Infrastructures,Furniture,Premium,Trọng Văn Nguyễn
2608,1946,50,7,17922618.0,2560374.0,417,2023-11-04,2023,11,4,Visualize One-To-One E-Business,Books,Luxury,
2609,445,256,4,6419912.0,1604978.0,269,2023-11-26,2023,11,4,Incentivize Customized E-Services,Clothing,Premium,Quang Quang Lê
2610,1686,183,7,5473153.0,781879.0,264,2024-05-17,2024,5,2,Seize Innovative Methodologies,Electronics,Premium,Nhật Đức Mai
2611,1109,220,16,61722304.0,3857644.0,432,2024-11-09,2024,11,4,Generate Killer Mindshare,Sports,Luxury,Trọng Mai Bảo Trần
2612,1051,94,6,1941408.0,323568.0,302,2023-08-12,2023,8,3,Morph Web-Enabled Convergence,Electronics,Mid,Tú Mai
2613,299,152,20,73046500.0,3652325.0,417,2023-10-05,2023,10,4,Repurpose Open-Source Paradigms,Sports,Luxury,
2614,1240,249,16,49959872.0,3122492.0,182,2024-01-08,2024,1,1,Syndicate E-Business Systems,Clothing,Luxury,Chi Vũ
2615,1002,181,17,74587211.0,4387483.0,146,2023-07-30,2023,7,3,Orchestrate End-To-End Markets,Electronics,Luxury,
2616,1969,92,17,20051245.0,1179485.0,77,2024-08-03,2024,8,3,Unleash Innovative E-Business,Furniture,Premium,Nam Lê
2617,1978,79,12,37148292.0,3095691.0,330,2024-05-11,2024,5,2,Syndicate Rich Initiatives,Clothing,Luxury,Lâm Xuân Trần
2618,477,21,1,2140211.0,2140211.0,209,2023-02-11,2023,2,1,Mesh User-Centric Functionalities,Food,Luxury,Hải Phú Hoàng
2619,1741,71,6,29136630.0,4856105.0,181,2024-09-08,2024,9,3,Maximize Virtual Users,Electronics,Luxury,
2620,1582,163,20,14066440.0,703322.0,141,2024-10-24,2024,10,4,Disintermediate Viral Convergence,Electronics,Premium,
2621,971,195,7,15637811.0,2233973.0,127,2024-09-07,2024,9,3,Leverage World-Class Vortals,Food,Luxury,Mai Bùi
2622,1313,223,17,8580427.0,504731.0,348,2024-06-01,2024,6,2,Revolutionize Out-Of-The-Box Action-Items,Clothing,Premium,Bà Hà Nguyễn
2623,1086,291,17,3872855.0,227815.0,162,2023-02-04,2023,2,1,Extend Value-Added Info-Mediaries,Food,Mid,Dũng Mai
2624,27,106,19,13130900.0,691100.0,49,2024-07-01,2024,7,3,Streamline Turn-Key E-Commerce,Furniture,Premium,Trọng Hoàng
2625,192,73,6,26492976.0,4415496.0,192,2023-11-27,2023,11,4,Utilize Scalable Synergies,Furniture,Luxury,
2626,437,128,19,50673551.0,2667029.0,493,2024-09-11,2024,9,3,Seize Value-Added Bandwidth,Sports,Luxury,Châu Bùi
2627,150,263,12,48121728.0,4010144.0,418,2024-04-09,2024,4,2,Transition Magnetic E-Tailers,Books,Luxury,
2628,104,164,13,64484004.0,4960308.0,43,2024-03-21,2024,3,1,Enable Distributed Partnerships,Clothing,Luxury,An Hoàng Phạm
2629,1447,41,17,80251254.0,4720662.0,368,2024-10-13,2024,10,4,Harness Compelling Partnerships,Books,Luxury,Thảo Trần
2630,981,99,5,13117120.0,2623424.0,487,2023-01-23,2023,1,1,Synthesize Enterprise Synergies,Clothing,Luxury,
2631,838,299,12,19677924.0,1639827.0,403,2023-12-16,2023,12,4,Streamline Rich Communities,Clothing,Premium,
2632,1864,272,4,15927360.0,3981840.0,75,2023-02-28,2023,2,1,Embrace 24/7 Architectures,Food,Luxury,
2633,561,297,20,46910720.0,2345536.0,398,2024-05-10,2024,5,2,Incentivize Leading-Edge Bandwidth,Electronics,Luxury,Ông Quang Vũ
2634,1980,227,14,36250634.0,2589331.0,411,2023-04-07,2023,4,2,Monetize Strategic E-Business,Food,Luxury,
2635,330,109,9,13423608.0,1491512.0,463,2024-08-29,2024,8,3,Incubate World-Class Systems,Food,Premium,
2636,1663,156,16,60584320.0,3786520.0,225,2023-09-19,2023,9,3,Target End-To-End Web Services,Food,Luxury,
2637,44,30,10,13234740.0,1323474.0,174,2023-10-12,2023,10,4,Benchmark Customized Partnerships,Clothing,Premium,Trung Hữu Bùi
2638,584,198,9,8790417.0,976713.0,49,2023-06-16,2023,6,2,Orchestrate Leading-Edge Schemas,Sports,Premium,Trọng Hoàng
2639,1887,13,9,36469395.0,4052155.0,500,2024-02-24,2024,2,1,Aggregate Robust E-Services,Clothing,Luxury,Phương Dương
2640,382,127,9,26595360.0,2955040.0,497,2023-03-10,2023,3,1,Extend Magnetic Schemas,Furniture,Luxury,Chị Hồng Trần
2641,602,250,9,8081208.0,897912.0,440,2023-10-26,2023,10,4,Productize Magnetic Functionalities,Furniture,Premium,Chị Hạnh Dương
2642,1809,175,11,11754094.0,1068554.0,51,2024-04-14,2024,4,2,Engage Robust Initiatives,Electronics,Premium,Hải Hải Phạm
2643,25,284,9,21972141.0,2441349.0,89,2023-10-09,2023,10,4,Re-Intermediate Mission-Critical E-Markets,Sports,Luxury,Nhật Hải Trần
2644,1888,270,6,14821854.0,2470309.0,419,2024-08-02,2024,8,3,Revolutionize Open-Source Interfaces,Food,Luxury,
2645,1299,155,4,5598560.0,1399640.0,121,2024-01-22,2024,1,1,Benchmark Virtual Users,Clothing,Premium,
2646,1499,188,7,18007304.0,2572472.0,329,2023-04-09,2023,4,2,Embrace Rich Experiences,Electronics,Luxury,Khoa Thế Dương
2647,694,206,13,59620470.0,4586190.0,88,2024-09-14,2024,9,3,Expedite Viral E-Services,Sports,Luxury,
2648,471,140,13,46605221.0,3585017.0,40,2023-01-07,2023,1,1,Generate 24/365 Eyeballs,Food,Luxury,
2649,1580,142,1,4472616.0,4472616.0,424,2023-02-25,2023,2,1,Maximize Proactive Action-Items,Books,Luxury,Nhiên Xuân Đặng
2650,41,42,18,29082942.0,1615719.0,384,2024-09-15,2024,9,3,Syndicate Sticky Functionalities,Sports,Premium,
2651,38,267,4,19647300.0,4911825.0,410,2023-10-12,2023,10,4,Drive Wireless Models,Clothing,Luxury,Quý cô Thành Bùi
2652,973,45,15,1134765.0,75651.0,188,2023-05-12,2023,5,2,Morph 24/7 E-Business,Sports,Budget,Hạnh Hữu Mai
2653,920,184,15,8901540.0,593436.0,227,2023-04-04,2023,4,2,Deploy Extensible Infrastructures,Food,Premium,Thành Thị Bùi
2654,197,67,5,23792255.0,4758451.0,428,2023-10-01,2023,10,4,Disintermediate Cutting-Edge Roi,Furniture,Luxury,
2655,1549,156,19,71943880.0,3786520.0,96,2024-07-30,2024,7,3,Target End-To-End Web Services,Food,Luxury,Bà Bảo Bùi
2656,1301,20,10,4562450.0,456245.0,348,2023-01-08,2023,1,1,Engineer Integrated Deliverables,Food,Mid,Bà Hà Nguyễn
2657,922,138,8,30548544.0,3818568.0,303,2024-04-28,2024,4,2,Empower Enterprise Architectures,Food,Luxury,Khoa Phú Hoàng
2658,1238,223,2,1009462.0,504731.0,237,2023-12-30,2023,12,4,Revolutionize Out-Of-The-Box Action-Items,Clothing,Premium,
2659,437,8,12,58998276.0,4916523.0,493,2024-09-11,2024,9,3,Extend Interactive Web-Readiness,Books,Luxury,Châu Bùi
2660,38,203,18,16097832.0,894324.0,410,2023-10-12,2023,10,4,Benchmark Proactive Systems,Furniture,Premium,Quý cô Thành Bùi
2661,367,26,8,22440312.0,2805039.0,210,2024-11-28,2024,11,4,Maximize Holistic E-Business,Food,Luxury,Trung Nguyễn
2662,1539,30,17,22499058.0,1323474.0,116,2023-02-10,2023,2,1,Benchmark Customized Partnerships,Clothing,Premium,Anh Bảo Bùi
2663,696,209,14,6930966.0,495069.0,279,2023-06-17,2023,6,2,Evolve Visionary Content,Food,Mid,Kim Phú Bùi
2664,1620,93,19,16890354.0,888966.0,467,2024-04-16,2024,4,2,Implement 24/365 Systems,Clothing,Premium,Quang Dương
2665,1764,39,8,24383224.0,3047903.0,114,2023-09-12,2023,9,3,Monetize World-Class Deliverables,Sports,Luxury,
2666,438,56,4,15911624.0,3977906.0,391,2023-04-28,2023,4,2,Grow Open-Source Applications,Sports,Luxury,
2667,401,242,20,46404440.0,2320222.0,290,2023-04-23,2023,4,2,Reinvent Real-Time Architectures,Sports,Luxury,
2668,556,191,12,51497472.0,4291456.0,344,2024-04-01,2024,4,2,Envisioneer Back-End E-Services,Books,Luxury,Kim Đức Hoàng
2669,1039,91,15,63566460.0,4237764.0,16,2024-01-10,2024,1,1,Innovate Global Bandwidth,Sports,Luxury,
2670,568,104,7,12064885.0,1723555.0,293,2023-02-02,2023,2,1,Enhance Visionary Content,Electronics,Premium,Lâm Nguyễn
2671,841,291,5,1139075.0,227815.0,122,2024-10-23,2024,10,4,Extend Value-Added Info-Mediaries,Food,Mid,
2672,1281,204,15,16841250.0,1122750.0,216,2024-09-10,2024,9,3,Strategize Ubiquitous Technologies,Furniture,Premium,
2673,1095,126,16,49814720.0,3113420.0,344,2023-02-06,2023,2,1,Enable Impactful Communities,Electronics,Luxury,Kim Đức Hoàng
2674,789,243,16,29054960.0,1815935.0,21,2023-06-20,2023,6,2,Streamline Turn-Key Supply-Chains,Electronics,Premium,Châu Đặng
2675,1851,134,15,55396320.0,3693088.0,407,2024-01-29,2024,1,1,Matrix Revolutionary Applications,Electronics,Luxury,
2676,348,51,13,52127517.0,4009809.0,483,2024-05-13,2024,5,2,Strategize Intuitive Web Services,Furniture,Luxury,Anh Tùng Đặng
2677,783,213,14,31711792.0,2265128.0,385,2023-10-21,2023,10,4,Repurpose Cutting-Edge Interfaces,Sports,Luxury,Hà Mai
2678,354,44,9,3037932.0,337548.0,450,2023-09-16,2023,9,3,Harness User-Centric Bandwidth,Electronics,Mid,
2679,123,292,9,24502752.0,2722528.0,455,2023-10-27,2023,10,4,Disintermediate Strategic E-Markets,Clothing,Luxury,Hoàng Hữu Trần
2680,1375,77,4,15789792.0,3947448.0,324,2023-04-12,2023,4,2,Brand Innovative Portals,Furniture,Luxury,Khoa Nguyễn
2681,1375,226,8,18868008.0,2358501.0,324,2023-04-12,2023,4,2,Evolve Rich Experiences,Electronics,Luxury,Khoa Nguyễn
2682,5,285,12,665220.0,55435.0,413,2024-10-17,2024,10,4,Scale E-Business Web-Readiness,Clothing,Budget,Hưng Bảo Lê
2683,1405,181,7,30712381.0,4387483.0,100,2023-12-14,2023,12,4,Orchestrate End-To-End Markets,Electronics,Luxury,Nhiên Phạm
2684,74,143,13,11016148.0,847396.0,430,2024-05-07,2024,5,2,Facilitate Granular Channels,Electronics,Premium,Phương Văn Nguyễn
2685,817,12,16,28186816.0,1761676.0,408,2024-11-28,2024,11,4,Synthesize Cross-Platform Applications,Sports,Premium,
2686,1078,152,7,25566275.0,3652325.0,190,2023-03-06,2023,3,1,Repurpose Open-Source Paradigms,Sports,Luxury,
2687,1360,278,14,64927422.0,4637673.0,299,2024-07-22,2024,7,3,Productize Dot-Com Deliverables,Furniture,Luxury,
2688,754,74,19,33195717.0,1747143.0,402,2024-05-21,2024,5,2,Unleash Global Initiatives,Furniture,Premium,
2689,1333,126,5,15567100.0,3113420.0,320,2023-03-09,2023,3,1,Enable Impactful Communities,Electronics,Luxury,Hương Dương
2690,1719,16,12,13956144.0,1163012.0,500,2023-02-24,2023,2,1,Streamline Killer Relationships,Sports,Premium,Phương Dương
2691,1691,11,11,6743143.0,613013.0,91,2024-07-12,2024,7,3,Envisioneer Cross-Media Paradigms,Food,Premium,
2692,793,7,1,1590992.0,1590992.0,386,2023-08-23,2023,8,3,Transition Transparent Markets,Books,Premium,Quý ông Tú Phạm
2693,1392,177,3,1378416.0,459472.0,160,2024-04-16,2024,4,2,Strategize Back-End Synergies,Sports,Mid,
2694,660,116,13,37691758.0,2899366.0,60,2023-04-13,2023,4,2,Cultivate 24/7 Communities,Sports,Luxury,Cô Linh Hoàng
2695,606,21,7,14981477.0,2140211.0,362,2024-10-12,2024,10,4,Mesh User-Centric Functionalities,Food,Luxury,Cô Ánh Lê
2696,1317,94,10,3235680.0,323568.0,205,2023-08-02,2023,8,3,Morph Web-Enabled Convergence,Electronics,Mid,
2697,1420,109,17,25355704.0,1491512.0,158,2023-01-19,2023,1,1,Incubate World-Class Systems,Food,Premium,Cô Linh Bùi
2698,1514,233,4,8456960.0,2114240.0,119,2024-05-06,2024,5,2,Monetize Cross-Media Users,Books,Luxury,Thành Bảo Trần
2699,1648,2,20,49713520.0,2485676.0,235,2023-08-17,2023,8,3,Re-Intermediate Mission-Critical Functionalities,Books,Luxury,
2700,1373,246,2,4362052.0,2181026.0,391,2023-01-30,2023,1,1,Matrix Back-End E-Commerce,Furniture,Luxury,
2701,1113,160,14,29095332.0,2078238.0,258,2023-10-17,2023,10,4,Engage Collaborative Bandwidth,Furniture,Luxury,
2702,1774,55,16,58184816.0,3636551.0,100,2023-02-06,2023,2,1,Seize Efficient Communities,Food,Luxury,Nhiên Phạm
2703,1683,132,19,47229041.0,2485739.0,353,2024-05-09,2024,5,2,Streamline Compelling Communities,Electronics,Luxury,
2704,444,210,14,8079022.0,577073.0,487,2023-09-20,2023,9,3,Maximize Robust Convergence,Electronics,Premium,
2705,1520,205,14,21259994.0,1518571.0,83,2024-09-26,2024,9,3,Exploit Next-Generation E-Services,Books,Premium,Châu Mai Dương
2706,468,198,3,2930139.0,976713.0,173,2023-07-21,2023,7,3,Orchestrate Leading-Edge Schemas,Sports,Premium,Quý ông Vũ Lê
2707,731,9,10,25678500.0,2567850.0,121,2023-01-02,2023,1,1,Whiteboard Virtual Channels,Furniture,Luxury,
2708,1734,69,18,88414974.0,4911943.0,153,2024-11-19,2024,11,4,Morph Robust E-Markets,Sports,Luxury,Bảo Hoàng
2709,337,205,11,16704281.0,1518571.0,406,2024-03-22,2024,3,1,Exploit Next-Generation E-Services,Books,Premium,Quý cô Thảo Nguyễn
2710,1206,56,8,31823248.0,3977906.0,55,2023-05-13,2023,5,2,Grow Open-Source Applications,Sports,Luxury,
2711,1499,17,18,63318168.0,3517676.0,329,2023-04-09,2023,4,2,Exploit Holistic Info-Mediaries,Electronics,Luxury,Khoa Thế Dương
2712,587,260,17,19096066.0,1123298.0,459,2023-10-20,2023,10,4,Revolutionize Frictionless Web Services,Clothing,Premium,Khoa Thế Phạm
2713,219,90,8,12204912.0,1525614.0,176,2024-04-09,2024,4,2,Drive Collaborative Experiences,Electronics,Premium,
2714,1193,250,11,9877032.0,897912.0,205,2023-08-21,2023,8,3,Productize Magnetic Functionalities,Furniture,Premium,
2715,1217,294,10,43117520.0,4311752.0,124,2024-06-06,2024,6,2,E-Enable Strategic Functionalities,Clothing,Luxury,Huy Bảo Mai
2716,1828,73,1,4415496.0,4415496.0,252,2023-06-02,2023,6,2,Utilize Scalable Synergies,Furniture,Luxury,
2717,73,266,5,4977845.0,995569.0,225,2023-03-02,2023,3,1,Reinvent Mission-Critical Systems,Clothing,Premium,
2718,1210,8,11,54081753.0,4916523.0,287,2024-04-21,2024,4,2,Extend Interactive Web-Readiness,Books,Luxury,Quý cô Khoa Bùi
2719,1017,274,16,60053616.0,3753351.0,281,2023-03-11,2023,3,1,Grow Cutting-Edge Technologies,Sports,Luxury,
2720,1121,24,13,20717606.0,1593662.0,210,2023-01-15,2023,1,1,Optimize Open-Source Infrastructures,Furniture,Premium,Trung Nguyễn
2721,1541,7,11,17500912.0,1590992.0,15,2024-12-28,2024,12,4,Transition Transparent Markets,Books,Premium,Hoàng Hoàng
2722,1319,168,1,1833361.0,1833361.0,241,2024-09-19,2024,9,3,Synthesize Virtual E-Markets,Furniture,Premium,Vân Vũ
2723,1175,32,8,31882232.0,3985279.0,378,2024-06-10,2024,6,2,Iterate Intuitive Networks,Clothing,Luxury,
2724,412,146,7,22263472.0,3180496.0,35,2023-06-20,2023,6,2,Expedite 24/7 Portals,Sports,Luxury,Khoa Trần
2725,1887,194,6,9525228.0,1587538.0,500,2024-02-24,2024,2,1,Implement Collaborative Action-Items,Books,Premium,Phương Dương
2726,96,113,16,41152304.0,2572019.0,325,2024-11-02,2024,11,4,Brand Mission-Critical Niches,Books,Luxury,Phúc Vũ
2727,1745,44,11,3713028.0,337548.0,477,2023-07-11,2023,7,3,Harness User-Centric Bandwidth,Electronics,Mid,
2728,1940,251,10,43115110.0,4311511.0,479,2023-06-10,2023,6,2,Incubate Cross-Platform Platforms,Electronics,Luxury,Anh Dũng Dương
2729,1265,264,12,37550628.0,3129219.0,473,2024-04-19,2024,4,2,Scale 24/365 Users,Clothing,Luxury,Nhật Phú Trần
2730,1106,159,12,13928136.0,1160678.0,24,2024-08-13,2024,8,3,Productize User-Centric Portals,Clothing,Premium,Châu Mai Đặng
2731,578,238,1,387490.0,387490.0,85,2023-12-28,2023,12,4,Enhance E-Business Architectures,Clothing,Mid,
2732,1413,245,19,83886387.0,4415073.0,204,2023-03-25,2023,3,1,Deploy Web-Enabled Convergence,Books,Luxury,Huy Bùi
2733,910,66,6,18334560.0,3055760.0,291,2023-01-10,2023,1,1,Leverage Revolutionary Technologies,Sports,Luxury,
2734,691,252,15,59586615.0,3972441.0,317,2024-12-28,2024,12,4,Evolve Revolutionary Web-Readiness,Books,Luxury,Ông Quang Hoàng
2735,1178,181,10,43874830.0,4387483.0,364,2023-05-02,2023,5,2,Orchestrate End-To-End Markets,Electronics,Luxury,Bà Duyên Trần
2736,1422,270,5,12351545.0,2470309.0,206,2024-09-07,2024,9,3,Revolutionize Open-Source Interfaces,Food,Luxury,Quang Bùi
2737,439,223,16,8075696.0,504731.0,419,2023-11-04,2023,11,4,Revolutionize Out-Of-The-Box Action-Items,Clothing,Premium,
2738,1128,37,2,3082740.0,1541370.0,126,2023-03-19,2023,3,1,Scale Frictionless Models,Furniture,Premium,Quý cô Khoa Vũ
2739,1327,117,13,9660690.0,743130.0,178,2023-12-24,2023,12,4,Incubate Innovative Vortals,Electronics,Premium,
2740,1414,7,4,6363968.0,1590992.0,32,2023-02-01,2023,2,1,Transition Transparent Markets,Books,Premium,Thảo Vũ
2741,1175,65,6,18563292.0,3093882.0,378,2024-06-10,2024,6,2,Integrate Proactive Interfaces,Clothing,Luxury,
2742,1634,226,3,7075503.0,2358501.0,100,2023-11-26,2023,11,4,Evolve Rich Experiences,Electronics,Luxury,Nhiên Phạm
2743,1664,199,2,7759092.0,3879546.0,119,2023-03-17,2023,3,1,Utilize Impactful Deliverables,Clothing,Luxury,Thành Bảo Trần
2744,64,131,19,25500033.0,1342107.0,108,2023-03-19,2023,3,1,Harness B2B Portals,Clothing,Premium,
2745,1811,96,2,7054366.0,3527183.0,155,2024-06-07,2024,6,2,Orchestrate Magnetic Eyeballs,Books,Luxury,
2746,985,170,19,83352221.0,4386959.0,236,2023-01-13,2023,1,1,Re-Intermediate Best-Of-Breed Info-Mediaries,Electronics,Luxury,
2747,90,102,12,30386016.0,2532168.0,445,2024-02-29,2024,2,1,Strategize Customized Schemas,Food,Luxury,Ánh Lê
2748,806,207,17,47478705.0,2792865.0,431,2023-09-13,2023,9,3,Benchmark Collaborative Bandwidth,Electronics,Luxury,Nam Thế Lê
2749,547,164,4,19841232.0,4960308.0,411,2023-04-10,2023,4,2,Enable Distributed Partnerships,Clothing,Luxury,
2750,526,147,5,14982610.0,2996522.0,340,2023-03-04,2023,3,1,Disintermediate Cutting-Edge Info-Mediaries,Electronics,Luxury,
2751,441,247,12,52762872.0,4396906.0,371,2024-03-13,2024,3,1,Synthesize Scalable Methodologies,Books,Luxury,Lâm Thị Vũ
2752,485,295,14,29559530.0,2111395.0,439,2024-06-05,2024,6,2,Evolve Value-Added Users,Electronics,Luxury,
2753,458,252,17,67531497.0,3972441.0,462,2023-11-15,2023,11,4,Evolve Revolutionary Web-Readiness,Books,Luxury,
2754,1162,35,3,7750599.0,2583533.0,232,2023-04-20,2023,4,2,Syndicate Compelling Web Services,Books,Luxury,Phương Dương
2755,502,239,18,62439966.0,3468887.0,38,2023-12-03,2023,12,4,Cultivate Interactive E-Tailers,Furniture,Luxury,Lan Vũ
2756,372,109,18,26847216.0,1491512.0,26,2023-04-11,2023,4,2,Incubate World-Class Systems,Food,Premium,
2757,155,291,12,2733780.0,227815.0,436,2023-06-13,2023,6,2,Extend Value-Added Info-Mediaries,Food,Mid,
2758,1135,235,9,43617924.0,4846436.0,135,2024-02-01,2024,2,1,Mesh Proactive Relationships,Clothing,Luxury,Hạnh Lê
2759,63,287,10,5137920.0,513792.0,332,2023-08-12,2023,8,3,Utilize Back-End Interfaces,Furniture,Premium,
2760,1621,102,7,17725176.0,2532168.0,55,2024-01-26,2024,1,1,Strategize Customized Schemas,Food,Luxury,
2761,322,174,7,16958130.0,2422590.0,437,2023-05-17,2023,5,2,Expedite Sticky Users,Food,Luxury,Trung Hoàng
2762,1456,110,12,31645200.0,2637100.0,486,2023-04-19,2023,4,2,Matrix 24/7 Metrics,Sports,Luxury,Ông Hưng Mai
2763,12,160,11,22860618.0,2078238.0,439,2023-10-17,2023,10,4,Engage Collaborative Bandwidth,Furniture,Luxury,
2764,679,24,16,25498592.0,1593662.0,292,2023-08-16,2023,8,3,Optimize Open-Source Infrastructures,Furniture,Premium,
2765,1818,159,15,17410170.0,1160678.0,426,2024-07-15,2024,7,3,Productize User-Centric Portals,Clothing,Premium,
2766,1045,180,20,29593920.0,1479696.0,437,2024-05-05,2024,5,2,E-Enable Collaborative Technologies,Food,Premium,Trung Hoàng
2767,1103,222,7,25356842.0,3622406.0,493,2023-09-27,2023,9,3,Enable Customized Architectures,Furniture,Luxury,Châu Bùi
2768,1858,112,13,33397962.0,2569074.0,431,2024-12-31,2024,12,4,Harness Customized E-Markets,Books,Luxury,Nam Thế Lê
2769,496,118,4,2685508.0,671377.0,466,2023-02-25,2023,2,1,Incentivize Seamless Technologies,Electronics,Premium,An Nguyễn
2770,810,54,3,5929197.0,1976399.0,422,2024-05-24,2024,5,2,Benchmark Killer Paradigms,Clothing,Premium,Ông Nam Mai
2771,265,268,13,43169659.0,3320743.0,10,2024-06-15,2024,6,2,Reinvent One-To-One Synergies,Furniture,Luxury,
2772,1231,171,18,2269440.0,126080.0,258,2023-05-20,2023,5,2,Aggregate Synergistic Partnerships,Food,Mid,
2773,170,275,10,31270810.0,3127081.0,36,2024-12-19,2024,12,4,Deliver Frictionless Niches,Electronics,Luxury,Cô Nhật Trần
2774,240,193,6,13166664.0,2194444.0,76,2024-08-08,2024,8,3,Disintermediate Bricks-And-Clicks Partnerships,Food,Luxury,
2775,1254,104,16,27576880.0,1723555.0,345,2023-12-26,2023,12,4,Enhance Visionary Content,Electronics,Premium,Bác Trung Mai
2776,1315,179,1,3490843.0,3490843.0,347,2024-09-03,2024,9,3,Streamline Value-Added Schemas,Food,Luxury,
2777,808,75,20,67422020.0,3371101.0,276,2023-04-28,2023,4,2,Maximize Cutting-Edge Paradigms,Electronics,Luxury,Thành Hữu Đặng
2778,777,116,12,34792392.0,2899366.0,3,2024-06-03,2024,6,2,Cultivate 24/7 Communities,Sports,Luxury,Bảo Tấn Phạm
2779,1019,25,14,25406584.0,1814756.0,395,2023-02-23,2023,2,1,Reinvent Scalable Eyeballs,Electronics,Premium,Yến Phạm
2780,942,166,3,8371485.0,2790495.0,131,2023-06-16,2023,6,2,Seize Virtual Vortals,Food,Luxury,Chị Lan Dương
2781,706,178,2,9299284.0,4649642.0,374,2023-03-04,2023,3,1,Whiteboard Next-Generation Platforms,Electronics,Luxury,
2782,1535,169,18,42619212.0,2367734.0,166,2024-09-16,2024,9,3,Cultivate Scalable Applications,Books,Luxury,Khoa Phú Hoàng
2783,1564,233,8,16913920.0,2114240.0,67,2024-07-06,2024,7,3,Monetize Cross-Media Users,Books,Luxury,
2784,1039,228,10,26280050.0,2628005.0,16,2024-01-10,2024,1,1,Envisioneer Collaborative Applications,Food,Luxury,
2785,1188,124,20,48260600.0,2413030.0,352,2024-03-26,2024,3,1,Extend Global Applications,Books,Luxury,Nhật Đặng
2786,1801,266,10,9955690.0,995569.0,269,2024-08-05,2024,8,3,Reinvent Mission-Critical Systems,Clothing,Premium,Quang Quang Lê
2787,1857,59,9,15126543.0,1680727.0,5,2024-08-15,2024,8,3,Re-Intermediate Synergistic Convergence,Books,Premium,Linh Bùi
2788,475,19,17,20335893.0,1196229.0,390,2023-12-22,2023,12,4,Strategize B2B Partnerships,Clothing,Premium,Khoa Hoàng
2789,1537,262,18,89247006.0,4958167.0,473,2024-12-13,2024,12,4,Maximize Customized Deliverables,Books,Luxury,Nhật Phú Trần
2790,1144,73,12,52985952.0,4415496.0,394,2024-12-19,2024,12,4,Utilize Scalable Synergies,Furniture,Luxury,Ông Tú Lê
2791,880,209,12,5940828.0,495069.0,23,2023-01-26,2023,1,1,Evolve Visionary Content,Food,Mid,Bác Thành Dương
2792,1023,149,1,3196957.0,3196957.0,376,2024-06-10,2024,6,2,Incubate Collaborative Vortals,Books,Luxury,Xuân Phạm
2793,1928,84,9,34845750.0,3871750.0,21,2024-12-07,2024,12,4,Grow Dynamic Communities,Sports,Luxury,Châu Đặng
2794,1698,269,15,57204480.0,3813632.0,128,2024-04-05,2024,4,2,Unleash Plug-And-Play Markets,Clothing,Luxury,Cô Yến Bùi
2795,365,277,13,54243917.0,4172609.0,142,2024-04-15,2024,4,2,Maximize Dynamic Content,Clothing,Luxury,Chị Khoa Nguyễn
2796,1755,205,5,7592855.0,1518571.0,41,2023-09-04,2023,9,3,Exploit Next-Generation E-Services,Books,Premium,Phương Đức Mai
2797,1285,111,2,1429380.0,714690.0,4,2024-06-26,2024,6,2,Optimize Dynamic Web Services,Books,Premium,Khoa Lê
2798,1217,279,3,270177.0,90059.0,124,2024-06-06,2024,6,2,Generate B2C Web-Readiness,Food,Budget,Huy Bảo Mai
2799,1913,161,4,9387644.0,2346911.0,418,2023-03-16,2023,3,1,Innovate Proactive Web-Readiness,Books,Luxury,
2800,117,245,6,26490438.0,4415073.0,428,2023-04-05,2023,4,2,Deploy Web-Enabled Convergence,Books,Luxury,
2801,830,103,20,87292820.0,4364641.0,150,2024-07-18,2024,7,3,Strategize Web-Enabled Action-Items,Sports,Luxury,
2802,1334,123,17,2019073.0,118769.0,405,2023-08-26,2023,8,3,Utilize Open-Source Mindshare,Books,Mid,
2803,1558,14,10,20100470.0,2010047.0,260,2024-05-31,2024,5,2,Cultivate Back-End Info-Mediaries,Food,Luxury,
2804,1306,9,4,10271400.0,2567850.0,415,2023-01-21,2023,1,1,Whiteboard Virtual Channels,Furniture,Luxury,
2805,1648,277,16,66761744.0,4172609.0,235,2023-08-17,2023,8,3,Maximize Dynamic Content,Clothing,Luxury,
2806,361,79,4,12382764.0,3095691.0,354,2023-04-02,2023,4,2,Syndicate Rich Initiatives,Clothing,Luxury,Phương Hoàng
2807,1008,250,7,6285384.0,897912.0,32,2023-04-03,2023,4,2,Productize Magnetic Functionalities,Furniture,Premium,Thảo Vũ
2808,1423,209,4,1980276.0,495069.0,94,2024-02-02,2024,2,1,Evolve Visionary Content,Food,Mid,Kim Lê
2809,1986,27,12,5251620.0,437635.0,17,2023-03-24,2023,3,1,Incentivize Compelling Relationships,Sports,Mid,
2810,833,88,17,83052191.0,4885423.0,151,2024-08-16,2024,8,3,Drive Front-End E-Services,Electronics,Luxury,
2811,1167,296,6,7143582.0,1190597.0,391,2023-10-15,2023,10,4,Target Proactive Relationships,Clothing,Premium,
2812,1268,90,19,28986666.0,1525614.0,173,2023-04-14,2023,4,2,Drive Collaborative Experiences,Electronics,Premium,Quý ông Vũ Lê
2813,1688,218,18,71266464.0,3959248.0,165,2023-09-29,2023,9,3,Target Impactful Deliverables,Books,Luxury,Phúc Đặng
2814,777,225,17,8735824.0,513872.0,3,2024-06-03,2024,6,2,Transform Proactive Markets,Electronics,Premium,Bảo Tấn Phạm
2815,284,289,11,26755278.0,2432298.0,122,2023-04-25,2023,4,2,Synergize Ubiquitous Info-Mediaries,Electronics,Luxury,
2816,914,225,18,9249696.0,513872.0,423,2024-10-29,2024,10,4,Transform Proactive Markets,Electronics,Premium,Chị Nhật Trần
2817,328,28,7,26724264.0,3817752.0,166,2023-10-22,2023,10,4,Cultivate Dot-Com Deliverables,Books,Luxury,Khoa Phú Hoàng
2818,1172,121,19,53613573.0,2821767.0,387,2023-12-08,2023,12,4,Evolve Efficient Metrics,Electronics,Luxury,Anh Mai
2819,511,14,3,6030141.0,2010047.0,195,2023-05-09,2023,5,2,Cultivate Back-End Info-Mediaries,Food,Luxury,
2820,26,30,18,23822532.0,1323474.0,264,2023-07-25,2023,7,3,Benchmark Customized Partnerships,Clothing,Premium,Nhật Đức Mai
2821,928,14,6,12060282.0,2010047.0,447,2024-05-12,2024,5,2,Cultivate Back-End Info-Mediaries,Food,Luxury,Chị Linh Hoàng
2822,403,116,10,28993660.0,2899366.0,173,2023-01-19,2023,1,1,Cultivate 24/7 Communities,Sports,Luxury,Quý ông Vũ Lê
2823,217,76,9,33203754.0,3689306.0,343,2024-08-06,2024,8,3,Maximize B2B Platforms,Clothing,Luxury,
2824,1176,55,18,65457918.0,3636551.0,279,2024-03-15,2024,3,1,Seize Efficient Communities,Food,Luxury,Kim Phú Bùi
2825,1748,248,15,14480985.0,965399.0,21,2023-07-28,2023,7,3,Syndicate Efficient Relationships,Food,Premium,Châu Đặng
2826,893,220,9,34718796.0,3857644.0,48,2023-07-23,2023,7,3,Generate Killer Mindshare,Sports,Luxury,
2827,1460,132,14,34800346.0,2485739.0,44,2023-03-10,2023,3,1,Streamline Compelling Communities,Electronics,Luxury,An Hoàng
2828,1390,11,19,11647247.0,613013.0,206,2023-08-01,2023,8,3,Envisioneer Cross-Media Paradigms,Food,Premium,Quang Bùi
2829,1025,126,2,6226840.0,3113420.0,419,2024-04-14,2024,4,2,Enable Impactful Communities,Electronics,Luxury,
2830,930,159,18,20892204.0,1160678.0,187,2023-05-27,2023,5,2,Productize User-Centric Portals,Clothing,Premium,Minh Bùi
2831,1214,191,9,38623104.0,4291456.0,351,2023-09-01,2023,9,3,Envisioneer Back-End E-Services,Books,Luxury,
2832,681,288,19,39802701.0,2094879.0,491,2023-02-07,2023,2,1,Cultivate 24/365 E-Services,Sports,Luxury,
2833,1605,3,19,49278267.0,2593593.0,458,2024-01-22,2024,1,1,Cultivate Rich Schemas,Electronics,Luxury,
2834,246,243,8,14527480.0,1815935.0,297,2024-03-06,2024,3,1,Streamline Turn-Key Supply-Chains,Electronics,Premium,
2835,1607,149,3,9590871.0,3196957.0,438,2024-12-23,2024,12,4,Incubate Collaborative Vortals,Books,Luxury,Hải Đặng
2836,1158,81,19,3467329.0,182491.0,154,2023-07-13,2023,7,3,Incentivize Frictionless Experiences,Clothing,Mid,
2837,1145,37,3,4624110.0,1541370.0,435,2023-01-06,2023,1,1,Scale Frictionless Models,Furniture,Premium,Khoa Mai
2838,813,284,13,31737537.0,2441349.0,167,2023-09-20,2023,9,3,Re-Intermediate Mission-Critical E-Markets,Sports,Luxury,Hải Đặng
2839,487,112,7,17983518.0,2569074.0,320,2024-12-19,2024,12,4,Harness Customized E-Markets,Books,Luxury,Hương Dương
2840,274,264,7,21904533.0,3129219.0,157,2024-09-10,2024,9,3,Scale 24/365 Users,Clothing,Luxury,Vũ Hoàng
2841,1675,182,9,7928361.0,880929.0,475,2024-08-04,2024,8,3,Brand Rich Action-Items,Books,Premium,
2842,1474,265,1,3360714.0,3360714.0,358,2024-09-30,2024,9,3,Incubate Magnetic E-Business,Food,Luxury,
2843,119,40,9,16083540.0,1787060.0,49,2024-06-13,2024,6,2,Facilitate Distributed Markets,Books,Premium,Trọng Hoàng
2844,1640,289,3,7296894.0,2432298.0,257,2023-06-13,2023,6,2,Synergize Ubiquitous Info-Mediaries,Electronics,Luxury,
2845,1567,259,6,11565648.0,1927608.0,361,2024-05-02,2024,5,2,Matrix Back-End Initiatives,Furniture,Premium,
2846,116,96,1,3527183.0,3527183.0,449,2024-05-25,2024,5,2,Orchestrate Magnetic Eyeballs,Books,Luxury,
2847,1212,217,10,26536560.0,2653656.0,184,2024-09-22,2024,9,3,Deliver Wireless Metrics,Clothing,Luxury,Linh Vũ
2848,1184,2,6,14914056.0,2485676.0,356,2023-09-08,2023,9,3,Re-Intermediate Mission-Critical Functionalities,Books,Luxury,Thảo Bùi
2849,847,136,7,15002596.0,2143228.0,113,2024-07-24,2024,7,3,Expedite Mission-Critical Web-Readiness,Electronics,Luxury,Chị Hà Đặng
2850,904,173,6,11394852.0,1899142.0,99,2023-05-13,2023,5,2,Utilize User-Centric E-Markets,Furniture,Premium,
2851,849,221,13,22039615.0,1695355.0,153,2023-11-11,2023,11,4,Innovate Scalable Action-Items,Furniture,Premium,Bảo Hoàng
2852,1409,48,13,33417995.0,2570615.0,473,2023-11-05,2023,11,4,Scale Global E-Tailers,Clothing,Luxury,Nhật Phú Trần
2853,1838,83,11,13682966.0,1243906.0,490,2024-12-10,2024,12,4,Unleash Viral Paradigms,Clothing,Premium,Chị An Phạm
2854,1937,201,7,877023.0,125289.0,292,2024-08-29,2024,8,3,Architect Viral Metrics,Furniture,Mid,
2855,972,68,11,35546082.0,3231462.0,18,2023-03-23,2023,3,1,Matrix Customized Platforms,Furniture,Luxury,
2856,1146,111,8,5717520.0,714690.0,452,2023-09-20,2023,9,3,Optimize Dynamic Web Services,Books,Premium,Bà Nhật Đặng
2857,308,11,9,5517117.0,613013.0,364,2024-05-12,2024,5,2,Envisioneer Cross-Media Paradigms,Food,Premium,Bà Duyên Trần
2858,1646,219,14,6804980.0,486070.0,207,2024-08-03,2024,8,3,Matrix Vertical Systems,Books,Mid,
2859,1039,177,9,4135248.0,459472.0,16,2024-01-10,2024,1,1,Strategize Back-End Synergies,Sports,Mid,
2860,645,125,4,11812992.0,2953248.0,202,2023-05-15,2023,5,2,Morph Holistic Interfaces,Clothing,Luxury,
2861,675,138,19,72552792.0,3818568.0,280,2024-01-10,2024,1,1,Empower Enterprise Architectures,Food,Luxury,Quý cô Ánh Hoàng
2862,366,248,15,14480985.0,965399.0,1,2023-12-03,2023,12,4,Syndicate Efficient Relationships,Food,Premium,
2863,1977,296,18,21430746.0,1190597.0,203,2023-04-07,2023,4,2,Target Proactive Relationships,Clothing,Premium,
2864,1816,47,8,26930136.0,3366267.0,325,2023-06-24,2023,6,2,Morph Front-End Schemas,Food,Luxury,Phúc Vũ
2865,1478,52,7,12194770.0,1742110.0,440,2023-05-22,2023,5,2,Re-Contextualize Dynamic Experiences,Clothing,Premium,Chị Hạnh Dương
2866,389,297,18,42219648.0,2345536.0,164,2023-09-27,2023,9,3,Incentivize Leading-Edge Bandwidth,Electronics,Luxury,
2867,1386,259,8,15420864.0,1927608.0,262,2024-05-04,2024,5,2,Matrix Back-End Initiatives,Furniture,Premium,
2868,1563,135,19,12501677.0,657983.0,497,2023-03-07,2023,3,1,Engage Bricks-And-Clicks E-Markets,Furniture,Premium,Chị Hồng Trần
2869,95,150,12,52675308.0,4389609.0,143,2024-03-24,2024,3,1,Drive Collaborative Communities,Electronics,Luxury,
2870,1158,107,4,7162304.0,1790576.0,154,2023-07-13,2023,7,3,Target Vertical E-Markets,Books,Premium,
2871,1878,60,11,24719937.0,2247267.0,85,2024-11-16,2024,11,4,Drive Mission-Critical Web-Readiness,Sports,Luxury,
2872,330,176,12,4130388.0,344199.0,463,2024-08-29,2024,8,3,Synergize Integrated Convergence,Furniture,Mid,
2873,830,250,13,11672856.0,897912.0,150,2024-07-18,2024,7,3,Productize Magnetic Functionalities,Furniture,Premium,
2874,590,4,4,13013728.0,3253432.0,300,2023-01-12,2023,1,1,Exploit 24/365 Models,Books,Luxury,
2875,191,244,1,3379011.0,3379011.0,133,2023-05-10,2023,5,2,Generate Holistic E-Commerce,Electronics,Luxury,Thành Dương
2876,403,297,7,16418752.0,2345536.0,173,2023-01-19,2023,1,1,Incentivize Leading-Edge Bandwidth,Electronics,Luxury,Quý ông Vũ Lê
2877,1808,100,8,21083080.0,2635385.0,190,2023-02-28,2023,2,1,Unleash Magnetic Action-Items,Clothing,Luxury,
2878,1307,233,16,33827840.0,2114240.0,146,2024-12-27,2024,12,4,Monetize Cross-Media Users,Books,Luxury,
2879,373,35,20,51670660.0,2583533.0,141,2024-06-19,2024,6,2,Syndicate Compelling Web Services,Books,Luxury,
2880,781,228,17,44676085.0,2628005.0,327,2023-02-27,2023,2,1,Envisioneer Collaborative Applications,Food,Luxury,Hạnh Thị Nguyễn
2881,1272,52,1,1742110.0,1742110.0,323,2023-05-19,2023,5,2,Re-Contextualize Dynamic Experiences,Clothing,Premium,Thành Bảo Bùi
2882,271,63,11,25357530.0,2305230.0,92,2023-04-06,2023,4,2,Seize Web-Enabled Solutions,Electronics,Luxury,Bảo Hoàng Bùi
2883,647,295,3,6334185.0,2111395.0,147,2024-12-04,2024,12,4,Evolve Value-Added Users,Electronics,Luxury,Hà Hải Dương
2884,977,127,7,20685280.0,2955040.0,132,2024-03-23,2024,3,1,Extend Magnetic Schemas,Furniture,Luxury,Tú Đặng
2885,373,23,2,2424002.0,1212001.0,141,2024-06-19,2024,6,2,Morph World-Class E-Markets,Furniture,Premium,
2886,443,212,10,26438720.0,2643872.0,164,2023-08-08,2023,8,3,Reinvent Distributed E-Commerce,Books,Luxury,
2887,361,218,14,55429472.0,3959248.0,354,2023-04-02,2023,4,2,Target Impactful Deliverables,Books,Luxury,Phương Hoàng
2888,578,124,18,43434540.0,2413030.0,85,2023-12-28,2023,12,4,Extend Global Applications,Books,Luxury,
2889,207,78,1,4835083.0,4835083.0,67,2024-07-20,2024,7,3,Leverage Visionary Experiences,Clothing,Luxury,
2890,478,203,5,4471620.0,894324.0,35,2023-12-13,2023,12,4,Benchmark Proactive Systems,Furniture,Premium,Khoa Trần
2891,1321,45,4,302604.0,75651.0,62,2024-01-06,2024,1,1,Morph 24/7 E-Business,Sports,Budget,Thành Mai
2892,940,136,7,15002596.0,2143228.0,433,2023-05-21,2023,5,2,Expedite Mission-Critical Web-Readiness,Electronics,Luxury,Cô Mai Trần
2893,71,18,4,8076340.0,2019085.0,184,2024-06-14,2024,6,2,Empower Dot-Com Applications,Food,Luxury,Linh Vũ
2894,326,114,10,6348470.0,634847.0,24,2023-09-05,2023,9,3,Whiteboard Enterprise Channels,Food,Premium,Châu Mai Đặng
2895,1965,231,14,64982666.0,4641619.0,404,2024-01-05,2024,1,1,Reinvent Frictionless Supply-Chains,Sports,Luxury,Ngọc Mai
2896,893,157,20,45793480.0,2289674.0,48,2023-07-23,2023,7,3,Cultivate Integrated Portals,Books,Luxury,
2897,1071,5,16,31544800.0,1971550.0,417,2023-12-17,2023,12,4,Redefine 24/365 Architectures,Books,Premium,
2898,242,139,4,10932464.0,2733116.0,249,2023-04-11,2023,4,2,Architect Innovative Systems,Electronics,Luxury,Bà Yến Trần
2899,225,284,5,12206745.0,2441349.0,384,2024-01-27,2024,1,1,Re-Intermediate Mission-Critical E-Markets,Sports,Luxury,
2900,1071,44,7,2362836.0,337548.0,417,2023-12-17,2023,12,4,Harness User-Centric Bandwidth,Electronics,Mid,
2901,444,153,19,6040670.0,317930.0,487,2023-09-20,2023,9,3,Repurpose Turn-Key Relationships,Sports,Mid,
2902,302,185,6,7731378.0,1288563.0,210,2023-01-05,2023,1,1,Disintermediate Strategic Deliverables,Clothing,Premium,Trung Nguyễn
2903,572,241,10,30496830.0,3049683.0,66,2024-01-30,2024,1,1,Drive One-To-One Portals,Food,Luxury,
2904,540,216,2,9087948.0,4543974.0,41,2023-12-09,2023,12,4,Whiteboard Killer Convergence,Clothing,Luxury,Phương Đức Mai
2905,1854,295,14,29559530.0,2111395.0,303,2024-06-16,2024,6,2,Evolve Value-Added Users,Electronics,Luxury,Khoa Phú Hoàng
2906,1271,23,4,4848004.0,1212001.0,325,2023-05-14,2023,5,2,Morph World-Class E-Markets,Furniture,Premium,Phúc Vũ
2907,1792,169,1,2367734.0,2367734.0,445,2023-08-07,2023,8,3,Cultivate Scalable Applications,Books,Luxury,Ánh Lê
2908,477,108,14,56071456.0,4005104.0,209,2023-02-11,2023,2,1,Generate Value-Added Convergence,Clothing,Luxury,Hải Phú Hoàng
2909,1681,89,11,8656329.0,786939.0,238,2024-03-27,2024,3,1,Facilitate Rich Paradigms,Sports,Premium,Trọng Văn Nguyễn
2910,1364,265,10,33607140.0,3360714.0,87,2024-01-21,2024,1,1,Incubate Magnetic E-Business,Food,Luxury,Anh Hoàng Hoàng
2911,1691,79,18,55722438.0,3095691.0,91,2024-07-12,2024,7,3,Syndicate Rich Initiatives,Clothing,Luxury,
2912,291,40,6,10722360.0,1787060.0,226,2023-02-13,2023,2,1,Facilitate Distributed Markets,Books,Premium,
2913,1757,210,18,10387314.0,577073.0,279,2023-02-24,2023,2,1,Maximize Robust Convergence,Electronics,Premium,Kim Phú Bùi
2914,661,158,13,12620660.0,970820.0,107,2023-02-27,2023,2,1,Synergize Viral Platforms,Food,Premium,
2915,1781,6,7,19352718.0,2764674.0,341,2024-06-22,2024,6,2,Whiteboard Impactful Networks,Furniture,Luxury,Bác Dũng Bùi
2916,1674,169,6,14206404.0,2367734.0,378,2024-02-19,2024,2,1,Cultivate Scalable Applications,Books,Luxury,
2917,1200,229,10,24677400.0,2467740.0,84,2023-12-09,2023,12,4,Streamline Viral Synergies,Furniture,Luxury,
2918,647,112,7,17983518.0,2569074.0,147,2024-12-04,2024,12,4,Harness Customized E-Markets,Books,Luxury,Hà Hải Dương
2919,1916,299,2,3279654.0,1639827.0,99,2024-06-18,2024,6,2,Streamline Rich Communities,Clothing,Premium,
2920,507,18,6,12114510.0,2019085.0,441,2024-07-03,2024,7,3,Empower Dot-Com Applications,Food,Luxury,Chị Xuân Mai
2921,328,46,15,72610170.0,4840678.0,166,2023-10-22,2023,10,4,Syndicate Dynamic E-Commerce,Electronics,Luxury,Khoa Phú Hoàng
2922,69,41,3,14161986.0,4720662.0,57,2024-02-06,2024,2,1,Harness Compelling Partnerships,Books,Luxury,Hoàng Hoàng
2923,1758,2,14,34799464.0,2485676.0,77,2023-01-24,2023,1,1,Re-Intermediate Mission-Critical Functionalities,Books,Luxury,Nam Lê
2924,1992,136,14,30005192.0,2143228.0,138,2023-02-01,2023,2,1,Expedite Mission-Critical Web-Readiness,Electronics,Luxury,Dương Hoàng
2925,22,290,3,7807710.0,2602570.0,449,2023-12-10,2023,12,4,Enhance End-To-End Eyeballs,Sports,Luxury,
2926,1095,63,15,34578450.0,2305230.0,344,2023-02-06,2023,2,1,Seize Web-Enabled Solutions,Electronics,Luxury,Kim Đức Hoàng
2927,468,6,17,46999458.0,2764674.0,173,2023-07-21,2023,7,3,Whiteboard Impactful Networks,Furniture,Luxury,Quý ông Vũ Lê
2928,1705,211,13,39404183.0,3031091.0,478,2023-01-26,2023,1,1,Optimize Proactive Systems,Books,Luxury,
2929,376,186,3,11998911.0,3999637.0,348,2023-11-19,2023,11,4,Visualize Revolutionary Partnerships,Sports,Luxury,Bà Hà Nguyễn
2930,1390,183,9,7036911.0,781879.0,206,2023-08-01,2023,8,3,Seize Innovative Methodologies,Electronics,Premium,Quang Bùi
2931,747,130,10,41035330.0,4103533.0,90,2023-12-30,2023,12,4,Leverage Rich Paradigms,Electronics,Luxury,
2932,132,132,14,34800346.0,2485739.0,296,2024-09-16,2024,9,3,Streamline Compelling Communities,Electronics,Luxury,Trọng Văn Hoàng
2933,1079,28,11,41995272.0,3817752.0,344,2024-09-04,2024,9,3,Cultivate Dot-Com Deliverables,Books,Luxury,Kim Đức Hoàng
2934,1873,219,6,2916420.0,486070.0,498,2023-01-25,2023,1,1,Matrix Vertical Systems,Books,Mid,
2935,292,249,11,34347412.0,3122492.0,190,2024-03-10,2024,3,1,Syndicate E-Business Systems,Clothing,Luxury,
2936,1151,147,19,56933918.0,2996522.0,137,2023-06-26,2023,6,2,Disintermediate Cutting-Edge Info-Mediaries,Electronics,Luxury,Quý cô Linh Lê
2937,1598,255,12,28518516.0,2376543.0,39,2023-05-24,2023,5,2,Brand Distributed Models,Books,Luxury,
2938,306,182,10,8809290.0,880929.0,138,2024-07-24,2024,7,3,Brand Rich Action-Items,Books,Premium,Dương Hoàng
2939,66,199,15,58193190.0,3879546.0,178,2024-04-01,2024,4,2,Utilize Impactful Deliverables,Clothing,Luxury,
2940,1538,150,3,13168827.0,4389609.0,361,2024-11-15,2024,11,4,Drive Collaborative Communities,Electronics,Luxury,
2941,1545,60,9,20225403.0,2247267.0,199,2024-01-25,2024,1,1,Drive Mission-Critical Web-Readiness,Sports,Luxury,
2942,1800,261,1,1904074.0,1904074.0,170,2023-10-15,2023,10,4,Exploit Back-End Markets,Sports,Premium,Quý cô Vân Phạm
2943,814,29,3,12926478.0,4308826.0,422,2024-07-31,2024,7,3,Scale Cutting-Edge Roi,Sports,Luxury,Ông Nam Mai
2944,1951,158,11,10679020.0,970820.0,144,2023-01-13,2023,1,1,Synergize Viral Platforms,Food,Premium,
2945,532,134,20,73861760.0,3693088.0,241,2024-10-08,2024,10,4,Matrix Revolutionary Applications,Electronics,Luxury,Vân Vũ
2946,81,171,5,630400.0,126080.0,429,2023-11-27,2023,11,4,Aggregate Synergistic Partnerships,Food,Mid,Hạnh Bùi
2947,36,254,2,9533816.0,4766908.0,32,2024-10-02,2024,10,4,Syndicate Distributed E-Business,Sports,Luxury,Thảo Vũ
2948,958,240,7,30013151.0,4287593.0,244,2023-01-30,2023,1,1,Streamline Extensible E-Commerce,Electronics,Luxury,Hương Bùi
2949,662,181,2,8774966.0,4387483.0,173,2024-02-02,2024,2,1,Orchestrate End-To-End Markets,Electronics,Luxury,Quý ông Vũ Lê
2950,1854,58,18,15259896.0,847772.0,303,2024-06-16,2024,6,2,Benchmark Seamless Bandwidth,Books,Premium,Khoa Phú Hoàng
2951,1730,49,2,770112.0,385056.0,493,2024-02-08,2024,2,1,Transition Impactful Info-Mediaries,Food,Mid,Châu Bùi
2952,1385,281,12,44873340.0,3739445.0,124,2024-06-06,2024,6,2,Strategize World-Class Content,Books,Luxury,Huy Bảo Mai
2953,1456,138,19,72552792.0,3818568.0,486,2023-04-19,2023,4,2,Empower Enterprise Architectures,Food,Luxury,Ông Hưng Mai
2954,1786,156,10,37865200.0,3786520.0,192,2024-01-26,2024,1,1,Target End-To-End Web Services,Food,Luxury,
2955,482,106,17,11748700.0,691100.0,376,2024-12-16,2024,12,4,Streamline Turn-Key E-Commerce,Furniture,Premium,Xuân Phạm
2956,1593,260,15,16849470.0,1123298.0,465,2023-01-02,2023,1,1,Revolutionize Frictionless Web Services,Clothing,Premium,
2957,553,90,18,27461052.0,1525614.0,236,2024-10-03,2024,10,4,Drive Collaborative Experiences,Electronics,Premium,
2958,1560,179,5,17454215.0,3490843.0,1,2024-09-24,2024,9,3,Streamline Value-Added Schemas,Food,Luxury,
2959,758,116,8,23194928.0,2899366.0,480,2023-12-30,2023,12,4,Cultivate 24/7 Communities,Sports,Luxury,Châu Tấn Mai
2960,743,29,18,77558868.0,4308826.0,425,2023-01-18,2023,1,1,Scale Cutting-Edge Roi,Sports,Luxury,Linh Bùi
2961,1392,162,16,69333376.0,4333336.0,160,2024-04-16,2024,4,2,Syndicate Best-Of-Breed Communities,Electronics,Luxury,
2962,340,209,16,7921104.0,495069.0,162,2024-03-08,2024,3,1,Evolve Visionary Content,Food,Mid,Dũng Mai
2963,1345,238,18,6974820.0,387490.0,481,2023-02-09,2023,2,1,Enhance E-Business Architectures,Clothing,Mid,Hải Mai Lê
2964,938,70,7,17183103.0,2454729.0,352,2024-10-26,2024,10,4,Utilize Next-Generation Schemas,Food,Luxury,Nhật Đặng
2965,1724,284,1,2441349.0,2441349.0,254,2023-09-30,2023,9,3,Re-Intermediate Mission-Critical E-Markets,Sports,Luxury,
2966,344,288,5,10474395.0,2094879.0,202,2023-11-22,2023,11,4,Cultivate 24/365 E-Services,Sports,Luxury,
2967,1984,101,15,54116910.0,3607794.0,220,2023-08-13,2023,8,3,Extend Customized E-Tailers,Books,Luxury,Cô Khoa Nguyễn
2968,297,239,14,48564418.0,3468887.0,82,2024-05-09,2024,5,2,Cultivate Interactive E-Tailers,Furniture,Luxury,Bác Quang Đặng
2969,825,260,3,3369894.0,1123298.0,266,2023-07-01,2023,7,3,Revolutionize Frictionless Web Services,Clothing,Premium,Cô Ánh Trần
2970,1095,250,12,10774944.0,897912.0,344,2023-02-06,2023,2,1,Productize Magnetic Functionalities,Furniture,Premium,Kim Đức Hoàng
2971,1311,89,2,1573878.0,786939.0,215,2024-08-15,2024,8,3,Facilitate Rich Paradigms,Sports,Premium,
2972,548,125,4,11812992.0,2953248.0,209,2023-07-01,2023,7,3,Morph Holistic Interfaces,Clothing,Luxury,Hải Phú Hoàng
2973,1429,292,17,46282976.0,2722528.0,397,2023-04-15,2023,4,2,Disintermediate Strategic E-Markets,Clothing,Luxury,Thành Mai Hoàng
2974,902,101,2,7215588.0,3607794.0,387,2024-07-13,2024,7,3,Extend Customized E-Tailers,Books,Luxury,Anh Mai
2975,1998,36,15,6499740.0,433316.0,130,2024-10-05,2024,10,4,Extend Magnetic Supply-Chains,Food,Mid,Anh Tấn Bùi
2976,1745,215,10,22085900.0,2208590.0,477,2023-07-11,2023,7,3,Scale Impactful Deliverables,Furniture,Luxury,
2977,1316,212,16,42301952.0,2643872.0,400,2023-02-23,2023,2,1,Reinvent Distributed E-Commerce,Books,Luxury,Bác Trung Bùi
2978,1525,288,11,23043669.0,2094879.0,369,2024-06-30,2024,6,2,Cultivate 24/365 E-Services,Sports,Luxury,Trung Đức Đặng
2979,152,206,14,64206660.0,4586190.0,151,2024-07-27,2024,7,3,Expedite Viral E-Services,Sports,Luxury,
2980,337,288,12,25138548.0,2094879.0,406,2024-03-22,2024,3,1,Cultivate 24/365 E-Services,Sports,Luxury,Quý cô Thảo Nguyễn
2981,190,114,4,2539388.0,634847.0,101,2023-05-03,2023,5,2,Whiteboard Enterprise Channels,Food,Premium,
2982,499,7,16,25455872.0,1590992.0,14,2024-01-08,2024,1,1,Transition Transparent Markets,Books,Premium,Chị Hải Dương
2983,1075,26,12,33660468.0,2805039.0,31,2023-12-05,2023,12,4,Maximize Holistic E-Business,Food,Luxury,Bác Thành Nguyễn
2984,1112,199,7,27156822.0,3879546.0,118,2024-08-07,2024,8,3,Utilize Impactful Deliverables,Clothing,Luxury,Tùng Mai Mai
2985,1495,46,3,14522034.0,4840678.0,166,2023-12-10,2023,12,4,Syndicate Dynamic E-Commerce,Electronics,Luxury,Khoa Phú Hoàng
2986,43,78,13,62856079.0,4835083.0,444,2023-10-01,2023,10,4,Leverage Visionary Experiences,Clothing,Luxury,Hà Mai Dương
2987,1096,273,6,9046830.0,1507805.0,196,2023-06-14,2023,6,2,Evolve Enterprise Experiences,Food,Premium,
2988,1897,265,11,36967854.0,3360714.0,491,2024-11-09,2024,11,4,Incubate Magnetic E-Business,Food,Luxury,
2989,418,202,11,24258652.0,2205332.0,276,2023-02-22,2023,2,1,Strategize Revolutionary E-Markets,Sports,Luxury,Thành Hữu Đặng
2990,841,197,12,46806372.0,3900531.0,122,2024-10-23,2024,10,4,Scale Plug-And-Play E-Services,Electronics,Luxury,
2991,320,72,6,19072152.0,3178692.0,37,2024-07-11,2024,7,3,Strategize Clicks-And-Mortar Methodologies,Books,Luxury,
2992,1545,300,12,37719312.0,3143276.0,199,2024-01-25,2024,1,1,E-Enable B2B Initiatives,Electronics,Luxury,
2993,1200,220,4,15430576.0,3857644.0,84,2023-12-09,2023,12,4,Generate Killer Mindshare,Sports,Luxury,
2994,1535,280,12,10885176.0,907098.0,166,2024-09-16,2024,9,3,Mesh Leading-Edge E-Commerce,Furniture,Premium,Khoa Phú Hoàng
2995,617,142,14,62616624.0,4472616.0,319,2023-05-08,2023,5,2,Maximize Proactive Action-Items,Books,Luxury,
2996,1555,43,8,12283592.0,1535449.0,281,2023-10-19,2023,10,4,Reinvent Compelling Synergies,Furniture,Premium,
2997,217,149,5,15984785.0,3196957.0,343,2024-08-06,2024,8,3,Incubate Collaborative Vortals,Books,Luxury,
2998,1003,219,10,4860700.0,486070.0,57,2023-12-18,2023,12,4,Matrix Vertical Systems,Books,Mid,Hoàng Hoàng
2999,537,221,15,25430325.0,1695355.0,480,2024-04-11,2024,4,2,Innovate Scalable Action-Items,Furniture,Premium,Châu Tấn Mai
3000,779,50,2,5120748.0,2560374.0,488,2023-11-13,2023,11,4,Visualize One-To-One E-Business,Books,Luxury,Thành Mai
3001,1951,166,19,53019405.0,2790495.0,144,2023-01-13,2023,1,1,Seize Virtual Vortals,Food,Luxury,
3002,1096,243,15,27239025.0,1815935.0,196,2023-06-14,2023,6,2,Streamline Turn-Key Supply-Chains,Electronics,Premium,
3003,1487,32,2,7970558.0,3985279.0,301,2023-06-22,2023,6,2,Iterate Intuitive Networks,Clothing,Luxury,
3004,219,19,10,11962290.0,1196229.0,176,2024-04-09,2024,4,2,Strategize B2B Partnerships,Clothing,Premium,
3005,1351,50,8,20482992.0,2560374.0,220,2024-01-02,2024,1,1,Visualize One-To-One E-Business,Books,Luxury,Cô Khoa Nguyễn
3006,1615,224,16,43852608.0,2740788.0,106,2023-10-10,2023,10,4,E-Enable Robust Communities,Books,Luxury,Nhật Nguyễn
3007,1200,247,10,43969060.0,4396906.0,84,2023-12-09,2023,12,4,Synthesize Scalable Methodologies,Books,Luxury,
3008,843,132,1,2485739.0,2485739.0,240,2023-08-16,2023,8,3,Streamline Compelling Communities,Electronics,Luxury,Phúc Trí Dương
3009,625,184,9,5340924.0,593436.0,351,2024-02-12,2024,2,1,Deploy Extensible Infrastructures,Food,Premium,
3010,1799,126,7,21793940.0,3113420.0,436,2023-01-21,2023,1,1,Enable Impactful Communities,Electronics,Luxury,
3011,1500,125,11,32485728.0,2953248.0,416,2024-03-21,2024,3,1,Morph Holistic Interfaces,Clothing,Luxury,
3012,1032,226,8,18868008.0,2358501.0,193,2023-11-01,2023,11,4,Evolve Rich Experiences,Electronics,Luxury,Nhật Phạm
3013,216,138,5,19092840.0,3818568.0,350,2023-06-04,2023,6,2,Empower Enterprise Architectures,Food,Luxury,
3014,655,193,5,10972220.0,2194444.0,156,2023-10-25,2023,10,4,Disintermediate Bricks-And-Clicks Partnerships,Food,Luxury,Bảo Văn Bùi
3015,82,109,2,2983024.0,1491512.0,31,2024-06-09,2024,6,2,Incubate World-Class Systems,Food,Premium,Bác Thành Nguyễn
3016,375,94,6,1941408.0,323568.0,250,2023-09-04,2023,9,3,Morph Web-Enabled Convergence,Electronics,Mid,Quý ông Nam Nguyễn
3017,109,195,2,4467946.0,2233973.0,163,2023-04-25,2023,4,2,Leverage World-Class Vortals,Food,Luxury,
3018,752,149,12,38363484.0,3196957.0,92,2024-02-04,2024,2,1,Incubate Collaborative Vortals,Books,Luxury,Bảo Hoàng Bùi
3019,1778,36,19,8233004.0,433316.0,330,2023-07-14,2023,7,3,Extend Magnetic Supply-Chains,Food,Mid,Lâm Xuân Trần
3020,621,169,1,2367734.0,2367734.0,84,2023-12-30,2023,12,4,Cultivate Scalable Applications,Books,Luxury,
3021,755,107,20,35811520.0,1790576.0,124,2023-08-29,2023,8,3,Target Vertical E-Markets,Books,Premium,Huy Bảo Mai
3022,11,96,3,10581549.0,3527183.0,287,2024-12-14,2024,12,4,Orchestrate Magnetic Eyeballs,Books,Luxury,Quý cô Khoa Bùi
3023,435,148,14,20711810.0,1479415.0,188,2023-02-19,2023,2,1,Unleash Distributed Web-Readiness,Electronics,Premium,Hạnh Hữu Mai
3024,625,292,5,13612640.0,2722528.0,351,2024-02-12,2024,2,1,Disintermediate Strategic E-Markets,Clothing,Luxury,
3025,1715,87,7,31683785.0,4526255.0,12,2023-05-28,2023,5,2,Transition Next-Generation Vortals,Sports,Luxury,
3026,643,191,7,30040192.0,4291456.0,150,2024-04-28,2024,4,2,Envisioneer Back-End E-Services,Books,Luxury,
3027,1347,279,12,1080708.0,90059.0,369,2023-12-28,2023,12,4,Generate B2C Web-Readiness,Food,Budget,Trung Đức Đặng
3028,247,278,1,4637673.0,4637673.0,123,2024-06-01,2024,6,2,Productize Dot-Com Deliverables,Furniture,Luxury,
3029,1553,230,10,30422670.0,3042267.0,430,2024-04-11,2024,4,2,E-Enable Intuitive Content,Food,Luxury,Phương Văn Nguyễn
3030,1500,240,6,25725558.0,4287593.0,416,2024-03-21,2024,3,1,Streamline Extensible E-Commerce,Electronics,Luxury,
3031,1469,82,1,4833637.0,4833637.0,126,2023-01-11,2023,1,1,Extend 24/365 Web Services,Electronics,Luxury,Quý cô Khoa Vũ
3032,172,142,10,44726160.0,4472616.0,263,2024-10-28,2024,10,4,Maximize Proactive Action-Items,Books,Luxury,
3033,503,184,12,7121232.0,593436.0,397,2024-01-05,2024,1,1,Deploy Extensible Infrastructures,Food,Premium,Thành Mai Hoàng
3034,900,68,13,42009006.0,3231462.0,249,2023-11-11,2023,11,4,Matrix Customized Platforms,Furniture,Luxury,Bà Yến Trần
3035,307,118,13,8727901.0,671377.0,294,2023-08-13,2023,8,3,Incentivize Seamless Technologies,Electronics,Premium,Thành Thị Bùi
3036,1038,203,17,15203508.0,894324.0,4,2024-08-28,2024,8,3,Benchmark Proactive Systems,Furniture,Premium,Khoa Lê
3037,587,16,16,18608192.0,1163012.0,459,2023-10-20,2023,10,4,Streamline Killer Relationships,Sports,Premium,Khoa Thế Phạm
3038,1074,24,15,23904930.0,1593662.0,24,2023-07-18,2023,7,3,Optimize Open-Source Infrastructures,Furniture,Premium,Châu Mai Đặng
3039,1219,211,7,21217637.0,3031091.0,488,2023-02-16,2023,2,1,Optimize Proactive Systems,Books,Luxury,Thành Mai
3040,1794,145,12,44082984.0,3673582.0,27,2023-04-24,2023,4,2,Incentivize B2B Roi,Electronics,Luxury,
3041,707,168,5,9166805.0,1833361.0,265,2023-05-05,2023,5,2,Synthesize Virtual E-Markets,Furniture,Premium,
3042,63,148,18,26629470.0,1479415.0,332,2023-08-12,2023,8,3,Unleash Distributed Web-Readiness,Electronics,Premium,
3043,1357,249,4,12489968.0,3122492.0,74,2024-10-31,2024,10,4,Syndicate E-Business Systems,Clothing,Luxury,
3044,1155,256,19,30494582.0,1604978.0,247,2023-06-27,2023,6,2,Incentivize Customized E-Services,Clothing,Premium,Nhật Phạm
3045,1285,279,5,450295.0,90059.0,4,2024-06-26,2024,6,2,Generate B2C Web-Readiness,Food,Budget,Khoa Lê
3046,959,241,16,48794928.0,3049683.0,488,2024-11-01,2024,11,4,Drive One-To-One Portals,Food,Luxury,Thành Mai
3047,1026,40,5,8935300.0,1787060.0,92,2023-12-26,2023,12,4,Facilitate Distributed Markets,Books,Premium,Bảo Hoàng Bùi
3048,661,72,17,54037764.0,3178692.0,107,2023-02-27,2023,2,1,Strategize Clicks-And-Mortar Methodologies,Books,Luxury,
3049,615,286,5,22208395.0,4441679.0,70,2024-01-30,2024,1,1,Transform Dynamic Models,Clothing,Luxury,
3050,853,193,15,32916660.0,2194444.0,268,2024-08-21,2024,8,3,Disintermediate Bricks-And-Clicks Partnerships,Food,Luxury,Khoa Bùi
3051,812,153,17,5404810.0,317930.0,106,2023-01-01,2023,1,1,Repurpose Turn-Key Relationships,Sports,Mid,Nhật Nguyễn
3052,870,213,16,36242048.0,2265128.0,405,2023-08-10,2023,8,3,Repurpose Cutting-Edge Interfaces,Sports,Luxury,
3053,1701,90,5,7628070.0,1525614.0,469,2023-10-11,2023,10,4,Drive Collaborative Experiences,Electronics,Premium,Bác Thành Vũ
3054,938,181,14,61424762.0,4387483.0,352,2024-10-26,2024,10,4,Orchestrate End-To-End Markets,Electronics,Luxury,Nhật Đặng
3055,1089,226,7,16509507.0,2358501.0,34,2023-11-05,2023,11,4,Evolve Rich Experiences,Electronics,Luxury,Phúc Hoàng
3056,909,217,12,31843872.0,2653656.0,419,2024-05-12,2024,5,2,Deliver Wireless Metrics,Clothing,Luxury,
3057,554,238,2,774980.0,387490.0,312,2023-10-07,2023,10,4,Enhance E-Business Architectures,Clothing,Mid,
3058,79,87,11,49788805.0,4526255.0,138,2024-08-11,2024,8,3,Transition Next-Generation Vortals,Sports,Luxury,Dương Hoàng
3059,200,65,18,55689876.0,3093882.0,335,2023-07-20,2023,7,3,Integrate Proactive Interfaces,Clothing,Luxury,Quý cô Dương Phạm
3060,1162,286,4,17766716.0,4441679.0,232,2023-04-20,2023,4,2,Transform Dynamic Models,Clothing,Luxury,Phương Dương
3061,851,247,15,65953590.0,4396906.0,17,2023-08-17,2023,8,3,Synthesize Scalable Methodologies,Books,Luxury,
3062,1133,54,19,37551581.0,1976399.0,170,2023-04-06,2023,4,2,Benchmark Killer Paradigms,Clothing,Premium,Quý cô Vân Phạm
3063,1044,172,9,33330942.0,3703438.0,118,2023-09-19,2023,9,3,Seize Virtual Functionalities,Sports,Luxury,Tùng Mai Mai
3064,215,148,6,8876490.0,1479415.0,92,2024-07-04,2024,7,3,Unleash Distributed Web-Readiness,Electronics,Premium,Bảo Hoàng Bùi
3065,1284,156,4,15146080.0,3786520.0,168,2023-11-08,2023,11,4,Target End-To-End Web Services,Food,Luxury,Bác Hưng Lê
3066,979,26,15,42075585.0,2805039.0,405,2024-03-04,2024,3,1,Maximize Holistic E-Business,Food,Luxury,
3067,1806,86,5,3795245.0,759049.0,238,2024-12-12,2024,12,4,Orchestrate Best-Of-Breed Info-Mediaries,Sports,Premium,Trọng Văn Nguyễn
3068,1280,138,5,19092840.0,3818568.0,421,2024-09-03,2024,9,3,Empower Enterprise Architectures,Food,Luxury,Khoa Phạm
3069,201,258,10,1303160.0,130316.0,167,2024-04-11,2024,4,2,Deliver Killer Info-Mediaries,Food,Mid,Hải Đặng
3070,1951,35,15,38752995.0,2583533.0,144,2023-01-13,2023,1,1,Syndicate Compelling Web Services,Books,Luxury,
3071,1702,108,8,32040832.0,4005104.0,382,2023-02-17,2023,2,1,Generate Value-Added Convergence,Clothing,Luxury,
3072,1169,240,3,12862779.0,4287593.0,154,2024-02-15,2024,2,1,Streamline Extensible E-Commerce,Electronics,Luxury,
3073,934,58,17,14412124.0,847772.0,38,2024-03-04,2024,3,1,Benchmark Seamless Bandwidth,Books,Premium,Lan Vũ
3074,850,281,7,26176115.0,3739445.0,213,2023-02-25,2023,2,1,Strategize World-Class Content,Books,Luxury,
3075,736,116,7,20295562.0,2899366.0,124,2024-12-07,2024,12,4,Cultivate 24/7 Communities,Sports,Luxury,Huy Bảo Mai
3076,31,241,1,3049683.0,3049683.0,271,2023-12-21,2023,12,4,Drive One-To-One Portals,Food,Luxury,Hạnh Phú Vũ
3077,597,27,5,2188175.0,437635.0,392,2023-04-04,2023,4,2,Incentivize Compelling Relationships,Sports,Mid,Hải Hải Vũ
3078,518,286,1,4441679.0,4441679.0,205,2023-07-06,2023,7,3,Transform Dynamic Models,Clothing,Luxury,
3079,1965,220,20,77152880.0,3857644.0,404,2024-01-05,2024,1,1,Generate Killer Mindshare,Sports,Luxury,Ngọc Mai
3080,194,16,19,22097228.0,1163012.0,148,2024-08-06,2024,8,3,Streamline Killer Relationships,Sports,Premium,
3081,1033,19,1,1196229.0,1196229.0,270,2023-06-13,2023,6,2,Strategize B2B Partnerships,Clothing,Premium,
3082,1512,84,8,30974000.0,3871750.0,409,2024-06-06,2024,6,2,Grow Dynamic Communities,Sports,Luxury,Cô Hương Nguyễn
3083,61,276,18,71021880.0,3945660.0,261,2024-09-10,2024,9,3,Scale Dot-Com Web Services,Electronics,Luxury,Chị Thảo Đặng
3084,1239,53,6,23515170.0,3919195.0,373,2023-06-15,2023,6,2,Leverage Ubiquitous Architectures,Food,Luxury,Quý cô An Hoàng
3085,482,1,10,13990830.0,1399083.0,376,2024-12-16,2024,12,4,Engineer Next-Generation Infrastructures,Furniture,Premium,Xuân Phạm
3086,259,47,2,6732534.0,3366267.0,153,2023-03-05,2023,3,1,Morph Front-End Schemas,Food,Luxury,Bảo Hoàng
3087,373,99,17,44598208.0,2623424.0,141,2024-06-19,2024,6,2,Synthesize Enterprise Synergies,Clothing,Luxury,
3088,732,254,4,19067632.0,4766908.0,381,2023-08-22,2023,8,3,Syndicate Distributed E-Business,Sports,Luxury,Hà Đức Bùi
3089,1050,209,13,6435897.0,495069.0,140,2024-11-30,2024,11,4,Evolve Visionary Content,Food,Mid,
3090,481,16,3,3489036.0,1163012.0,61,2024-03-25,2024,3,1,Streamline Killer Relationships,Sports,Premium,Chị Linh Phạm
3091,1917,7,1,1590992.0,1590992.0,109,2023-01-13,2023,1,1,Transition Transparent Markets,Books,Premium,An Hữu Đặng
3092,669,240,9,38588337.0,4287593.0,279,2023-10-05,2023,10,4,Streamline Extensible E-Commerce,Electronics,Luxury,Kim Phú Bùi
3093,225,206,4,18344760.0,4586190.0,384,2024-01-27,2024,1,1,Expedite Viral E-Services,Sports,Luxury,
3094,1373,178,16,74394272.0,4649642.0,391,2023-01-30,2023,1,1,Whiteboard Next-Generation Platforms,Electronics,Luxury,
3095,1503,18,5,10095425.0,2019085.0,480,2023-05-12,2023,5,2,Empower Dot-Com Applications,Food,Luxury,Châu Tấn Mai
3096,867,222,18,65203308.0,3622406.0,52,2023-03-19,2023,3,1,Enable Customized Architectures,Furniture,Luxury,Kim Quang Phạm
3097,1854,110,9,23733900.0,2637100.0,303,2024-06-16,2024,6,2,Matrix 24/7 Metrics,Sports,Luxury,Khoa Phú Hoàng
3098,159,31,17,13376705.0,786865.0,252,2023-03-01,2023,3,1,Expedite Transparent Niches,Clothing,Premium,
3099,925,102,16,40514688.0,2532168.0,387,2023-12-17,2023,12,4,Strategize Customized Schemas,Food,Luxury,Anh Mai
3100,112,52,20,34842200.0,1742110.0,195,2024-09-17,2024,9,3,Re-Contextualize Dynamic Experiences,Clothing,Premium,
3101,1223,161,13,30509843.0,2346911.0,454,2023-03-17,2023,3,1,Innovate Proactive Web-Readiness,Books,Luxury,
3102,532,239,16,55502192.0,3468887.0,241,2024-10-08,2024,10,4,Cultivate Interactive E-Tailers,Furniture,Luxury,Vân Vũ
3103,576,89,2,1573878.0,786939.0,115,2024-05-08,2024,5,2,Facilitate Rich Paradigms,Sports,Premium,
3104,1896,256,8,12839824.0,1604978.0,123,2023-03-02,2023,3,1,Incentivize Customized E-Services,Clothing,Premium,
3105,278,158,9,8737380.0,970820.0,184,2024-10-09,2024,10,4,Synergize Viral Platforms,Food,Premium,Linh Vũ
3106,1289,14,10,20100470.0,2010047.0,2,2024-03-06,2024,3,1,Cultivate Back-End Info-Mediaries,Food,Luxury,Quý cô Kim Phạm
3107,1963,273,19,28648295.0,1507805.0,346,2024-02-14,2024,2,1,Evolve Enterprise Experiences,Food,Premium,Phương Hoàng
3108,1752,221,16,27125680.0,1695355.0,231,2024-11-14,2024,11,4,Innovate Scalable Action-Items,Furniture,Premium,Hạnh Phạm
3109,1686,197,11,42905841.0,3900531.0,264,2024-05-17,2024,5,2,Scale Plug-And-Play E-Services,Electronics,Luxury,Nhật Đức Mai
3110,1907,233,18,38056320.0,2114240.0,258,2024-06-16,2024,6,2,Monetize Cross-Media Users,Books,Luxury,
3111,1846,119,19,13015399.0,685021.0,9,2023-11-27,2023,11,4,Unleash Holistic Solutions,Electronics,Premium,Bác Trung Phạm
3112,1365,36,20,8666320.0,433316.0,434,2023-09-06,2023,9,3,Extend Magnetic Supply-Chains,Food,Mid,
3113,1329,37,9,13872330.0,1541370.0,463,2024-04-11,2024,4,2,Scale Frictionless Models,Furniture,Premium,
3114,216,88,8,39083384.0,4885423.0,350,2023-06-04,2023,6,2,Drive Front-End E-Services,Electronics,Luxury,
3115,212,235,5,24232180.0,4846436.0,426,2024-12-29,2024,12,4,Mesh Proactive Relationships,Clothing,Luxury,
3116,1549,207,1,2792865.0,2792865.0,96,2024-07-30,2024,7,3,Benchmark Collaborative Bandwidth,Electronics,Luxury,Bà Bảo Bùi
3117,1659,220,16,61722304.0,3857644.0,402,2023-07-30,2023,7,3,Generate Killer Mindshare,Sports,Luxury,
3118,1526,36,12,5199792.0,433316.0,169,2023-01-29,2023,1,1,Extend Magnetic Supply-Chains,Food,Mid,Cô An Vũ
3119,1634,228,12,31536060.0,2628005.0,100,2023-11-26,2023,11,4,Envisioneer Collaborative Applications,Food,Luxury,Nhiên Phạm
3120,1782,257,5,3708235.0,741647.0,193,2023-10-19,2023,10,4,Embrace Intuitive E-Commerce,Electronics,Premium,Nhật Phạm
3121,393,297,18,42219648.0,2345536.0,243,2024-03-13,2024,3,1,Incentivize Leading-Edge Bandwidth,Electronics,Luxury,Bà Vân Phạm
3122,1948,205,16,24297136.0,1518571.0,262,2023-11-17,2023,11,4,Exploit Next-Generation E-Services,Books,Premium,
3123,1842,79,13,40243983.0,3095691.0,443,2023-08-01,2023,8,3,Syndicate Rich Initiatives,Clothing,Luxury,
3124,283,109,19,28338728.0,1491512.0,71,2024-05-08,2024,5,2,Incubate World-Class Systems,Food,Premium,Tú Hữu Nguyễn
3125,145,65,12,37126584.0,3093882.0,67,2024-05-28,2024,5,2,Integrate Proactive Interfaces,Clothing,Luxury,
3126,60,133,10,24593930.0,2459393.0,68,2023-01-15,2023,1,1,E-Enable Sticky Relationships,Furniture,Luxury,
3127,1626,44,2,675096.0,337548.0,451,2024-05-30,2024,5,2,Harness User-Centric Bandwidth,Electronics,Mid,
3128,591,258,2,260632.0,130316.0,400,2023-07-28,2023,7,3,Deliver Killer Info-Mediaries,Food,Mid,Bác Trung Bùi
3129,1169,148,7,10355905.0,1479415.0,154,2024-02-15,2024,2,1,Unleash Distributed Web-Readiness,Electronics,Premium,
3130,709,267,7,34382775.0,4911825.0,403,2024-10-20,2024,10,4,Drive Wireless Models,Clothing,Luxury,
3131,784,248,16,15446384.0,965399.0,343,2024-11-21,2024,11,4,Syndicate Efficient Relationships,Food,Premium,
3132,356,164,2,9920616.0,4960308.0,245,2024-05-31,2024,5,2,Enable Distributed Partnerships,Clothing,Luxury,An Xuân Lê
3133,1701,11,7,4291091.0,613013.0,469,2023-10-11,2023,10,4,Envisioneer Cross-Media Paradigms,Food,Premium,Bác Thành Vũ
3134,1483,220,7,27003508.0,3857644.0,390,2024-04-18,2024,4,2,Generate Killer Mindshare,Sports,Luxury,Khoa Hoàng
3135,976,22,20,35163820.0,1758191.0,66,2024-11-16,2024,11,4,Orchestrate Holistic Interfaces,Furniture,Premium,
3136,1718,191,17,72954752.0,4291456.0,471,2024-03-01,2024,3,1,Envisioneer Back-End E-Services,Books,Luxury,
3137,275,163,12,8439864.0,703322.0,415,2024-02-11,2024,2,1,Disintermediate Viral Convergence,Electronics,Premium,
3138,897,92,5,5897425.0,1179485.0,471,2024-02-21,2024,2,1,Unleash Innovative E-Business,Furniture,Premium,
3139,1406,297,4,9382144.0,2345536.0,261,2024-06-12,2024,6,2,Incentivize Leading-Edge Bandwidth,Electronics,Luxury,Chị Thảo Đặng
3140,1521,172,3,11110314.0,3703438.0,388,2024-01-24,2024,1,1,Seize Virtual Functionalities,Sports,Luxury,Kim Mai Đặng
3141,1837,144,14,1920240.0,137160.0,60,2023-11-28,2023,11,4,Integrate Bleeding-Edge Partnerships,Electronics,Mid,Cô Linh Hoàng
3142,671,119,3,2055063.0,685021.0,118,2023-08-07,2023,8,3,Unleash Holistic Solutions,Electronics,Premium,Tùng Mai Mai
3143,132,219,18,8749260.0,486070.0,296,2024-09-16,2024,9,3,Matrix Vertical Systems,Books,Mid,Trọng Văn Hoàng
3144,1515,162,6,26000016.0,4333336.0,201,2024-12-03,2024,12,4,Syndicate Best-Of-Breed Communities,Electronics,Luxury,
3145,1031,46,4,19362712.0,4840678.0,126,2024-04-15,2024,4,2,Syndicate Dynamic E-Commerce,Electronics,Luxury,Quý cô Khoa Vũ
3146,496,157,4,9158696.0,2289674.0,466,2023-02-25,2023,2,1,Cultivate Integrated Portals,Books,Luxury,An Nguyễn
3147,1617,55,4,14546204.0,3636551.0,26,2024-06-17,2024,6,2,Seize Efficient Communities,Food,Luxury,
3148,447,249,11,34347412.0,3122492.0,56,2024-06-12,2024,6,2,Syndicate E-Business Systems,Clothing,Luxury,
3149,170,18,9,18171765.0,2019085.0,36,2024-12-19,2024,12,4,Empower Dot-Com Applications,Food,Luxury,Cô Nhật Trần
3150,235,183,4,3127516.0,781879.0,137,2023-02-26,2023,2,1,Seize Innovative Methodologies,Electronics,Premium,Quý cô Linh Lê
3151,1430,29,17,73250042.0,4308826.0,237,2023-09-20,2023,9,3,Scale Cutting-Edge Roi,Sports,Luxury,
3152,1971,6,19,52528806.0,2764674.0,433,2023-01-13,2023,1,1,Whiteboard Impactful Networks,Furniture,Luxury,Cô Mai Trần
3153,1192,120,9,2220759.0,246751.0,96,2023-11-03,2023,11,4,Generate Collaborative Action-Items,Furniture,Mid,Bà Bảo Bùi
3154,901,299,3,4919481.0,1639827.0,22,2023-07-30,2023,7,3,Streamline Rich Communities,Clothing,Premium,
3155,1481,73,14,61816944.0,4415496.0,115,2023-04-15,2023,4,2,Utilize Scalable Synergies,Furniture,Luxury,
3156,1300,182,5,4404645.0,880929.0,277,2024-09-17,2024,9,3,Brand Rich Action-Items,Books,Premium,Dũng Vũ
3157,1911,112,2,5138148.0,2569074.0,385,2023-03-24,2023,3,1,Harness Customized E-Markets,Books,Luxury,Hà Mai
3158,1412,87,10,45262550.0,4526255.0,179,2024-08-05,2024,8,3,Transition Next-Generation Vortals,Sports,Luxury,Chị Nhật Lê
3159,1355,145,18,66124476.0,3673582.0,293,2024-02-23,2024,2,1,Incentivize B2B Roi,Electronics,Luxury,Lâm Nguyễn
3160,1576,97,14,61445636.0,4388974.0,213,2024-12-02,2024,12,4,Drive Strategic Convergence,Electronics,Luxury,
3161,313,272,19,75654960.0,3981840.0,89,2024-03-18,2024,3,1,Embrace 24/7 Architectures,Food,Luxury,Nhật Hải Trần
3162,1914,149,6,19181742.0,3196957.0,229,2024-03-11,2024,3,1,Incubate Collaborative Vortals,Books,Luxury,
3163,1559,172,17,62958446.0,3703438.0,327,2023-05-12,2023,5,2,Seize Virtual Functionalities,Sports,Luxury,Hạnh Thị Nguyễn
3164,1369,229,17,41951580.0,2467740.0,235,2024-03-20,2024,3,1,Streamline Viral Synergies,Furniture,Luxury,
3165,149,1,10,13990830.0,1399083.0,15,2024-04-02,2024,4,2,Engineer Next-Generation Infrastructures,Furniture,Premium,Hoàng Hoàng
3166,1657,125,18,53158464.0,2953248.0,94,2023-09-01,2023,9,3,Morph Holistic Interfaces,Clothing,Luxury,Kim Lê
3167,179,119,19,13015399.0,685021.0,284,2023-07-14,2023,7,3,Unleash Holistic Solutions,Electronics,Premium,
3168,1336,16,1,1163012.0,1163012.0,193,2024-01-25,2024,1,1,Streamline Killer Relationships,Sports,Premium,Nhật Phạm
3169,1490,147,13,38954786.0,2996522.0,212,2024-08-14,2024,8,3,Disintermediate Cutting-Edge Info-Mediaries,Electronics,Luxury,An Hải Mai
3170,1439,117,14,10403820.0,743130.0,402,2024-06-18,2024,6,2,Incubate Innovative Vortals,Electronics,Premium,
3171,972,73,8,35323968.0,4415496.0,18,2023-03-23,2023,3,1,Utilize Scalable Synergies,Furniture,Luxury,
3172,664,39,5,15239515.0,3047903.0,170,2023-12-01,2023,12,4,Monetize World-Class Deliverables,Sports,Luxury,Quý cô Vân Phạm
3173,628,130,19,77967127.0,4103533.0,446,2023-07-19,2023,7,3,Leverage Rich Paradigms,Electronics,Luxury,
3174,265,109,9,13423608.0,1491512.0,10,2024-06-15,2024,6,2,Incubate World-Class Systems,Food,Premium,
3175,94,285,12,665220.0,55435.0,414,2023-10-27,2023,10,4,Scale E-Business Web-Readiness,Clothing,Budget,
3176,1202,69,5,24559715.0,4911943.0,131,2023-05-11,2023,5,2,Morph Robust E-Markets,Sports,Luxury,Chị Lan Dương
3177,106,38,9,6996321.0,777369.0,386,2024-11-11,2024,11,4,Brand Clicks-And-Mortar Portals,Books,Premium,Quý ông Tú Phạm
3178,81,182,1,880929.0,880929.0,429,2023-11-27,2023,11,4,Brand Rich Action-Items,Books,Premium,Hạnh Bùi
3179,1130,211,5,15155455.0,3031091.0,166,2023-12-11,2023,12,4,Optimize Proactive Systems,Books,Luxury,Khoa Phú Hoàng
3180,413,198,20,19534260.0,976713.0,372,2024-02-06,2024,2,1,Orchestrate Leading-Edge Schemas,Sports,Premium,Hải Vũ
3181,1582,219,19,9235330.0,486070.0,141,2024-10-24,2024,10,4,Matrix Vertical Systems,Books,Mid,
3182,1668,281,12,44873340.0,3739445.0,291,2024-11-12,2024,11,4,Strategize World-Class Content,Books,Luxury,
3183,1834,55,7,25455857.0,3636551.0,235,2024-04-04,2024,4,2,Seize Efficient Communities,Food,Luxury,
3184,1026,168,15,27500415.0,1833361.0,92,2023-12-26,2023,12,4,Synthesize Virtual E-Markets,Furniture,Premium,Bảo Hoàng Bùi
3185,1845,45,10,756510.0,75651.0,414,2023-02-21,2023,2,1,Morph 24/7 E-Business,Sports,Budget,
3186,506,79,12,37148292.0,3095691.0,358,2024-02-07,2024,2,1,Syndicate Rich Initiatives,Clothing,Luxury,
3187,1369,115,5,15739085.0,3147817.0,235,2024-03-20,2024,3,1,Embrace Strategic Users,Food,Luxury,
3188,1616,181,9,39487347.0,4387483.0,378,2024-01-31,2024,1,1,Orchestrate End-To-End Markets,Electronics,Luxury,
3189,997,282,1,1374856.0,1374856.0,92,2024-12-06,2024,12,4,Utilize Frictionless Interfaces,Books,Premium,Bảo Hoàng Bùi
3190,1935,260,17,19096066.0,1123298.0,138,2023-06-20,2023,6,2,Revolutionize Frictionless Web Services,Clothing,Premium,Dương Hoàng
3191,1993,144,5,685800.0,137160.0,355,2023-01-16,2023,1,1,Integrate Bleeding-Edge Partnerships,Electronics,Mid,Cô Bảo Đặng
3192,133,133,6,14756358.0,2459393.0,39,2024-09-10,2024,9,3,E-Enable Sticky Relationships,Furniture,Luxury,
3193,1341,83,3,3731718.0,1243906.0,367,2024-01-09,2024,1,1,Unleash Viral Paradigms,Clothing,Premium,
3194,1551,150,3,13168827.0,4389609.0,241,2024-11-13,2024,11,4,Drive Collaborative Communities,Electronics,Luxury,Vân Vũ
3195,1891,105,20,44620840.0,2231042.0,300,2023-10-22,2023,10,4,Streamline E-Business Convergence,Furniture,Luxury,
3196,1430,250,8,7183296.0,897912.0,237,2023-09-20,2023,9,3,Productize Magnetic Functionalities,Furniture,Premium,
3197,715,294,5,21558760.0,4311752.0,298,2024-05-23,2024,5,2,E-Enable Strategic Functionalities,Clothing,Luxury,Hưng Vũ
3198,864,278,13,60289749.0,4637673.0,212,2023-09-20,2023,9,3,Productize Dot-Com Deliverables,Furniture,Luxury,An Hải Mai
3199,600,29,12,51705912.0,4308826.0,84,2023-12-09,2023,12,4,Scale Cutting-Edge Roi,Sports,Luxury,
3200,1307,73,2,8830992.0,4415496.0,146,2024-12-27,2024,12,4,Utilize Scalable Synergies,Furniture,Luxury,
3201,1036,29,18,77558868.0,4308826.0,211,2024-06-24,2024,6,2,Scale Cutting-Edge Roi,Sports,Luxury,Quý cô Dương Vũ
3202,225,136,14,30005192.0,2143228.0,384,2024-01-27,2024,1,1,Expedite Mission-Critical Web-Readiness,Electronics,Luxury,
3203,718,53,4,15676780.0,3919195.0,68,2024-06-09,2024,6,2,Leverage Ubiquitous Architectures,Food,Luxury,
3204,344,244,11,37169121.0,3379011.0,202,2023-11-22,2023,11,4,Generate Holistic E-Commerce,Electronics,Luxury,
3205,1127,167,1,1855290.0,1855290.0,82,2024-04-12,2024,4,2,Transform Cross-Platform Web-Readiness,Furniture,Premium,Bác Quang Đặng
3206,513,219,8,3888560.0,486070.0,439,2024-04-18,2024,4,2,Matrix Vertical Systems,Books,Mid,
3207,443,166,15,41857425.0,2790495.0,164,2023-08-08,2023,8,3,Seize Virtual Vortals,Food,Luxury,
3208,478,177,3,1378416.0,459472.0,35,2023-12-13,2023,12,4,Strategize Back-End Synergies,Sports,Mid,Khoa Trần
3209,302,62,10,9909060.0,990906.0,210,2023-01-05,2023,1,1,Expedite Seamless Roi,Furniture,Premium,Trung Nguyễn
3210,526,238,13,5037370.0,387490.0,340,2023-03-04,2023,3,1,Enhance E-Business Architectures,Clothing,Mid,
3211,981,250,5,4489560.0,897912.0,487,2023-01-23,2023,1,1,Productize Magnetic Functionalities,Furniture,Premium,
3212,1819,187,1,3569128.0,3569128.0,199,2024-12-14,2024,12,4,Maximize Bleeding-Edge Bandwidth,Furniture,Luxury,
3213,1010,73,8,35323968.0,4415496.0,102,2024-08-27,2024,8,3,Utilize Scalable Synergies,Furniture,Luxury,Hưng Nguyễn
3214,887,277,11,45898699.0,4172609.0,272,2023-09-24,2023,9,3,Maximize Dynamic Content,Clothing,Luxury,
3215,1788,56,19,75580214.0,3977906.0,244,2024-12-26,2024,12,4,Grow Open-Source Applications,Sports,Luxury,Hương Bùi
3216,1373,282,17,23372552.0,1374856.0,391,2023-01-30,2023,1,1,Utilize Frictionless Interfaces,Books,Premium,
3217,700,68,10,32314620.0,3231462.0,478,2024-10-29,2024,10,4,Matrix Customized Platforms,Furniture,Luxury,
3218,703,180,1,1479696.0,1479696.0,201,2023-08-05,2023,8,3,E-Enable Collaborative Technologies,Food,Premium,
3219,1187,49,2,770112.0,385056.0,449,2023-09-07,2023,9,3,Transition Impactful Info-Mediaries,Food,Mid,
3220,185,46,11,53247458.0,4840678.0,16,2023-01-10,2023,1,1,Syndicate Dynamic E-Commerce,Electronics,Luxury,
3221,295,41,2,9441324.0,4720662.0,307,2023-02-28,2023,2,1,Harness Compelling Partnerships,Books,Luxury,Chi Đặng
3222,792,64,7,19026203.0,2718029.0,135,2023-07-17,2023,7,3,Unleash End-To-End Methodologies,Furniture,Luxury,Hạnh Lê
3223,1625,139,4,10932464.0,2733116.0,341,2023-02-04,2023,2,1,Architect Innovative Systems,Electronics,Luxury,Bác Dũng Bùi
3224,1405,42,19,30698661.0,1615719.0,100,2023-12-14,2023,12,4,Syndicate Sticky Functionalities,Sports,Premium,Nhiên Phạm
3225,23,217,18,47765808.0,2653656.0,321,2024-08-25,2024,8,3,Deliver Wireless Metrics,Clothing,Luxury,
3226,1849,250,4,3591648.0,897912.0,48,2024-10-03,2024,10,4,Productize Magnetic Functionalities,Furniture,Premium,
3227,727,153,17,5404810.0,317930.0,216,2023-05-03,2023,5,2,Repurpose Turn-Key Relationships,Sports,Mid,
3228,1456,134,4,14772352.0,3693088.0,486,2023-04-19,2023,4,2,Matrix Revolutionary Applications,Electronics,Luxury,Ông Hưng Mai
3229,1446,115,7,22034719.0,3147817.0,55,2024-03-21,2024,3,1,Embrace Strategic Users,Food,Luxury,
3230,486,15,8,19151064.0,2393883.0,48,2024-12-08,2024,12,4,Maximize Back-End Infrastructures,Clothing,Luxury,
3231,117,15,16,38302128.0,2393883.0,428,2023-04-05,2023,4,2,Maximize Back-End Infrastructures,Clothing,Luxury,
3232,963,1,5,6995415.0,1399083.0,305,2024-08-16,2024,8,3,Engineer Next-Generation Infrastructures,Furniture,Premium,Hải Văn Bùi
3233,97,266,14,13937966.0,995569.0,229,2024-02-22,2024,2,1,Reinvent Mission-Critical Systems,Clothing,Premium,
3234,429,20,8,3649960.0,456245.0,341,2023-03-20,2023,3,1,Engineer Integrated Deliverables,Food,Mid,Bác Dũng Bùi
3235,1888,270,6,14821854.0,2470309.0,419,2024-08-02,2024,8,3,Revolutionize Open-Source Interfaces,Food,Luxury,
3236,1139,221,9,15258195.0,1695355.0,250,2024-01-27,2024,1,1,Innovate Scalable Action-Items,Furniture,Premium,Quý ông Nam Nguyễn
3237,61,165,5,3899030.0,779806.0,261,2024-09-10,2024,9,3,Disintermediate Innovative Experiences,Sports,Premium,Chị Thảo Đặng
3238,846,228,14,36792070.0,2628005.0,91,2024-12-24,2024,12,4,Envisioneer Collaborative Applications,Food,Luxury,
3239,1369,278,3,13913019.0,4637673.0,235,2024-03-20,2024,3,1,Productize Dot-Com Deliverables,Furniture,Luxury,
3240,576,187,1,3569128.0,3569128.0,115,2024-05-08,2024,5,2,Maximize Bleeding-Edge Bandwidth,Furniture,Luxury,
3241,1047,158,18,17474760.0,970820.0,21,2023-11-17,2023,11,4,Synergize Viral Platforms,Food,Premium,Châu Đặng
3242,221,58,9,7629948.0,847772.0,156,2024-01-14,2024,1,1,Benchmark Seamless Bandwidth,Books,Premium,Bảo Văn Bùi
3243,1041,172,2,7406876.0,3703438.0,238,2024-04-01,2024,4,2,Seize Virtual Functionalities,Sports,Luxury,Trọng Văn Nguyễn
3244,433,297,11,25800896.0,2345536.0,432,2024-09-19,2024,9,3,Incentivize Leading-Edge Bandwidth,Electronics,Luxury,Trọng Mai Bảo Trần
3245,1723,231,4,18566476.0,4641619.0,446,2023-05-17,2023,5,2,Reinvent Frictionless Supply-Chains,Sports,Luxury,
3246,768,21,10,21402110.0,2140211.0,328,2023-01-31,2023,1,1,Mesh User-Centric Functionalities,Food,Luxury,Hoàng Nguyễn
3247,1020,279,12,1080708.0,90059.0,258,2024-04-22,2024,4,2,Generate B2C Web-Readiness,Food,Budget,
3248,1979,27,10,4376350.0,437635.0,306,2023-12-11,2023,12,4,Incentivize Compelling Relationships,Sports,Mid,
3249,512,52,13,22647430.0,1742110.0,281,2024-08-27,2024,8,3,Re-Contextualize Dynamic Experiences,Clothing,Premium,
3250,1948,238,14,5424860.0,387490.0,262,2023-11-17,2023,11,4,Enhance E-Business Architectures,Clothing,Mid,
3251,1442,238,19,7362310.0,387490.0,18,2024-03-01,2024,3,1,Enhance E-Business Architectures,Clothing,Mid,
3252,1888,26,20,56100780.0,2805039.0,419,2024-08-02,2024,8,3,Maximize Holistic E-Business,Food,Luxury,
3253,1299,267,11,54030075.0,4911825.0,121,2024-01-22,2024,1,1,Drive Wireless Models,Clothing,Luxury,
3254,76,80,19,25461900.0,1340100.0,365,2024-06-24,2024,6,2,Cultivate Web-Enabled Info-Mediaries,Sports,Premium,
3255,528,35,11,28418863.0,2583533.0,468,2023-05-20,2023,5,2,Syndicate Compelling Web Services,Books,Luxury,Dũng Vũ
3256,201,89,2,1573878.0,786939.0,167,2024-04-11,2024,4,2,Facilitate Rich Paradigms,Sports,Premium,Hải Đặng
3257,1776,1,5,6995415.0,1399083.0,233,2024-05-19,2024,5,2,Engineer Next-Generation Infrastructures,Furniture,Premium,Lâm Trần
3258,924,271,4,3663436.0,915859.0,298,2024-04-09,2024,4,2,Transition Holistic Partnerships,Sports,Premium,Hưng Vũ
3259,775,62,17,16845402.0,990906.0,38,2023-11-13,2023,11,4,Expedite Seamless Roi,Furniture,Premium,Lan Vũ
3260,418,116,8,23194928.0,2899366.0,276,2023-02-22,2023,2,1,Cultivate 24/7 Communities,Sports,Luxury,Thành Hữu Đặng
3261,1021,50,9,23043366.0,2560374.0,453,2023-03-30,2023,3,1,Visualize One-To-One E-Business,Books,Luxury,Kim Dương
3262,1143,218,8,31673984.0,3959248.0,186,2024-04-03,2024,4,2,Target Impactful Deliverables,Books,Luxury,Quý ông Anh Nguyễn
3263,885,238,12,4649880.0,387490.0,241,2024-10-12,2024,10,4,Enhance E-Business Architectures,Clothing,Mid,Vân Vũ
3264,1423,158,9,8737380.0,970820.0,94,2024-02-02,2024,2,1,Synergize Viral Platforms,Food,Premium,Kim Lê
3265,151,68,18,58166316.0,3231462.0,138,2024-03-03,2024,3,1,Matrix Customized Platforms,Furniture,Luxury,Dương Hoàng
3266,529,262,12,59498004.0,4958167.0,426,2024-10-19,2024,10,4,Maximize Customized Deliverables,Books,Luxury,
3267,1242,39,8,24383224.0,3047903.0,460,2024-02-06,2024,2,1,Monetize World-Class Deliverables,Sports,Luxury,
3268,1375,269,4,15254528.0,3813632.0,324,2023-04-12,2023,4,2,Unleash Plug-And-Play Markets,Clothing,Luxury,Khoa Nguyễn
3269,194,1,11,15389913.0,1399083.0,148,2024-08-06,2024,8,3,Engineer Next-Generation Infrastructures,Furniture,Premium,
3270,1482,201,1,125289.0,125289.0,476,2023-08-20,2023,8,3,Architect Viral Metrics,Furniture,Mid,Chị Phương Hoàng
3271,1790,273,15,22617075.0,1507805.0,231,2023-11-02,2023,11,4,Evolve Enterprise Experiences,Food,Premium,Hạnh Phạm
3272,1875,272,14,55745760.0,3981840.0,355,2024-07-13,2024,7,3,Embrace 24/7 Architectures,Food,Luxury,Cô Bảo Đặng
3273,572,22,13,22856483.0,1758191.0,66,2024-01-30,2024,1,1,Orchestrate Holistic Interfaces,Furniture,Premium,
3274,1134,249,18,56204856.0,3122492.0,26,2023-09-11,2023,9,3,Syndicate E-Business Systems,Clothing,Luxury,
3275,1267,269,14,53390848.0,3813632.0,61,2023-01-25,2023,1,1,Unleash Plug-And-Play Markets,Clothing,Luxury,Chị Linh Phạm
3276,1499,52,10,17421100.0,1742110.0,329,2023-04-09,2023,4,2,Re-Contextualize Dynamic Experiences,Clothing,Premium,Khoa Thế Dương
3277,1835,45,14,1059114.0,75651.0,76,2024-12-16,2024,12,4,Morph 24/7 E-Business,Sports,Budget,
3278,1050,58,6,5086632.0,847772.0,140,2024-11-30,2024,11,4,Benchmark Seamless Bandwidth,Books,Premium,
3279,457,105,15,33465630.0,2231042.0,231,2024-11-14,2024,11,4,Streamline E-Business Convergence,Furniture,Luxury,Hạnh Phạm
3280,1156,258,11,1433476.0,130316.0,229,2023-03-17,2023,3,1,Deliver Killer Info-Mediaries,Food,Mid,
3281,180,148,11,16273565.0,1479415.0,391,2024-09-19,2024,9,3,Unleash Distributed Web-Readiness,Electronics,Premium,
3282,1122,122,10,44945480.0,4494548.0,243,2023-01-12,2023,1,1,Empower Robust Relationships,Books,Luxury,Bà Vân Phạm
3283,114,291,18,4100670.0,227815.0,169,2023-12-08,2023,12,4,Extend Value-Added Info-Mediaries,Food,Mid,Cô An Vũ
3284,746,198,3,2930139.0,976713.0,418,2024-03-12,2024,3,1,Orchestrate Leading-Edge Schemas,Sports,Premium,
3285,1513,49,4,1540224.0,385056.0,483,2023-05-22,2023,5,2,Transition Impactful Info-Mediaries,Food,Mid,Anh Tùng Đặng
3286,170,59,20,33614540.0,1680727.0,36,2024-12-19,2024,12,4,Re-Intermediate Synergistic Convergence,Books,Premium,Cô Nhật Trần
3287,982,207,13,36307245.0,2792865.0,397,2024-08-27,2024,8,3,Benchmark Collaborative Bandwidth,Electronics,Luxury,Thành Mai Hoàng
3288,845,196,16,25110320.0,1569395.0,82,2024-08-19,2024,8,3,Repurpose Innovative E-Services,Electronics,Premium,Bác Quang Đặng
3289,155,261,14,26657036.0,1904074.0,436,2023-06-13,2023,6,2,Exploit Back-End Markets,Sports,Premium,
3290,1077,59,2,3361454.0,1680727.0,313,2023-11-02,2023,11,4,Re-Intermediate Synergistic Convergence,Books,Premium,
3291,1358,82,20,96672740.0,4833637.0,150,2024-08-19,2024,8,3,Extend 24/365 Web Services,Electronics,Luxury,
3292,421,288,2,4189758.0,2094879.0,123,2023-02-04,2023,2,1,Cultivate 24/365 E-Services,Sports,Luxury,
3293,779,79,20,61913820.0,3095691.0,488,2023-11-13,2023,11,4,Syndicate Rich Initiatives,Clothing,Luxury,Thành Mai
3294,514,175,17,18165418.0,1068554.0,159,2024-01-21,2024,1,1,Engage Robust Initiatives,Electronics,Premium,
3295,1062,84,1,3871750.0,3871750.0,498,2023-10-25,2023,10,4,Grow Dynamic Communities,Sports,Luxury,
3296,1671,181,10,43874830.0,4387483.0,177,2023-08-13,2023,8,3,Orchestrate End-To-End Markets,Electronics,Luxury,Châu Bùi
3297,486,66,18,55003680.0,3055760.0,48,2024-12-08,2024,12,4,Leverage Revolutionary Technologies,Sports,Luxury,
3298,1584,149,16,51151312.0,3196957.0,224,2024-02-09,2024,2,1,Incubate Collaborative Vortals,Books,Luxury,
3299,344,169,12,28412808.0,2367734.0,202,2023-11-22,2023,11,4,Cultivate Scalable Applications,Books,Luxury,
3300,1630,54,1,1976399.0,1976399.0,289,2024-12-08,2024,12,4,Benchmark Killer Paradigms,Clothing,Premium,
3301,854,190,11,43919557.0,3992687.0,433,2024-01-24,2024,1,1,Streamline Clicks-And-Mortar Interfaces,Books,Luxury,Cô Mai Trần
3302,1173,34,13,18746780.0,1442060.0,450,2023-06-10,2023,6,2,Monetize Back-End Content,Clothing,Premium,
3303,1790,267,20,98236500.0,4911825.0,231,2023-11-02,2023,11,4,Drive Wireless Models,Clothing,Luxury,Hạnh Phạm
3304,402,168,17,31167137.0,1833361.0,336,2024-01-16,2024,1,1,Synthesize Virtual E-Markets,Furniture,Premium,
3305,1583,41,4,18882648.0,4720662.0,477,2023-06-08,2023,6,2,Harness Compelling Partnerships,Books,Luxury,
3306,538,50,16,40965984.0,2560374.0,304,2024-04-01,2024,4,2,Visualize One-To-One E-Business,Books,Luxury,
3307,691,32,12,47823348.0,3985279.0,317,2024-12-28,2024,12,4,Iterate Intuitive Networks,Clothing,Luxury,Ông Quang Hoàng
3308,268,230,12,36507204.0,3042267.0,470,2023-08-15,2023,8,3,E-Enable Intuitive Content,Food,Luxury,
3309,968,250,14,12570768.0,897912.0,178,2024-01-30,2024,1,1,Productize Magnetic Functionalities,Furniture,Premium,
3310,1385,267,3,14735475.0,4911825.0,124,2024-06-06,2024,6,2,Drive Wireless Models,Clothing,Luxury,Huy Bảo Mai
3311,1360,25,12,21777072.0,1814756.0,299,2024-07-22,2024,7,3,Reinvent Scalable Eyeballs,Electronics,Premium,
3312,38,276,18,71021880.0,3945660.0,410,2023-10-12,2023,10,4,Scale Dot-Com Web Services,Electronics,Luxury,Quý cô Thành Bùi
3313,947,193,19,41694436.0,2194444.0,388,2023-10-19,2023,10,4,Disintermediate Bricks-And-Clicks Partnerships,Food,Luxury,Kim Mai Đặng
3314,1270,225,3,1541616.0,513872.0,448,2023-04-08,2023,4,2,Transform Proactive Markets,Electronics,Premium,
3315,234,206,10,45861900.0,4586190.0,273,2024-03-01,2024,3,1,Expedite Viral E-Services,Sports,Luxury,
3316,744,274,12,45040212.0,3753351.0,330,2023-12-29,2023,12,4,Grow Cutting-Edge Technologies,Sports,Luxury,Lâm Xuân Trần
3317,1326,192,3,11981229.0,3993743.0,243,2024-08-25,2024,8,3,Re-Contextualize Open-Source Applications,Books,Luxury,Bà Vân Phạm
3318,298,287,1,513792.0,513792.0,27,2023-08-14,2023,8,3,Utilize Back-End Interfaces,Furniture,Premium,
3319,50,151,16,43955808.0,2747238.0,177,2023-06-01,2023,6,2,Synthesize Distributed Systems,Clothing,Luxury,Châu Bùi
3320,404,220,14,54007016.0,3857644.0,305,2023-03-04,2023,3,1,Generate Killer Mindshare,Sports,Luxury,Hải Văn Bùi
3321,183,100,15,39530775.0,2635385.0,49,2024-05-02,2024,5,2,Unleash Magnetic Action-Items,Clothing,Luxury,Trọng Hoàng
3322,1654,230,4,12169068.0,3042267.0,248,2023-11-15,2023,11,4,E-Enable Intuitive Content,Food,Luxury,Bảo Mai Bùi
3323,1130,14,14,28140658.0,2010047.0,166,2023-12-11,2023,12,4,Cultivate Back-End Info-Mediaries,Food,Luxury,Khoa Phú Hoàng
3324,1267,77,9,35527032.0,3947448.0,61,2023-01-25,2023,1,1,Brand Innovative Portals,Furniture,Luxury,Chị Linh Phạm
3325,1016,122,3,13483644.0,4494548.0,399,2023-09-24,2023,9,3,Empower Robust Relationships,Books,Luxury,Phúc Phạm
3326,1902,192,2,7987486.0,3993743.0,64,2023-08-12,2023,8,3,Re-Contextualize Open-Source Applications,Books,Luxury,Khoa Đức Vũ
3327,921,55,13,47275163.0,3636551.0,58,2024-02-12,2024,2,1,Seize Efficient Communities,Food,Luxury,Nhiên Nguyễn
3328,1118,239,3,10406661.0,3468887.0,201,2023-10-23,2023,10,4,Cultivate Interactive E-Tailers,Furniture,Luxury,
3329,462,193,17,37305548.0,2194444.0,233,2023-05-19,2023,5,2,Disintermediate Bricks-And-Clicks Partnerships,Food,Luxury,Lâm Trần
3330,1441,144,12,1645920.0,137160.0,17,2024-02-19,2024,2,1,Integrate Bleeding-Edge Partnerships,Electronics,Mid,
3331,1370,219,20,9721400.0,486070.0,243,2023-09-08,2023,9,3,Matrix Vertical Systems,Books,Mid,Bà Vân Phạm
3332,947,242,12,27842664.0,2320222.0,388,2023-10-19,2023,10,4,Reinvent Real-Time Architectures,Sports,Luxury,Kim Mai Đặng
3333,1033,108,5,20025520.0,4005104.0,270,2023-06-13,2023,6,2,Generate Value-Added Convergence,Clothing,Luxury,
3334,293,28,10,38177520.0,3817752.0,321,2023-04-11,2023,4,2,Cultivate Dot-Com Deliverables,Books,Luxury,
3335,1257,60,2,4494534.0,2247267.0,197,2023-01-22,2023,1,1,Drive Mission-Critical Web-Readiness,Sports,Luxury,
3336,1054,254,17,81037436.0,4766908.0,54,2023-11-19,2023,11,4,Syndicate Distributed E-Business,Sports,Luxury,Quý cô Hạnh Phạm
3337,707,256,2,3209956.0,1604978.0,265,2023-05-05,2023,5,2,Incentivize Customized E-Services,Clothing,Premium,
3338,1661,269,12,45763584.0,3813632.0,89,2024-12-26,2024,12,4,Unleash Plug-And-Play Markets,Clothing,Luxury,Nhật Hải Trần
3339,1620,125,13,38392224.0,2953248.0,467,2024-04-16,2024,4,2,Morph Holistic Interfaces,Clothing,Luxury,Quang Dương
3340,1062,159,17,19731526.0,1160678.0,498,2023-10-25,2023,10,4,Productize User-Centric Portals,Clothing,Premium,
3341,1427,76,14,51650284.0,3689306.0,246,2024-03-17,2024,3,1,Maximize B2B Platforms,Clothing,Luxury,
3342,959,130,7,28724731.0,4103533.0,488,2024-11-01,2024,11,4,Leverage Rich Paradigms,Electronics,Luxury,Thành Mai
3343,2000,18,13,26248105.0,2019085.0,347,2023-02-12,2023,2,1,Empower Dot-Com Applications,Food,Luxury,
3344,670,85,17,18540132.0,1090596.0,163,2023-12-29,2023,12,4,Benchmark Cutting-Edge Mindshare,Furniture,Premium,
3345,611,235,10,48464360.0,4846436.0,54,2024-10-03,2024,10,4,Mesh Proactive Relationships,Clothing,Luxury,Quý cô Hạnh Phạm
3346,667,192,15,59906145.0,3993743.0,493,2024-05-13,2024,5,2,Re-Contextualize Open-Source Applications,Books,Luxury,Châu Bùi
3347,1347,54,1,1976399.0,1976399.0,369,2023-12-28,2023,12,4,Benchmark Killer Paradigms,Clothing,Premium,Trung Đức Đặng
3348,234,137,9,12394737.0,1377193.0,273,2024-03-01,2024,3,1,Enable Web-Enabled E-Markets,Books,Premium,
3349,1100,293,4,11808576.0,2952144.0,473,2023-05-19,2023,5,2,Disintermediate E-Business Channels,Clothing,Luxury,Nhật Phú Trần
3350,1548,173,17,32285414.0,1899142.0,488,2023-07-31,2023,7,3,Utilize User-Centric E-Markets,Furniture,Premium,Thành Mai
3351,108,275,17,53160377.0,3127081.0,287,2024-02-11,2024,2,1,Deliver Frictionless Niches,Electronics,Luxury,Quý cô Khoa Bùi
3352,1352,108,1,4005104.0,4005104.0,130,2023-07-20,2023,7,3,Generate Value-Added Convergence,Clothing,Luxury,Anh Tấn Bùi
3353,1798,83,6,7463436.0,1243906.0,440,2024-06-03,2024,6,2,Unleash Viral Paradigms,Clothing,Premium,Chị Hạnh Dương
3354,577,206,8,36689520.0,4586190.0,417,2023-11-15,2023,11,4,Expedite Viral E-Services,Sports,Luxury,
3355,932,253,18,70931880.0,3940660.0,135,2023-07-03,2023,7,3,Incentivize Sticky Niches,Furniture,Luxury,Hạnh Lê
3356,446,70,4,9818916.0,2454729.0,195,2023-04-07,2023,4,2,Utilize Next-Generation Schemas,Food,Luxury,
3357,874,183,16,12510064.0,781879.0,292,2023-08-31,2023,8,3,Seize Innovative Methodologies,Electronics,Premium,
3358,734,226,10,23585010.0,2358501.0,304,2024-11-30,2024,11,4,Evolve Rich Experiences,Electronics,Luxury,
3359,1243,227,15,38839965.0,2589331.0,270,2024-12-01,2024,12,4,Monetize Strategic E-Business,Food,Luxury,
3360,1286,101,17,61332498.0,3607794.0,361,2024-01-10,2024,1,1,Extend Customized E-Tailers,Books,Luxury,
3361,276,299,15,24597405.0,1639827.0,303,2023-09-06,2023,9,3,Streamline Rich Communities,Clothing,Premium,Khoa Phú Hoàng
3362,1552,244,16,54064176.0,3379011.0,428,2023-07-21,2023,7,3,Generate Holistic E-Commerce,Electronics,Luxury,
3363,1697,261,20,38081480.0,1904074.0,369,2023-10-19,2023,10,4,Exploit Back-End Markets,Sports,Premium,Trung Đức Đặng
3364,1594,265,12,40328568.0,3360714.0,213,2024-04-15,2024,4,2,Incubate Magnetic E-Business,Food,Luxury,
3365,655,202,11,24258652.0,2205332.0,156,2023-10-25,2023,10,4,Strategize Revolutionary E-Markets,Sports,Luxury,Bảo Văn Bùi
3366,1972,270,4,9881236.0,2470309.0,214,2024-05-30,2024,5,2,Revolutionize Open-Source Interfaces,Food,Luxury,
3367,169,276,17,67076220.0,3945660.0,325,2024-10-24,2024,10,4,Scale Dot-Com Web Services,Electronics,Luxury,Phúc Vũ
3368,386,221,19,32211745.0,1695355.0,283,2023-02-17,2023,2,1,Innovate Scalable Action-Items,Furniture,Premium,Quý ông Quang Trần
3369,1983,225,6,3083232.0,513872.0,58,2023-10-17,2023,10,4,Transform Proactive Markets,Electronics,Premium,Nhiên Nguyễn
3370,341,222,3,10867218.0,3622406.0,108,2023-01-05,2023,1,1,Enable Customized Architectures,Furniture,Luxury,
3371,155,220,19,73295236.0,3857644.0,436,2023-06-13,2023,6,2,Generate Killer Mindshare,Sports,Luxury,
3372,166,60,16,35956272.0,2247267.0,46,2024-05-14,2024,5,2,Drive Mission-Critical Web-Readiness,Sports,Luxury,Hương Dương
3373,398,249,9,28102428.0,3122492.0,187,2023-06-05,2023,6,2,Syndicate E-Business Systems,Clothing,Luxury,Minh Bùi
3374,315,171,18,2269440.0,126080.0,33,2024-09-30,2024,9,3,Aggregate Synergistic Partnerships,Food,Mid,Quang Trí Bùi
3375,1687,52,3,5226330.0,1742110.0,34,2024-10-23,2024,10,4,Re-Contextualize Dynamic Experiences,Clothing,Premium,Phúc Hoàng
3376,702,73,4,17661984.0,4415496.0,190,2023-10-01,2023,10,4,Utilize Scalable Synergies,Furniture,Luxury,
3377,1701,294,7,30182264.0,4311752.0,469,2023-10-11,2023,10,4,E-Enable Strategic Functionalities,Clothing,Luxury,Bác Thành Vũ
3378,751,43,14,21496286.0,1535449.0,169,2024-07-05,2024,7,3,Reinvent Compelling Synergies,Furniture,Premium,Cô An Vũ
3379,1887,18,8,16152680.0,2019085.0,500,2024-02-24,2024,2,1,Empower Dot-Com Applications,Food,Luxury,Phương Dương
3380,744,64,4,10872116.0,2718029.0,330,2023-12-29,2023,12,4,Unleash End-To-End Methodologies,Furniture,Luxury,Lâm Xuân Trần
3381,110,283,6,4659828.0,776638.0,323,2023-10-05,2023,10,4,Evolve Cross-Platform Mindshare,Food,Premium,Thành Bảo Bùi
3382,667,131,17,22815819.0,1342107.0,493,2024-05-13,2024,5,2,Harness B2B Portals,Clothing,Premium,Châu Bùi
3383,1014,91,7,29664348.0,4237764.0,117,2023-02-17,2023,2,1,Innovate Global Bandwidth,Sports,Luxury,Bác Phúc Mai
3384,1823,15,12,28726596.0,2393883.0,301,2023-03-11,2023,3,1,Maximize Back-End Infrastructures,Clothing,Luxury,
3385,1467,118,2,1342754.0,671377.0,423,2024-10-10,2024,10,4,Incentivize Seamless Technologies,Electronics,Premium,Chị Nhật Trần
3386,638,206,9,41275710.0,4586190.0,223,2024-10-24,2024,10,4,Expedite Viral E-Services,Sports,Luxury,Lâm Trần
3387,1703,56,19,75580214.0,3977906.0,129,2024-08-19,2024,8,3,Grow Open-Source Applications,Sports,Luxury,Trọng Đức Bùi
3388,1288,242,15,34803330.0,2320222.0,262,2024-02-09,2024,2,1,Reinvent Real-Time Architectures,Sports,Luxury,
3389,149,150,18,79012962.0,4389609.0,15,2024-04-02,2024,4,2,Drive Collaborative Communities,Electronics,Luxury,Hoàng Hoàng
3390,608,58,12,10173264.0,847772.0,352,2024-03-13,2024,3,1,Benchmark Seamless Bandwidth,Books,Premium,Nhật Đặng
3391,726,275,20,62541620.0,3127081.0,409,2023-03-09,2023,3,1,Deliver Frictionless Niches,Electronics,Luxury,Cô Hương Nguyễn
3392,639,224,12,32889456.0,2740788.0,53,2023-08-23,2023,8,3,E-Enable Robust Communities,Books,Luxury,
3393,998,285,20,1108700.0,55435.0,284,2024-01-27,2024,1,1,Scale E-Business Web-Readiness,Clothing,Budget,
3394,878,28,3,11453256.0,3817752.0,490,2023-05-22,2023,5,2,Cultivate Dot-Com Deliverables,Books,Luxury,Chị An Phạm
3395,1710,125,13,38392224.0,2953248.0,307,2024-10-26,2024,10,4,Morph Holistic Interfaces,Clothing,Luxury,Chi Đặng
3396,839,28,3,11453256.0,3817752.0,266,2024-12-28,2024,12,4,Cultivate Dot-Com Deliverables,Books,Luxury,Cô Ánh Trần
3397,116,5,20,39431000.0,1971550.0,449,2024-05-25,2024,5,2,Redefine 24/365 Architectures,Books,Premium,
3398,1257,176,5,1720995.0,344199.0,197,2023-01-22,2023,1,1,Synergize Integrated Convergence,Furniture,Mid,
3399,1340,49,3,1155168.0,385056.0,405,2024-12-07,2024,12,4,Transition Impactful Info-Mediaries,Food,Mid,
3400,1895,166,4,11161980.0,2790495.0,349,2023-02-06,2023,2,1,Seize Virtual Vortals,Food,Luxury,Phúc Lê
3401,589,125,15,44298720.0,2953248.0,181,2024-08-02,2024,8,3,Morph Holistic Interfaces,Clothing,Luxury,
3402,1312,237,5,5900585.0,1180117.0,440,2023-06-18,2023,6,2,Engineer E-Business Technologies,Sports,Premium,Chị Hạnh Dương
3403,1545,126,16,49814720.0,3113420.0,199,2024-01-25,2024,1,1,Enable Impactful Communities,Electronics,Luxury,
3404,1795,268,19,63094117.0,3320743.0,347,2023-10-17,2023,10,4,Reinvent One-To-One Synergies,Furniture,Luxury,
3405,729,238,5,1937450.0,387490.0,363,2023-03-27,2023,3,1,Enhance E-Business Architectures,Clothing,Mid,Bác Trung Hoàng
3406,1469,133,16,39350288.0,2459393.0,126,2023-01-11,2023,1,1,E-Enable Sticky Relationships,Furniture,Luxury,Quý cô Khoa Vũ
3407,1819,226,8,18868008.0,2358501.0,199,2024-12-14,2024,12,4,Evolve Rich Experiences,Electronics,Luxury,
3408,221,67,17,80893667.0,4758451.0,156,2024-01-14,2024,1,1,Disintermediate Cutting-Edge Roi,Furniture,Luxury,Bảo Văn Bùi
3409,958,2,10,24856760.0,2485676.0,244,2023-01-30,2023,1,1,Re-Intermediate Mission-Critical Functionalities,Books,Luxury,Hương Bùi
3410,1450,223,14,7066234.0,504731.0,34,2024-04-20,2024,4,2,Revolutionize Out-Of-The-Box Action-Items,Clothing,Premium,Phúc Hoàng
3411,686,142,9,40253544.0,4472616.0,354,2023-05-03,2023,5,2,Maximize Proactive Action-Items,Books,Luxury,Phương Hoàng
3412,1236,78,7,33845581.0,4835083.0,55,2023-05-10,2023,5,2,Leverage Visionary Experiences,Clothing,Luxury,
3413,899,52,18,31357980.0,1742110.0,95,2023-12-27,2023,12,4,Re-Contextualize Dynamic Experiences,Clothing,Premium,Nhật Vũ
3414,1579,275,19,59414539.0,3127081.0,207,2024-11-12,2024,11,4,Deliver Frictionless Niches,Electronics,Luxury,
3415,1466,277,12,50071308.0,4172609.0,88,2023-07-07,2023,7,3,Maximize Dynamic Content,Clothing,Luxury,
3416,1407,15,8,19151064.0,2393883.0,377,2024-04-07,2024,4,2,Maximize Back-End Infrastructures,Clothing,Luxury,Bà Ánh Nguyễn
3417,898,169,18,42619212.0,2367734.0,181,2023-05-13,2023,5,2,Cultivate Scalable Applications,Books,Luxury,
3418,1261,202,18,39695976.0,2205332.0,320,2024-05-03,2024,5,2,Strategize Revolutionary E-Markets,Sports,Luxury,Hương Dương
3419,23,271,5,4579295.0,915859.0,321,2024-08-25,2024,8,3,Transition Holistic Partnerships,Sports,Premium,
3420,1670,293,4,11808576.0,2952144.0,488,2023-06-21,2023,6,2,Disintermediate E-Business Channels,Clothing,Luxury,Thành Mai
3421,1504,247,11,48365966.0,4396906.0,262,2023-05-08,2023,5,2,Synthesize Scalable Methodologies,Books,Luxury,
3422,765,199,12,46554552.0,3879546.0,485,2023-04-17,2023,4,2,Utilize Impactful Deliverables,Clothing,Luxury,
3423,61,195,2,4467946.0,2233973.0,261,2024-09-10,2024,9,3,Leverage World-Class Vortals,Food,Luxury,Chị Thảo Đặng
3424,673,41,7,33044634.0,4720662.0,41,2023-06-30,2023,6,2,Harness Compelling Partnerships,Books,Luxury,Phương Đức Mai
3425,945,95,20,69019460.0,3450973.0,245,2023-12-19,2023,12,4,Optimize Customized E-Commerce,Clothing,Luxury,An Xuân Lê
3426,884,208,3,4164927.0,1388309.0,267,2023-02-12,2023,2,1,Engage Dot-Com E-Commerce,Furniture,Premium,
3427,573,295,2,4222790.0,2111395.0,454,2023-09-05,2023,9,3,Evolve Value-Added Users,Electronics,Luxury,
3428,1566,46,15,72610170.0,4840678.0,123,2024-07-26,2024,7,3,Syndicate Dynamic E-Commerce,Electronics,Luxury,
3429,1058,34,4,5768240.0,1442060.0,491,2023-01-02,2023,1,1,Monetize Back-End Content,Clothing,Premium,
3430,1265,152,3,10956975.0,3652325.0,473,2024-04-19,2024,4,2,Repurpose Open-Source Paradigms,Sports,Luxury,Nhật Phú Trần
3431,1210,76,15,55339590.0,3689306.0,287,2024-04-21,2024,4,2,Maximize B2B Platforms,Clothing,Luxury,Quý cô Khoa Bùi
3432,234,241,16,48794928.0,3049683.0,273,2024-03-01,2024,3,1,Drive One-To-One Portals,Food,Luxury,
3433,293,22,15,26372865.0,1758191.0,321,2023-04-11,2023,4,2,Orchestrate Holistic Interfaces,Furniture,Premium,
3434,935,110,12,31645200.0,2637100.0,315,2023-10-18,2023,10,4,Matrix 24/7 Metrics,Sports,Luxury,
3435,1750,123,16,1900304.0,118769.0,116,2024-01-07,2024,1,1,Utilize Open-Source Mindshare,Books,Mid,Anh Bảo Bùi
3436,1302,260,7,7863086.0,1123298.0,232,2024-06-01,2024,6,2,Revolutionize Frictionless Web Services,Clothing,Premium,Phương Dương
3437,1838,111,9,6432210.0,714690.0,490,2024-12-10,2024,12,4,Optimize Dynamic Web Services,Books,Premium,Chị An Phạm
3438,306,227,7,18125317.0,2589331.0,138,2024-07-24,2024,7,3,Monetize Strategic E-Business,Food,Luxury,Dương Hoàng
3439,1215,42,5,8078595.0,1615719.0,11,2023-03-04,2023,3,1,Syndicate Sticky Functionalities,Sports,Premium,Quang Hải Phạm
3440,263,155,2,2799280.0,1399640.0,220,2024-10-07,2024,10,4,Benchmark Virtual Users,Clothing,Premium,Cô Khoa Nguyễn
3441,1564,38,18,13992642.0,777369.0,67,2024-07-06,2024,7,3,Brand Clicks-And-Mortar Portals,Books,Premium,
3442,520,195,5,11169865.0,2233973.0,333,2024-05-18,2024,5,2,Leverage World-Class Vortals,Food,Luxury,
3443,1502,46,20,96813560.0,4840678.0,130,2023-10-29,2023,10,4,Syndicate Dynamic E-Commerce,Electronics,Luxury,Anh Tấn Bùi
3444,342,158,2,1941640.0,970820.0,32,2023-11-25,2023,11,4,Synergize Viral Platforms,Food,Premium,Thảo Vũ
3445,1735,146,2,6360992.0,3180496.0,175,2024-09-05,2024,9,3,Expedite 24/7 Portals,Sports,Luxury,Anh Phúc Lê
3446,595,89,5,3934695.0,786939.0,54,2023-03-03,2023,3,1,Facilitate Rich Paradigms,Sports,Premium,Quý cô Hạnh Phạm
3447,717,207,5,13964325.0,2792865.0,351,2023-05-20,2023,5,2,Benchmark Collaborative Bandwidth,Electronics,Luxury,
3448,303,231,3,13924857.0,4641619.0,102,2023-10-29,2023,10,4,Reinvent Frictionless Supply-Chains,Sports,Luxury,Hưng Nguyễn
3449,78,299,17,27877059.0,1639827.0,25,2024-12-20,2024,12,4,Streamline Rich Communities,Clothing,Premium,
3450,414,73,5,22077480.0,4415496.0,467,2024-04-28,2024,4,2,Utilize Scalable Synergies,Furniture,Luxury,Quang Dương
3451,1185,80,18,24121800.0,1340100.0,291,2023-11-04,2023,11,4,Cultivate Web-Enabled Info-Mediaries,Sports,Premium,
3452,435,235,20,96928720.0,4846436.0,188,2023-02-19,2023,2,1,Mesh Proactive Relationships,Clothing,Luxury,Hạnh Hữu Mai
3453,19,50,18,46086732.0,2560374.0,67,2024-08-04,2024,8,3,Visualize One-To-One E-Business,Books,Luxury,
3454,1620,252,13,51641733.0,3972441.0,467,2024-04-16,2024,4,2,Evolve Revolutionary Web-Readiness,Books,Luxury,Quang Dương
3455,752,44,13,4388124.0,337548.0,92,2024-02-04,2024,2,1,Harness User-Centric Bandwidth,Electronics,Mid,Bảo Hoàng Bùi
3456,1408,294,9,38805768.0,4311752.0,343,2023-11-11,2023,11,4,E-Enable Strategic Functionalities,Clothing,Luxury,
3457,1696,67,17,80893667.0,4758451.0,443,2024-09-13,2024,9,3,Disintermediate Cutting-Edge Roi,Furniture,Luxury,
3458,839,147,8,23972176.0,2996522.0,266,2024-12-28,2024,12,4,Disintermediate Cutting-Edge Info-Mediaries,Electronics,Luxury,Cô Ánh Trần
3459,264,223,14,7066234.0,504731.0,284,2023-10-05,2023,10,4,Revolutionize Out-Of-The-Box Action-Items,Clothing,Premium,
3460,946,28,13,49630776.0,3817752.0,142,2024-12-03,2024,12,4,Cultivate Dot-Com Deliverables,Books,Luxury,Chị Khoa Nguyễn
3461,202,105,2,4462084.0,2231042.0,389,2024-07-02,2024,7,3,Streamline E-Business Convergence,Furniture,Luxury,Ông Dũng Trần
3462,1177,135,2,1315966.0,657983.0,58,2024-10-23,2024,10,4,Engage Bricks-And-Clicks E-Markets,Furniture,Premium,Nhiên Nguyễn
3463,874,50,4,10241496.0,2560374.0,292,2023-08-31,2023,8,3,Visualize One-To-One E-Business,Books,Luxury,
3464,57,235,1,4846436.0,4846436.0,21,2023-08-18,2023,8,3,Mesh Proactive Relationships,Clothing,Luxury,Châu Đặng
3465,1329,218,14,55429472.0,3959248.0,463,2024-04-11,2024,4,2,Target Impactful Deliverables,Books,Luxury,
3466,267,270,7,17292163.0,2470309.0,144,2023-07-13,2023,7,3,Revolutionize Open-Source Interfaces,Food,Luxury,
3467,315,62,6,5945436.0,990906.0,33,2024-09-30,2024,9,3,Expedite Seamless Roi,Furniture,Premium,Quang Trí Bùi
3468,488,40,17,30380020.0,1787060.0,326,2024-07-07,2024,7,3,Facilitate Distributed Markets,Books,Premium,
3469,1806,76,20,73786120.0,3689306.0,238,2024-12-12,2024,12,4,Maximize B2B Platforms,Clothing,Luxury,Trọng Văn Nguyễn
3470,131,179,20,69816860.0,3490843.0,282,2024-03-05,2024,3,1,Streamline Value-Added Schemas,Food,Luxury,Quý cô Chi Dương
3471,1549,6,4,11058696.0,2764674.0,96,2024-07-30,2024,7,3,Whiteboard Impactful Networks,Furniture,Luxury,Bà Bảo Bùi
3472,895,229,19,46887060.0,2467740.0,26,2023-08-24,2023,8,3,Streamline Viral Synergies,Furniture,Luxury,
3473,939,34,6,8652360.0,1442060.0,288,2024-08-10,2024,8,3,Monetize Back-End Content,Clothing,Premium,Hải Đức Phạm
3474,1579,227,3,7767993.0,2589331.0,207,2024-11-12,2024,11,4,Monetize Strategic E-Business,Food,Luxury,
3475,973,72,16,50859072.0,3178692.0,188,2023-05-12,2023,5,2,Strategize Clicks-And-Mortar Methodologies,Books,Luxury,Hạnh Hữu Mai
3476,1046,175,11,11754094.0,1068554.0,48,2024-06-07,2024,6,2,Engage Robust Initiatives,Electronics,Premium,
3477,474,23,19,23028019.0,1212001.0,139,2024-04-04,2024,4,2,Morph World-Class E-Markets,Furniture,Premium,Cô Hạnh Hoàng
3478,1411,147,9,26968698.0,2996522.0,117,2024-02-28,2024,2,1,Disintermediate Cutting-Edge Info-Mediaries,Electronics,Luxury,Bác Phúc Mai
3479,482,239,20,69377740.0,3468887.0,376,2024-12-16,2024,12,4,Cultivate Interactive E-Tailers,Furniture,Luxury,Xuân Phạm
3480,581,251,11,47426621.0,4311511.0,431,2023-01-27,2023,1,1,Incubate Cross-Platform Platforms,Electronics,Luxury,Nam Thế Lê
3481,1153,69,7,34383601.0,4911943.0,239,2024-03-29,2024,3,1,Morph Robust E-Markets,Sports,Luxury,Quý ông Quang Lê
3482,1824,203,5,4471620.0,894324.0,415,2023-05-21,2023,5,2,Benchmark Proactive Systems,Furniture,Premium,
3483,277,225,2,1027744.0,513872.0,143,2023-03-03,2023,3,1,Transform Proactive Markets,Electronics,Premium,
3484,1247,98,20,17312200.0,865610.0,143,2024-09-03,2024,9,3,Envisioneer Bleeding-Edge Deliverables,Clothing,Premium,
3485,695,79,11,34052601.0,3095691.0,416,2023-03-05,2023,3,1,Syndicate Rich Initiatives,Clothing,Luxury,
3486,275,13,18,72938790.0,4052155.0,415,2024-02-11,2024,2,1,Aggregate Robust E-Services,Clothing,Luxury,
3487,760,6,8,22117392.0,2764674.0,119,2024-12-11,2024,12,4,Whiteboard Impactful Networks,Furniture,Luxury,Thành Bảo Trần
3488,1479,267,8,39294600.0,4911825.0,415,2023-05-28,2023,5,2,Drive Wireless Models,Clothing,Luxury,
3489,290,2,17,42256492.0,2485676.0,445,2024-07-04,2024,7,3,Re-Intermediate Mission-Critical Functionalities,Books,Luxury,Ánh Lê
3490,989,265,4,13442856.0,3360714.0,477,2023-12-09,2023,12,4,Incubate Magnetic E-Business,Food,Luxury,
3491,920,151,17,46703046.0,2747238.0,227,2023-04-04,2023,4,2,Synthesize Distributed Systems,Clothing,Luxury,Thành Thị Bùi
3492,1045,142,13,58144008.0,4472616.0,437,2024-05-05,2024,5,2,Maximize Proactive Action-Items,Books,Luxury,Trung Hoàng
3493,1670,297,8,18764288.0,2345536.0,488,2023-06-21,2023,6,2,Incentivize Leading-Edge Bandwidth,Electronics,Luxury,Thành Mai
3494,1513,130,19,77967127.0,4103533.0,483,2023-05-22,2023,5,2,Leverage Rich Paradigms,Electronics,Luxury,Anh Tùng Đặng
3495,1353,148,12,17752980.0,1479415.0,284,2023-03-16,2023,3,1,Unleash Distributed Web-Readiness,Electronics,Premium,
3496,907,87,6,27157530.0,4526255.0,410,2023-07-12,2023,7,3,Transition Next-Generation Vortals,Sports,Luxury,Quý cô Thành Bùi
3497,195,171,5,630400.0,126080.0,480,2024-10-07,2024,10,4,Aggregate Synergistic Partnerships,Food,Mid,Châu Tấn Mai
3498,1808,195,2,4467946.0,2233973.0,190,2023-02-28,2023,2,1,Leverage World-Class Vortals,Food,Luxury,
3499,421,65,16,49502112.0,3093882.0,123,2023-02-04,2023,2,1,Integrate Proactive Interfaces,Clothing,Luxury,
3500,1853,229,1,2467740.0,2467740.0,298,2024-01-10,2024,1,1,Streamline Viral Synergies,Furniture,Luxury,Hưng Vũ
3501,1973,41,10,47206620.0,4720662.0,324,2023-12-02,2023,12,4,Harness Compelling Partnerships,Books,Luxury,Khoa Nguyễn
3502,1940,296,12,14287164.0,1190597.0,479,2023-06-10,2023,6,2,Target Proactive Relationships,Clothing,Premium,Anh Dũng Dương
3503,1828,90,5,7628070.0,1525614.0,252,2023-06-02,2023,6,2,Drive Collaborative Experiences,Electronics,Premium,
3504,764,256,20,32099560.0,1604978.0,97,2024-01-03,2024,1,1,Incentivize Customized E-Services,Clothing,Premium,Hương Lê
3505,1627,151,2,5494476.0,2747238.0,138,2024-09-12,2024,9,3,Synthesize Distributed Systems,Clothing,Luxury,Dương Hoàng
3506,527,174,4,9690360.0,2422590.0,328,2023-12-26,2023,12,4,Expedite Sticky Users,Food,Luxury,Hoàng Nguyễn
3507,1229,174,20,48451800.0,2422590.0,14,2023-05-23,2023,5,2,Expedite Sticky Users,Food,Luxury,Chị Hải Dương
3508,1004,94,16,5177088.0,323568.0,232,2024-03-09,2024,3,1,Morph Web-Enabled Convergence,Electronics,Mid,Phương Dương
3509,1524,32,5,19926395.0,3985279.0,276,2024-05-13,2024,5,2,Iterate Intuitive Networks,Clothing,Luxury,Thành Hữu Đặng
3510,193,201,18,2255202.0,125289.0,184,2023-03-17,2023,3,1,Architect Viral Metrics,Furniture,Mid,Linh Vũ
3511,1670,31,5,3934325.0,786865.0,488,2023-06-21,2023,6,2,Expedite Transparent Niches,Clothing,Premium,Thành Mai
3512,1796,232,19,43168456.0,2272024.0,368,2023-07-20,2023,7,3,Brand Viral Roi,Clothing,Luxury,Thảo Trần
3513,1272,205,15,22778565.0,1518571.0,323,2023-05-19,2023,5,2,Exploit Next-Generation E-Services,Books,Premium,Thành Bảo Bùi
3514,496,137,11,15149123.0,1377193.0,466,2023-02-25,2023,2,1,Enable Web-Enabled E-Markets,Books,Premium,An Nguyễn
3515,1567,17,4,14070704.0,3517676.0,361,2024-05-02,2024,5,2,Exploit Holistic Info-Mediaries,Electronics,Luxury,
3516,1531,66,5,15278800.0,3055760.0,395,2023-01-01,2023,1,1,Leverage Revolutionary Technologies,Sports,Luxury,Yến Phạm
3517,1037,215,5,11042950.0,2208590.0,193,2023-09-11,2023,9,3,Scale Impactful Deliverables,Furniture,Luxury,Nhật Phạm
3518,443,293,10,29521440.0,2952144.0,164,2023-08-08,2023,8,3,Disintermediate E-Business Channels,Clothing,Luxury,
3519,375,288,13,27233427.0,2094879.0,250,2023-09-04,2023,9,3,Cultivate 24/365 E-Services,Sports,Luxury,Quý ông Nam Nguyễn
3520,981,159,19,22052882.0,1160678.0,487,2023-01-23,2023,1,1,Productize User-Centric Portals,Clothing,Premium,
3521,1653,151,3,8241714.0,2747238.0,45,2024-09-07,2024,9,3,Synthesize Distributed Systems,Clothing,Luxury,
3522,1380,83,5,6219530.0,1243906.0,241,2023-01-24,2023,1,1,Unleash Viral Paradigms,Clothing,Premium,Vân Vũ
3523,713,154,17,36326093.0,2136829.0,319,2023-07-13,2023,7,3,Maximize E-Business Models,Clothing,Luxury,
3524,1281,135,7,4605881.0,657983.0,216,2024-09-10,2024,9,3,Engage Bricks-And-Clicks E-Markets,Furniture,Premium,
3525,696,17,5,17588380.0,3517676.0,279,2023-06-17,2023,6,2,Exploit Holistic Info-Mediaries,Electronics,Luxury,Kim Phú Bùi
3526,1749,105,5,11155210.0,2231042.0,118,2023-10-31,2023,10,4,Streamline E-Business Convergence,Furniture,Luxury,Tùng Mai Mai
3527,279,291,10,2278150.0,227815.0,398,2023-03-04,2023,3,1,Extend Value-Added Info-Mediaries,Food,Mid,Ông Quang Vũ
3528,1783,182,8,7047432.0,880929.0,34,2024-01-04,2024,1,1,Brand Rich Action-Items,Books,Premium,Phúc Hoàng
3529,487,41,15,70809930.0,4720662.0,320,2024-12-19,2024,12,4,Harness Compelling Partnerships,Books,Luxury,Hương Dương
3530,1231,5,20,39431000.0,1971550.0,258,2023-05-20,2023,5,2,Redefine 24/365 Architectures,Books,Premium,
3531,1078,230,9,27380403.0,3042267.0,190,2023-03-06,2023,3,1,E-Enable Intuitive Content,Food,Luxury,
3532,87,80,15,20101500.0,1340100.0,45,2023-07-07,2023,7,3,Cultivate Web-Enabled Info-Mediaries,Sports,Premium,
3533,461,217,14,37151184.0,2653656.0,415,2024-09-03,2024,9,3,Deliver Wireless Metrics,Clothing,Luxury,
3534,558,227,5,12946655.0,2589331.0,496,2024-11-20,2024,11,4,Monetize Strategic E-Business,Food,Luxury,
3535,763,282,3,4124568.0,1374856.0,41,2024-03-16,2024,3,1,Utilize Frictionless Interfaces,Books,Premium,Phương Đức Mai
3536,1108,92,1,1179485.0,1179485.0,390,2023-02-08,2023,2,1,Unleash Innovative E-Business,Furniture,Premium,Khoa Hoàng
3537,1186,173,4,7596568.0,1899142.0,192,2024-06-21,2024,6,2,Utilize User-Centric E-Markets,Furniture,Premium,
3538,1364,267,4,19647300.0,4911825.0,87,2024-01-21,2024,1,1,Drive Wireless Models,Clothing,Luxury,Anh Hoàng Hoàng
3539,1695,249,2,6244984.0,3122492.0,135,2023-07-21,2023,7,3,Syndicate E-Business Systems,Clothing,Luxury,Hạnh Lê
3540,1472,163,8,5626576.0,703322.0,312,2023-01-14,2023,1,1,Disintermediate Viral Convergence,Electronics,Premium,
3541,81,78,3,14505249.0,4835083.0,429,2023-11-27,2023,11,4,Leverage Visionary Experiences,Clothing,Luxury,Hạnh Bùi
3542,740,132,13,32314607.0,2485739.0,404,2024-12-19,2024,12,4,Streamline Compelling Communities,Electronics,Luxury,Ngọc Mai
3543,991,186,2,7999274.0,3999637.0,493,2023-12-08,2023,12,4,Visualize Revolutionary Partnerships,Sports,Luxury,Châu Bùi
3544,631,139,12,32797392.0,2733116.0,478,2024-03-19,2024,3,1,Architect Innovative Systems,Electronics,Luxury,
3545,1708,214,2,5923704.0,2961852.0,138,2024-07-15,2024,7,3,Leverage Global Niches,Furniture,Luxury,Dương Hoàng
3546,1042,160,1,2078238.0,2078238.0,221,2024-06-12,2024,6,2,Engage Collaborative Bandwidth,Furniture,Luxury,
3547,862,137,10,13771930.0,1377193.0,124,2023-01-25,2023,1,1,Enable Web-Enabled E-Markets,Books,Premium,Huy Bảo Mai
3548,1436,191,1,4291456.0,4291456.0,355,2023-02-25,2023,2,1,Envisioneer Back-End E-Services,Books,Luxury,Cô Bảo Đặng
3549,1100,112,3,7707222.0,2569074.0,473,2023-05-19,2023,5,2,Harness Customized E-Markets,Books,Luxury,Nhật Phú Trần
3550,1556,173,15,28487130.0,1899142.0,199,2024-07-22,2024,7,3,Utilize User-Centric E-Markets,Furniture,Premium,
3551,53,84,16,61948000.0,3871750.0,238,2024-06-07,2024,6,2,Grow Dynamic Communities,Sports,Luxury,Trọng Văn Nguyễn
3552,1617,89,9,7082451.0,786939.0,26,2024-06-17,2024,6,2,Facilitate Rich Paradigms,Sports,Premium,
3553,836,300,11,34576036.0,3143276.0,338,2023-05-11,2023,5,2,E-Enable B2B Initiatives,Electronics,Luxury,
3554,1153,32,20,79705580.0,3985279.0,239,2024-03-29,2024,3,1,Iterate Intuitive Networks,Clothing,Luxury,Quý ông Quang Lê
3555,77,157,7,16027718.0,2289674.0,286,2024-06-24,2024,6,2,Cultivate Integrated Portals,Books,Luxury,Bác Tùng Nguyễn
3556,1517,294,6,25870512.0,4311752.0,417,2024-02-07,2024,2,1,E-Enable Strategic Functionalities,Clothing,Luxury,
3557,157,6,10,27646740.0,2764674.0,86,2024-03-09,2024,3,1,Whiteboard Impactful Networks,Furniture,Luxury,Bác Quang Bùi
3558,1188,194,13,20637994.0,1587538.0,352,2024-03-26,2024,3,1,Implement Collaborative Action-Items,Books,Premium,Nhật Đặng
3559,869,147,14,41951308.0,2996522.0,117,2023-04-01,2023,4,2,Disintermediate Cutting-Edge Info-Mediaries,Electronics,Luxury,Bác Phúc Mai
3560,1577,224,10,27407880.0,2740788.0,310,2024-12-26,2024,12,4,E-Enable Robust Communities,Books,Luxury,Nhật Hoàng
3561,1719,168,13,23833693.0,1833361.0,500,2023-02-24,2023,2,1,Synthesize Virtual E-Markets,Furniture,Premium,Phương Dương
3562,1528,225,3,1541616.0,513872.0,266,2023-11-09,2023,11,4,Transform Proactive Markets,Electronics,Premium,Cô Ánh Trần
3563,1433,29,9,38779434.0,4308826.0,143,2023-12-07,2023,12,4,Scale Cutting-Edge Roi,Sports,Luxury,
3564,779,142,13,58144008.0,4472616.0,488,2023-11-13,2023,11,4,Maximize Proactive Action-Items,Books,Luxury,Thành Mai
3565,6,119,12,8220252.0,685021.0,188,2024-05-18,2024,5,2,Unleash Holistic Solutions,Electronics,Premium,Hạnh Hữu Mai
3566,116,219,19,9235330.0,486070.0,449,2024-05-25,2024,5,2,Matrix Vertical Systems,Books,Mid,
3567,1419,43,13,19960837.0,1535449.0,87,2023-05-27,2023,5,2,Reinvent Compelling Synergies,Furniture,Premium,Anh Hoàng Hoàng
3568,1214,242,19,44084218.0,2320222.0,351,2023-09-01,2023,9,3,Reinvent Real-Time Architectures,Sports,Luxury,
3569,1633,129,3,13875816.0,4625272.0,407,2024-10-01,2024,10,4,Synthesize Customized E-Markets,Furniture,Luxury,
3570,1714,127,18,53190720.0,2955040.0,411,2024-10-28,2024,10,4,Extend Magnetic Schemas,Furniture,Luxury,
3571,1603,89,6,4721634.0,786939.0,447,2024-11-04,2024,11,4,Facilitate Rich Paradigms,Sports,Premium,Chị Linh Hoàng
3572,1415,287,7,3596544.0,513792.0,207,2023-08-20,2023,8,3,Utilize Back-End Interfaces,Furniture,Premium,
3573,527,87,3,13578765.0,4526255.0,328,2023-12-26,2023,12,4,Transition Next-Generation Vortals,Sports,Luxury,Hoàng Nguyễn
3574,836,111,7,5002830.0,714690.0,338,2023-05-11,2023,5,2,Optimize Dynamic Web Services,Books,Premium,
3575,22,84,7,27102250.0,3871750.0,449,2023-12-10,2023,12,4,Grow Dynamic Communities,Sports,Luxury,
3576,1482,175,5,5342770.0,1068554.0,476,2023-08-20,2023,8,3,Engage Robust Initiatives,Electronics,Premium,Chị Phương Hoàng
3577,569,158,4,3883280.0,970820.0,20,2023-10-22,2023,10,4,Synergize Viral Platforms,Food,Premium,Trung Phú Bùi
3578,1179,238,11,4262390.0,387490.0,230,2024-07-26,2024,7,3,Enhance E-Business Architectures,Clothing,Mid,Cô Hà Đặng
3579,250,221,17,28821035.0,1695355.0,146,2024-05-01,2024,5,2,Innovate Scalable Action-Items,Furniture,Premium,
3580,1856,184,14,8308104.0,593436.0,231,2023-01-18,2023,1,1,Deploy Extensible Infrastructures,Food,Premium,Hạnh Phạm
3581,1536,62,10,9909060.0,990906.0,183,2023-10-27,2023,10,4,Expedite Seamless Roi,Furniture,Premium,
3582,1127,228,17,44676085.0,2628005.0,82,2024-04-12,2024,4,2,Envisioneer Collaborative Applications,Food,Luxury,Bác Quang Đặng
3583,1337,274,4,15013404.0,3753351.0,209,2023-05-15,2023,5,2,Grow Cutting-Edge Technologies,Sports,Luxury,Hải Phú Hoàng
3584,851,7,11,17500912.0,1590992.0,17,2023-08-17,2023,8,3,Transition Transparent Markets,Books,Premium,
3585,962,126,2,6226840.0,3113420.0,377,2024-07-31,2024,7,3,Enable Impactful Communities,Electronics,Luxury,Bà Ánh Nguyễn
3586,1464,75,19,64050919.0,3371101.0,119,2023-02-06,2023,2,1,Maximize Cutting-Edge Paradigms,Electronics,Luxury,Thành Bảo Trần
3587,1928,112,10,25690740.0,2569074.0,21,2024-12-07,2024,12,4,Harness Customized E-Markets,Books,Luxury,Châu Đặng
3588,109,165,3,2339418.0,779806.0,163,2023-04-25,2023,4,2,Disintermediate Innovative Experiences,Sports,Premium,
3589,1028,139,15,40996740.0,2733116.0,448,2023-02-07,2023,2,1,Architect Innovative Systems,Electronics,Luxury,
3590,1512,249,7,21857444.0,3122492.0,409,2024-06-06,2024,6,2,Syndicate E-Business Systems,Clothing,Luxury,Cô Hương Nguyễn
3591,41,14,13,26130611.0,2010047.0,384,2024-09-15,2024,9,3,Cultivate Back-End Info-Mediaries,Food,Luxury,
3592,1519,177,13,5973136.0,459472.0,53,2023-08-01,2023,8,3,Strategize Back-End Synergies,Sports,Mid,
3593,1179,158,6,5824920.0,970820.0,230,2024-07-26,2024,7,3,Synergize Viral Platforms,Food,Premium,Cô Hà Đặng
3594,184,225,4,2055488.0,513872.0,365,2023-07-09,2023,7,3,Transform Proactive Markets,Electronics,Premium,
3595,732,75,20,67422020.0,3371101.0,381,2023-08-22,2023,8,3,Maximize Cutting-Edge Paradigms,Electronics,Luxury,Hà Đức Bùi
3596,607,255,4,9506172.0,2376543.0,189,2024-03-29,2024,3,1,Brand Distributed Models,Books,Luxury,
3597,116,255,1,2376543.0,2376543.0,449,2024-05-25,2024,5,2,Brand Distributed Models,Books,Luxury,
3598,1876,284,10,24413490.0,2441349.0,23,2024-01-12,2024,1,1,Re-Intermediate Mission-Critical E-Markets,Sports,Luxury,Bác Thành Dương
3599,555,86,6,4554294.0,759049.0,330,2024-12-27,2024,12,4,Orchestrate Best-Of-Breed Info-Mediaries,Sports,Premium,Lâm Xuân Trần
3600,1408,220,2,7715288.0,3857644.0,343,2023-11-11,2023,11,4,Generate Killer Mindshare,Sports,Luxury,
3601,637,90,18,27461052.0,1525614.0,12,2023-01-07,2023,1,1,Drive Collaborative Experiences,Electronics,Premium,
3602,1539,46,18,87132204.0,4840678.0,116,2023-02-10,2023,2,1,Syndicate Dynamic E-Commerce,Electronics,Luxury,Anh Bảo Bùi
3603,908,179,19,66326017.0,3490843.0,296,2023-02-03,2023,2,1,Streamline Value-Added Schemas,Food,Luxury,Trọng Văn Hoàng
3604,750,295,10,21113950.0,2111395.0,332,2023-08-21,2023,8,3,Evolve Value-Added Users,Electronics,Luxury,
3605,1918,86,10,7590490.0,759049.0,487,2023-05-18,2023,5,2,Orchestrate Best-Of-Breed Info-Mediaries,Sports,Premium,
3606,815,102,5,12660840.0,2532168.0,204,2023-10-02,2023,10,4,Strategize Customized Schemas,Food,Luxury,Huy Bùi
3607,1816,254,11,52435988.0,4766908.0,325,2023-06-24,2023,6,2,Syndicate Distributed E-Business,Sports,Luxury,Phúc Vũ
3608,1624,265,19,63853566.0,3360714.0,15,2023-04-07,2023,4,2,Incubate Magnetic E-Business,Food,Luxury,Hoàng Hoàng
3609,1033,224,20,54815760.0,2740788.0,270,2023-06-13,2023,6,2,E-Enable Robust Communities,Books,Luxury,
3610,668,252,20,79448820.0,3972441.0,374,2024-10-02,2024,10,4,Evolve Revolutionary Web-Readiness,Books,Luxury,
3611,854,126,15,46701300.0,3113420.0,433,2024-01-24,2024,1,1,Enable Impactful Communities,Electronics,Luxury,Cô Mai Trần
3612,940,68,16,51703392.0,3231462.0,433,2023-05-21,2023,5,2,Matrix Customized Platforms,Furniture,Luxury,Cô Mai Trần
3613,1399,208,14,19436326.0,1388309.0,195,2023-08-17,2023,8,3,Engage Dot-Com E-Commerce,Furniture,Premium,
3614,1975,209,19,9406311.0,495069.0,88,2023-08-22,2023,8,3,Evolve Visionary Content,Food,Mid,
3615,46,168,20,36667220.0,1833361.0,375,2024-03-24,2024,3,1,Synthesize Virtual E-Markets,Furniture,Premium,Quý cô Kim Dương
3616,1575,127,16,47280640.0,2955040.0,16,2023-02-21,2023,2,1,Extend Magnetic Schemas,Furniture,Luxury,
3617,1327,63,8,18441840.0,2305230.0,178,2023-12-24,2023,12,4,Seize Web-Enabled Solutions,Electronics,Luxury,
3618,276,194,20,31750760.0,1587538.0,303,2023-09-06,2023,9,3,Implement Collaborative Action-Items,Books,Premium,Khoa Phú Hoàng
3619,681,86,15,11385735.0,759049.0,491,2023-02-07,2023,2,1,Orchestrate Best-Of-Breed Info-Mediaries,Sports,Premium,
3620,1133,182,8,7047432.0,880929.0,170,2023-04-06,2023,4,2,Brand Rich Action-Items,Books,Premium,Quý cô Vân Phạm
3621,1681,284,8,19530792.0,2441349.0,238,2024-03-27,2024,3,1,Re-Intermediate Mission-Critical E-Markets,Sports,Luxury,Trọng Văn Nguyễn
3622,331,46,4,19362712.0,4840678.0,358,2023-01-06,2023,1,1,Syndicate Dynamic E-Commerce,Electronics,Luxury,
3623,399,194,17,26988146.0,1587538.0,159,2024-02-24,2024,2,1,Implement Collaborative Action-Items,Books,Premium,
3624,722,108,6,24030624.0,4005104.0,98,2023-11-21,2023,11,4,Generate Value-Added Convergence,Clothing,Luxury,Cô Nhật Nguyễn
3625,957,202,14,30874648.0,2205332.0,473,2023-01-16,2023,1,1,Strategize Revolutionary E-Markets,Sports,Luxury,Nhật Phú Trần
3626,1720,92,20,23589700.0,1179485.0,374,2023-01-10,2023,1,1,Unleash Innovative E-Business,Furniture,Premium,
3627,509,220,7,27003508.0,3857644.0,260,2023-03-01,2023,3,1,Generate Killer Mindshare,Sports,Luxury,
3628,1232,185,6,7731378.0,1288563.0,497,2023-11-10,2023,11,4,Disintermediate Strategic Deliverables,Clothing,Premium,Chị Hồng Trần
3629,955,180,8,11837568.0,1479696.0,385,2023-01-08,2023,1,1,E-Enable Collaborative Technologies,Food,Premium,Hà Mai
3630,743,167,15,27829350.0,1855290.0,425,2023-01-18,2023,1,1,Transform Cross-Platform Web-Readiness,Furniture,Premium,Linh Bùi
3631,1732,88,3,14656269.0,4885423.0,118,2024-08-16,2024,8,3,Drive Front-End E-Services,Electronics,Luxury,Tùng Mai Mai
3632,976,169,3,7103202.0,2367734.0,66,2024-11-16,2024,11,4,Cultivate Scalable Applications,Books,Luxury,
3633,1876,267,9,44206425.0,4911825.0,23,2024-01-12,2024,1,1,Drive Wireless Models,Clothing,Luxury,Bác Thành Dương
3634,128,128,7,18669203.0,2667029.0,208,2023-10-14,2023,10,4,Seize Value-Added Bandwidth,Sports,Luxury,Ngọc Bùi
3635,393,1,19,26582577.0,1399083.0,243,2024-03-13,2024,3,1,Engineer Next-Generation Infrastructures,Furniture,Premium,Bà Vân Phạm
3636,891,253,18,70931880.0,3940660.0,383,2023-11-04,2023,11,4,Incentivize Sticky Niches,Furniture,Luxury,Ngọc Mai
3637,1458,252,11,43696851.0,3972441.0,371,2024-09-17,2024,9,3,Evolve Revolutionary Web-Readiness,Books,Luxury,Lâm Thị Vũ
3638,443,141,9,29129301.0,3236589.0,164,2023-08-08,2023,8,3,Innovate Vertical Markets,Electronics,Luxury,
3639,1030,54,13,25693187.0,1976399.0,384,2024-11-28,2024,11,4,Benchmark Killer Paradigms,Clothing,Premium,
3640,467,269,15,57204480.0,3813632.0,84,2023-09-28,2023,9,3,Unleash Plug-And-Play Markets,Clothing,Luxury,
3641,1302,163,7,4923254.0,703322.0,232,2024-06-01,2024,6,2,Disintermediate Viral Convergence,Electronics,Premium,Phương Dương
3642,434,207,8,22342920.0,2792865.0,314,2023-05-12,2023,5,2,Benchmark Collaborative Bandwidth,Electronics,Luxury,
3643,1943,160,6,12469428.0,2078238.0,388,2023-04-16,2023,4,2,Engage Collaborative Bandwidth,Furniture,Luxury,Kim Mai Đặng
3644,705,209,6,2970414.0,495069.0,340,2023-04-26,2023,4,2,Evolve Visionary Content,Food,Mid,
3645,511,203,2,1788648.0,894324.0,195,2023-05-09,2023,5,2,Benchmark Proactive Systems,Furniture,Premium,
3646,721,36,11,4766476.0,433316.0,175,2023-06-08,2023,6,2,Extend Magnetic Supply-Chains,Food,Mid,Anh Phúc Lê
3647,193,162,2,8666672.0,4333336.0,184,2023-03-17,2023,3,1,Syndicate Best-Of-Breed Communities,Electronics,Luxury,Linh Vũ
3648,647,167,19,35250510.0,1855290.0,147,2024-12-04,2024,12,4,Transform Cross-Platform Web-Readiness,Furniture,Premium,Hà Hải Dương
3649,467,47,18,60592806.0,3366267.0,84,2023-09-28,2023,9,3,Morph Front-End Schemas,Food,Luxury,
3650,301,155,5,6998200.0,1399640.0,500,2024-08-29,2024,8,3,Benchmark Virtual Users,Clothing,Premium,Phương Dương
3651,348,31,8,6294920.0,786865.0,483,2024-05-13,2024,5,2,Expedite Transparent Niches,Clothing,Premium,Anh Tùng Đặng
3652,1306,108,4,16020416.0,4005104.0,415,2023-01-21,2023,1,1,Generate Value-Added Convergence,Clothing,Luxury,
3653,1705,186,6,23997822.0,3999637.0,478,2023-01-26,2023,1,1,Visualize Revolutionary Partnerships,Sports,Luxury,
3654,682,130,19,77967127.0,4103533.0,120,2023-01-10,2023,1,1,Leverage Rich Paradigms,Electronics,Luxury,
3655,1255,252,4,15889764.0,3972441.0,85,2024-04-30,2024,4,2,Evolve Revolutionary Web-Readiness,Books,Luxury,
3656,1238,25,18,32665608.0,1814756.0,237,2023-12-30,2023,12,4,Reinvent Scalable Eyeballs,Electronics,Premium,
3657,1835,66,13,39724880.0,3055760.0,76,2024-12-16,2024,12,4,Leverage Revolutionary Technologies,Sports,Luxury,
3658,39,292,16,43560448.0,2722528.0,495,2023-07-30,2023,7,3,Disintermediate Strategic E-Markets,Clothing,Luxury,
3659,290,93,13,11556558.0,888966.0,445,2024-07-04,2024,7,3,Implement 24/365 Systems,Clothing,Premium,Ánh Lê
3660,348,140,17,60945289.0,3585017.0,483,2024-05-13,2024,5,2,Generate 24/365 Eyeballs,Food,Luxury,Anh Tùng Đặng
3661,1437,208,17,23601253.0,1388309.0,299,2024-11-12,2024,11,4,Engage Dot-Com E-Commerce,Furniture,Premium,
3662,653,163,18,12659796.0,703322.0,172,2024-08-09,2024,8,3,Disintermediate Viral Convergence,Electronics,Premium,Trung Bảo Vũ
3663,1930,72,20,63573840.0,3178692.0,64,2024-10-06,2024,10,4,Strategize Clicks-And-Mortar Methodologies,Books,Luxury,Khoa Đức Vũ
3664,721,56,8,31823248.0,3977906.0,175,2023-06-08,2023,6,2,Grow Open-Source Applications,Sports,Luxury,Anh Phúc Lê
3665,1675,269,4,15254528.0,3813632.0,475,2024-08-04,2024,8,3,Unleash Plug-And-Play Markets,Clothing,Luxury,
3666,1147,77,11,43421928.0,3947448.0,257,2023-07-01,2023,7,3,Brand Innovative Portals,Furniture,Luxury,
3667,1739,181,1,4387483.0,4387483.0,331,2024-11-26,2024,11,4,Orchestrate End-To-End Markets,Electronics,Luxury,
3668,602,42,2,3231438.0,1615719.0,440,2023-10-26,2023,10,4,Syndicate Sticky Functionalities,Sports,Premium,Chị Hạnh Dương
3669,402,94,17,5500656.0,323568.0,336,2024-01-16,2024,1,1,Morph Web-Enabled Convergence,Electronics,Mid,
3670,1342,54,12,23716788.0,1976399.0,459,2024-06-21,2024,6,2,Benchmark Killer Paradigms,Clothing,Premium,Khoa Thế Phạm
3671,13,48,17,43700455.0,2570615.0,221,2023-07-23,2023,7,3,Scale Global E-Tailers,Clothing,Luxury,
3672,1722,26,11,30855429.0,2805039.0,59,2023-01-15,2023,1,1,Maximize Holistic E-Business,Food,Luxury,
3673,658,232,18,40896432.0,2272024.0,361,2023-12-01,2023,12,4,Brand Viral Roi,Clothing,Luxury,
3674,287,223,12,6056772.0,504731.0,290,2023-09-12,2023,9,3,Revolutionize Out-Of-The-Box Action-Items,Clothing,Premium,
3675,585,271,18,16485462.0,915859.0,211,2023-11-23,2023,11,4,Transition Holistic Partnerships,Sports,Premium,Quý cô Dương Vũ
3676,70,19,18,21532122.0,1196229.0,310,2024-08-12,2024,8,3,Strategize B2B Partnerships,Clothing,Premium,Nhật Hoàng
3677,1644,200,11,34285438.0,3116858.0,109,2023-04-11,2023,4,2,Maximize Open-Source Mindshare,Sports,Luxury,An Hữu Đặng
3678,1264,224,3,8222364.0,2740788.0,465,2024-12-07,2024,12,4,E-Enable Robust Communities,Books,Luxury,
3679,1345,204,3,3368250.0,1122750.0,481,2023-02-09,2023,2,1,Strategize Ubiquitous Technologies,Furniture,Premium,Hải Mai Lê
3680,679,96,6,21163098.0,3527183.0,292,2023-08-16,2023,8,3,Orchestrate Magnetic Eyeballs,Books,Luxury,
3681,201,270,18,44465562.0,2470309.0,167,2024-04-11,2024,4,2,Revolutionize Open-Source Interfaces,Food,Luxury,Hải Đặng
3682,881,194,14,22225532.0,1587538.0,268,2023-09-22,2023,9,3,Implement Collaborative Action-Items,Books,Premium,Khoa Bùi
3683,1481,15,4,9575532.0,2393883.0,115,2023-04-15,2023,4,2,Maximize Back-End Infrastructures,Clothing,Luxury,
3684,1315,222,2,7244812.0,3622406.0,347,2024-09-03,2024,9,3,Enable Customized Architectures,Furniture,Luxury,
3685,1121,6,1,2764674.0,2764674.0,210,2023-01-15,2023,1,1,Whiteboard Impactful Networks,Furniture,Luxury,Trung Nguyễn
3686,903,246,15,32715390.0,2181026.0,477,2024-05-01,2024,5,2,Matrix Back-End E-Commerce,Furniture,Luxury,
3687,506,153,8,2543440.0,317930.0,358,2024-02-07,2024,2,1,Repurpose Turn-Key Relationships,Sports,Mid,
3688,1841,22,8,14065528.0,1758191.0,279,2023-10-30,2023,10,4,Orchestrate Holistic Interfaces,Furniture,Premium,Kim Phú Bùi
3689,1234,103,15,65469615.0,4364641.0,442,2023-08-18,2023,8,3,Strategize Web-Enabled Action-Items,Sports,Luxury,Hạnh Phú Dương
3690,530,78,4,19340332.0,4835083.0,57,2023-05-05,2023,5,2,Leverage Visionary Experiences,Clothing,Luxury,Hoàng Hoàng
3691,148,95,3,10352919.0,3450973.0,52,2023-03-24,2023,3,1,Optimize Customized E-Commerce,Clothing,Luxury,Kim Quang Phạm
3692,423,216,5,22719870.0,4543974.0,189,2023-04-17,2023,4,2,Whiteboard Killer Convergence,Clothing,Luxury,
3693,213,13,9,36469395.0,4052155.0,22,2024-02-09,2024,2,1,Aggregate Robust E-Services,Clothing,Luxury,
3694,1610,156,20,75730400.0,3786520.0,23,2023-10-16,2023,10,4,Target End-To-End Web Services,Food,Luxury,Bác Thành Dương
3695,1212,229,1,2467740.0,2467740.0,184,2024-09-22,2024,9,3,Streamline Viral Synergies,Furniture,Luxury,Linh Vũ
3696,904,263,11,44111584.0,4010144.0,99,2023-05-13,2023,5,2,Transition Magnetic E-Tailers,Books,Luxury,
3697,17,204,13,14595750.0,1122750.0,321,2023-12-22,2023,12,4,Strategize Ubiquitous Technologies,Furniture,Premium,
3698,367,233,14,29599360.0,2114240.0,210,2024-11-28,2024,11,4,Monetize Cross-Media Users,Books,Luxury,Trung Nguyễn
3699,1921,265,15,50410710.0,3360714.0,396,2024-06-10,2024,6,2,Incubate Magnetic E-Business,Food,Luxury,Phúc Đức Trần
3700,1626,227,12,31071972.0,2589331.0,451,2024-05-30,2024,5,2,Monetize Strategic E-Business,Food,Luxury,
3701,391,114,12,7618164.0,634847.0,101,2024-06-09,2024,6,2,Whiteboard Enterprise Channels,Food,Premium,
3702,522,3,20,51871860.0,2593593.0,248,2024-01-06,2024,1,1,Cultivate Rich Schemas,Electronics,Luxury,Bảo Mai Bùi
3703,382,299,10,16398270.0,1639827.0,497,2023-03-10,2023,3,1,Streamline Rich Communities,Clothing,Premium,Chị Hồng Trần
3704,728,258,11,1433476.0,130316.0,318,2024-09-29,2024,9,3,Deliver Killer Info-Mediaries,Food,Mid,Lâm Mai Bảo Đặng
3705,1673,94,9,2912112.0,323568.0,200,2023-12-15,2023,12,4,Morph Web-Enabled Convergence,Electronics,Mid,Vi Hoàng
3706,46,59,5,8403635.0,1680727.0,375,2024-03-24,2024,3,1,Re-Intermediate Synergistic Convergence,Books,Premium,Quý cô Kim Dương
3707,1082,95,9,31058757.0,3450973.0,107,2024-08-30,2024,8,3,Optimize Customized E-Commerce,Clothing,Luxury,
3708,1092,81,11,2007401.0,182491.0,193,2024-05-09,2024,5,2,Incentivize Frictionless Experiences,Clothing,Mid,Nhật Phạm
3709,1965,101,11,39685734.0,3607794.0,404,2024-01-05,2024,1,1,Extend Customized E-Tailers,Books,Luxury,Ngọc Mai
3710,867,194,14,22225532.0,1587538.0,52,2023-03-19,2023,3,1,Implement Collaborative Action-Items,Books,Premium,Kim Quang Phạm
3711,1088,23,12,14544012.0,1212001.0,361,2024-03-29,2024,3,1,Morph World-Class E-Markets,Furniture,Premium,
3712,893,169,8,18941872.0,2367734.0,48,2023-07-23,2023,7,3,Cultivate Scalable Applications,Books,Luxury,
3713,669,11,10,6130130.0,613013.0,279,2023-10-05,2023,10,4,Envisioneer Cross-Media Paradigms,Food,Premium,Kim Phú Bùi
3714,1399,130,5,20517665.0,4103533.0,195,2023-08-17,2023,8,3,Leverage Rich Paradigms,Electronics,Luxury,
3715,1050,254,2,9533816.0,4766908.0,140,2024-11-30,2024,11,4,Syndicate Distributed E-Business,Sports,Luxury,
3716,1406,136,14,30005192.0,2143228.0,261,2024-06-12,2024,6,2,Expedite Mission-Critical Web-Readiness,Electronics,Luxury,Chị Thảo Đặng
3717,1667,14,14,28140658.0,2010047.0,295,2023-08-02,2023,8,3,Cultivate Back-End Info-Mediaries,Food,Luxury,
3718,132,47,17,57226539.0,3366267.0,296,2024-09-16,2024,9,3,Morph Front-End Schemas,Food,Luxury,Trọng Văn Hoàng
3719,531,21,18,38523798.0,2140211.0,411,2023-09-21,2023,9,3,Mesh User-Centric Functionalities,Food,Luxury,
3720,75,115,1,3147817.0,3147817.0,134,2024-02-07,2024,2,1,Embrace Strategic Users,Food,Luxury,
3721,347,192,5,19968715.0,3993743.0,249,2023-07-11,2023,7,3,Re-Contextualize Open-Source Applications,Books,Luxury,Bà Yến Trần
3722,363,67,2,9516902.0,4758451.0,462,2024-03-10,2024,3,1,Disintermediate Cutting-Edge Roi,Furniture,Luxury,
3723,1461,297,5,11727680.0,2345536.0,111,2023-03-15,2023,3,1,Incentivize Leading-Edge Bandwidth,Electronics,Luxury,Duyên Bùi
3724,1098,193,18,39499992.0,2194444.0,293,2023-09-21,2023,9,3,Disintermediate Bricks-And-Clicks Partnerships,Food,Luxury,Lâm Nguyễn
3725,1139,272,10,39818400.0,3981840.0,250,2024-01-27,2024,1,1,Embrace 24/7 Architectures,Food,Luxury,Quý ông Nam Nguyễn
3726,864,249,4,12489968.0,3122492.0,212,2023-09-20,2023,9,3,Syndicate E-Business Systems,Clothing,Luxury,An Hải Mai
3727,143,138,16,61097088.0,3818568.0,3,2024-12-09,2024,12,4,Empower Enterprise Architectures,Food,Luxury,Bảo Tấn Phạm
3728,343,88,2,9770846.0,4885423.0,314,2023-07-18,2023,7,3,Drive Front-End E-Services,Electronics,Luxury,
3729,1411,147,16,47944352.0,2996522.0,117,2024-02-28,2024,2,1,Disintermediate Cutting-Edge Info-Mediaries,Electronics,Luxury,Bác Phúc Mai
3730,408,221,14,23734970.0,1695355.0,279,2024-12-29,2024,12,4,Innovate Scalable Action-Items,Furniture,Premium,Kim Phú Bùi
3731,1902,88,3,14656269.0,4885423.0,64,2023-08-12,2023,8,3,Drive Front-End E-Services,Electronics,Luxury,Khoa Đức Vũ
3732,1132,131,6,8052642.0,1342107.0,115,2023-07-26,2023,7,3,Harness B2B Portals,Clothing,Premium,
3733,1013,258,11,1433476.0,130316.0,184,2023-04-05,2023,4,2,Deliver Killer Info-Mediaries,Food,Mid,Linh Vũ
3734,1528,100,14,36895390.0,2635385.0,266,2023-11-09,2023,11,4,Unleash Magnetic Action-Items,Clothing,Luxury,Cô Ánh Trần
3735,886,197,9,35104779.0,3900531.0,39,2023-05-03,2023,5,2,Scale Plug-And-Play E-Services,Electronics,Luxury,
3736,1926,187,10,35691280.0,3569128.0,391,2024-12-13,2024,12,4,Maximize Bleeding-Edge Bandwidth,Furniture,Luxury,
3737,556,191,13,55788928.0,4291456.0,344,2024-04-01,2024,4,2,Envisioneer Back-End E-Services,Books,Luxury,Kim Đức Hoàng
3738,1709,110,18,47467800.0,2637100.0,499,2023-10-05,2023,10,4,Matrix 24/7 Metrics,Sports,Luxury,
3739,1998,72,8,25429536.0,3178692.0,130,2024-10-05,2024,10,4,Strategize Clicks-And-Mortar Methodologies,Books,Luxury,Anh Tấn Bùi
3740,820,19,7,8373603.0,1196229.0,382,2024-08-24,2024,8,3,Strategize B2B Partnerships,Clothing,Premium,
3741,1003,191,14,60080384.0,4291456.0,57,2023-12-18,2023,12,4,Envisioneer Back-End E-Services,Books,Luxury,Hoàng Hoàng
3742,1767,232,2,4544048.0,2272024.0,338,2023-12-29,2023,12,4,Brand Viral Roi,Clothing,Luxury,
3743,894,265,4,13442856.0,3360714.0,358,2024-09-07,2024,9,3,Incubate Magnetic E-Business,Food,Luxury,
3744,1273,16,18,20934216.0,1163012.0,61,2024-09-30,2024,9,3,Streamline Killer Relationships,Sports,Premium,Chị Linh Phạm
3745,529,226,11,25943511.0,2358501.0,426,2024-10-19,2024,10,4,Evolve Rich Experiences,Electronics,Luxury,
3746,1723,75,8,26968808.0,3371101.0,446,2023-05-17,2023,5,2,Maximize Cutting-Edge Paradigms,Electronics,Luxury,
3747,87,71,9,43704945.0,4856105.0,45,2023-07-07,2023,7,3,Maximize Virtual Users,Electronics,Luxury,
3748,603,113,7,18004133.0,2572019.0,266,2023-07-06,2023,7,3,Brand Mission-Critical Niches,Books,Luxury,Cô Ánh Trần
3749,749,5,11,21687050.0,1971550.0,485,2024-05-05,2024,5,2,Redefine 24/365 Architectures,Books,Premium,
3750,921,25,16,29036096.0,1814756.0,58,2024-02-12,2024,2,1,Reinvent Scalable Eyeballs,Electronics,Premium,Nhiên Nguyễn
3751,1567,49,10,3850560.0,385056.0,361,2024-05-02,2024,5,2,Transition Impactful Info-Mediaries,Food,Mid,
3752,1150,221,10,16953550.0,1695355.0,10,2023-07-07,2023,7,3,Innovate Scalable Action-Items,Furniture,Premium,
3753,8,12,14,24663464.0,1761676.0,5,2024-09-09,2024,9,3,Synthesize Cross-Platform Applications,Sports,Premium,Linh Bùi
3754,936,115,20,62956340.0,3147817.0,365,2024-04-19,2024,4,2,Embrace Strategic Users,Food,Luxury,
3755,979,251,15,64672665.0,4311511.0,405,2024-03-04,2024,3,1,Incubate Cross-Platform Platforms,Electronics,Luxury,
3756,1019,228,6,15768030.0,2628005.0,395,2023-02-23,2023,2,1,Envisioneer Collaborative Applications,Food,Luxury,Yến Phạm
3757,374,272,3,11945520.0,3981840.0,465,2024-11-09,2024,11,4,Embrace 24/7 Architectures,Food,Luxury,
3758,1391,231,8,37132952.0,4641619.0,498,2023-04-05,2023,4,2,Reinvent Frictionless Supply-Chains,Sports,Luxury,
3759,1975,299,4,6559308.0,1639827.0,88,2023-08-22,2023,8,3,Streamline Rich Communities,Clothing,Premium,
3760,1874,258,12,1563792.0,130316.0,54,2024-11-29,2024,11,4,Deliver Killer Info-Mediaries,Food,Mid,Quý cô Hạnh Phạm
3761,1355,249,16,49959872.0,3122492.0,293,2024-02-23,2024,2,1,Syndicate E-Business Systems,Clothing,Luxury,Lâm Nguyễn
3762,114,182,8,7047432.0,880929.0,169,2023-12-08,2023,12,4,Brand Rich Action-Items,Books,Premium,Cô An Vũ
3763,1854,292,11,29947808.0,2722528.0,303,2024-06-16,2024,6,2,Disintermediate Strategic E-Markets,Clothing,Luxury,Khoa Phú Hoàng
3764,544,238,6,2324940.0,387490.0,15,2024-10-30,2024,10,4,Enhance E-Business Architectures,Clothing,Mid,Hoàng Hoàng
3765,467,218,18,71266464.0,3959248.0,84,2023-09-28,2023,9,3,Target Impactful Deliverables,Books,Luxury,
3766,896,34,3,4326180.0,1442060.0,425,2023-06-17,2023,6,2,Monetize Back-End Content,Clothing,Premium,Linh Bùi
3767,1906,155,16,22394240.0,1399640.0,281,2023-06-18,2023,6,2,Benchmark Virtual Users,Clothing,Premium,
3768,893,197,17,66309027.0,3900531.0,48,2023-07-23,2023,7,3,Scale Plug-And-Play E-Services,Electronics,Luxury,
3769,1635,108,16,64081664.0,4005104.0,18,2023-03-02,2023,3,1,Generate Value-Added Convergence,Clothing,Luxury,
3770,1403,253,9,35465940.0,3940660.0,127,2024-10-02,2024,10,4,Incentivize Sticky Niches,Furniture,Luxury,Mai Bùi
3771,548,18,9,18171765.0,2019085.0,209,2023-07-01,2023,7,3,Empower Dot-Com Applications,Food,Luxury,Hải Phú Hoàng
3772,155,249,4,12489968.0,3122492.0,436,2023-06-13,2023,6,2,Syndicate E-Business Systems,Clothing,Luxury,
3773,1453,211,10,30310910.0,3031091.0,499,2023-12-26,2023,12,4,Optimize Proactive Systems,Books,Luxury,
3774,1902,63,1,2305230.0,2305230.0,64,2023-08-12,2023,8,3,Seize Web-Enabled Solutions,Electronics,Luxury,Khoa Đức Vũ
3775,1891,79,4,12382764.0,3095691.0,300,2023-10-22,2023,10,4,Syndicate Rich Initiatives,Clothing,Luxury,
3776,190,195,8,17871784.0,2233973.0,101,2023-05-03,2023,5,2,Leverage World-Class Vortals,Food,Luxury,
3777,1966,65,9,27844938.0,3093882.0,487,2023-01-16,2023,1,1,Integrate Proactive Interfaces,Clothing,Luxury,
3778,204,145,13,47756566.0,3673582.0,482,2024-05-05,2024,5,2,Incentivize B2B Roi,Electronics,Luxury,Bảo Đức Phạm
3779,1670,95,18,62117514.0,3450973.0,488,2023-06-21,2023,6,2,Optimize Customized E-Commerce,Clothing,Luxury,Thành Mai
3780,1947,126,20,62268400.0,3113420.0,303,2024-09-19,2024,9,3,Enable Impactful Communities,Electronics,Luxury,Khoa Phú Hoàng
3781,1468,184,18,10681848.0,593436.0,118,2024-01-12,2024,1,1,Deploy Extensible Infrastructures,Food,Premium,Tùng Mai Mai
3782,1206,171,13,1639040.0,126080.0,55,2023-05-13,2023,5,2,Aggregate Synergistic Partnerships,Food,Mid,
3783,132,179,8,27926744.0,3490843.0,296,2024-09-16,2024,9,3,Streamline Value-Added Schemas,Food,Luxury,Trọng Văn Hoàng
3784,791,61,13,54199834.0,4169218.0,105,2023-06-12,2023,6,2,Synthesize Seamless Paradigms,Books,Luxury,
3785,86,142,10,44726160.0,4472616.0,393,2023-05-11,2023,5,2,Maximize Proactive Action-Items,Books,Luxury,Nhật Nguyễn
3786,222,106,17,11748700.0,691100.0,306,2024-05-07,2024,5,2,Streamline Turn-Key E-Commerce,Furniture,Premium,
3787,1802,175,9,9616986.0,1068554.0,118,2023-05-26,2023,5,2,Engage Robust Initiatives,Electronics,Premium,Tùng Mai Mai
3788,819,18,19,38362615.0,2019085.0,397,2023-02-01,2023,2,1,Empower Dot-Com Applications,Food,Luxury,Thành Mai Hoàng
3789,1131,64,11,29898319.0,2718029.0,270,2024-09-03,2024,9,3,Unleash End-To-End Methodologies,Furniture,Luxury,
3790,598,262,20,99163340.0,4958167.0,349,2024-02-13,2024,2,1,Maximize Customized Deliverables,Books,Luxury,Phúc Lê
3791,906,294,17,73299784.0,4311752.0,156,2024-10-08,2024,10,4,E-Enable Strategic Functionalities,Clothing,Luxury,Bảo Văn Bùi
3792,1089,93,20,17779320.0,888966.0,34,2023-11-05,2023,11,4,Implement 24/365 Systems,Clothing,Premium,Phúc Hoàng
3793,474,53,17,66626315.0,3919195.0,139,2024-04-04,2024,4,2,Leverage Ubiquitous Architectures,Food,Luxury,Cô Hạnh Hoàng
3794,103,135,10,6579830.0,657983.0,390,2024-07-15,2024,7,3,Engage Bricks-And-Clicks E-Markets,Furniture,Premium,Khoa Hoàng
3795,1995,20,6,2737470.0,456245.0,463,2024-09-19,2024,9,3,Engineer Integrated Deliverables,Food,Mid,
3796,1496,112,4,10276296.0,2569074.0,34,2023-02-16,2023,2,1,Harness Customized E-Markets,Books,Luxury,Phúc Hoàng
3797,275,89,3,2360817.0,786939.0,415,2024-02-11,2024,2,1,Facilitate Rich Paradigms,Sports,Premium,
3798,1063,8,2,9833046.0,4916523.0,37,2024-03-26,2024,3,1,Extend Interactive Web-Readiness,Books,Luxury,
3799,632,227,17,44018627.0,2589331.0,311,2023-08-25,2023,8,3,Monetize Strategic E-Business,Food,Luxury,
3800,1502,152,12,43827900.0,3652325.0,130,2023-10-29,2023,10,4,Repurpose Open-Source Paradigms,Sports,Luxury,Anh Tấn Bùi
3801,1216,181,5,21937415.0,4387483.0,284,2023-03-20,2023,3,1,Orchestrate End-To-End Markets,Electronics,Luxury,
3802,822,294,1,4311752.0,4311752.0,381,2024-06-22,2024,6,2,E-Enable Strategic Functionalities,Clothing,Luxury,Hà Đức Bùi
3803,1455,78,1,4835083.0,4835083.0,383,2023-09-22,2023,9,3,Leverage Visionary Experiences,Clothing,Luxury,Ngọc Mai
3804,1993,180,18,26634528.0,1479696.0,355,2023-01-16,2023,1,1,E-Enable Collaborative Technologies,Food,Premium,Cô Bảo Đặng
3805,460,295,9,19002555.0,2111395.0,320,2024-06-19,2024,6,2,Evolve Value-Added Users,Electronics,Luxury,Hương Dương
3806,241,66,19,58059440.0,3055760.0,40,2024-03-08,2024,3,1,Leverage Revolutionary Technologies,Sports,Luxury,
3807,1647,23,3,3636003.0,1212001.0,89,2024-08-14,2024,8,3,Morph World-Class E-Markets,Furniture,Premium,Nhật Hải Trần
3808,1888,182,10,8809290.0,880929.0,419,2024-08-02,2024,8,3,Brand Rich Action-Items,Books,Premium,
3809,956,36,19,8233004.0,433316.0,447,2024-10-18,2024,10,4,Extend Magnetic Supply-Chains,Food,Mid,Chị Linh Hoàng
3810,909,149,2,6393914.0,3196957.0,419,2024-05-12,2024,5,2,Incubate Collaborative Vortals,Books,Luxury,
3811,87,245,13,57395949.0,4415073.0,45,2023-07-07,2023,7,3,Deploy Web-Enabled Convergence,Books,Luxury,
3812,800,176,17,5851383.0,344199.0,342,2023-12-18,2023,12,4,Synergize Integrated Convergence,Furniture,Mid,
3813,950,280,9,8163882.0,907098.0,270,2023-04-30,2023,4,2,Mesh Leading-Edge E-Commerce,Furniture,Premium,
3814,940,175,9,9616986.0,1068554.0,433,2023-05-21,2023,5,2,Engage Robust Initiatives,Electronics,Premium,Cô Mai Trần
3815,1300,148,10,14794150.0,1479415.0,277,2024-09-17,2024,9,3,Unleash Distributed Web-Readiness,Electronics,Premium,Dũng Vũ
3816,993,17,4,14070704.0,3517676.0,208,2023-08-18,2023,8,3,Exploit Holistic Info-Mediaries,Electronics,Luxury,Ngọc Bùi
3817,1220,240,7,30013151.0,4287593.0,294,2024-08-14,2024,8,3,Streamline Extensible E-Commerce,Electronics,Luxury,Thành Thị Bùi
3818,382,10,14,16400342.0,1171453.0,497,2023-03-10,2023,3,1,Seize Wireless Web-Readiness,Food,Premium,Chị Hồng Trần
3819,1855,17,16,56282816.0,3517676.0,232,2023-07-27,2023,7,3,Exploit Holistic Info-Mediaries,Electronics,Luxury,Phương Dương
3820,279,272,20,79636800.0,3981840.0,398,2023-03-04,2023,3,1,Embrace 24/7 Architectures,Food,Luxury,Ông Quang Vũ
3821,1103,42,3,4847157.0,1615719.0,493,2023-09-27,2023,9,3,Syndicate Sticky Functionalities,Sports,Premium,Châu Bùi
3822,1341,214,9,26656668.0,2961852.0,367,2024-01-09,2024,1,1,Leverage Global Niches,Furniture,Luxury,
3823,1068,43,13,19960837.0,1535449.0,296,2024-04-02,2024,4,2,Reinvent Compelling Synergies,Furniture,Premium,Trọng Văn Hoàng
3824,462,217,1,2653656.0,2653656.0,233,2023-05-19,2023,5,2,Deliver Wireless Metrics,Clothing,Luxury,Lâm Trần
3825,1170,123,16,1900304.0,118769.0,346,2023-03-28,2023,3,1,Utilize Open-Source Mindshare,Books,Mid,Phương Hoàng
3826,1423,87,14,63367570.0,4526255.0,94,2024-02-02,2024,2,1,Transition Next-Generation Vortals,Sports,Luxury,Kim Lê
3827,1406,76,20,73786120.0,3689306.0,261,2024-06-12,2024,6,2,Maximize B2B Platforms,Clothing,Luxury,Chị Thảo Đặng
3828,501,219,20,9721400.0,486070.0,240,2023-08-01,2023,8,3,Matrix Vertical Systems,Books,Mid,Phúc Trí Dương
3829,1740,139,9,24598044.0,2733116.0,15,2023-05-26,2023,5,2,Architect Innovative Systems,Electronics,Luxury,Hoàng Hoàng
3830,1021,123,9,1068921.0,118769.0,453,2023-03-30,2023,3,1,Utilize Open-Source Mindshare,Books,Mid,Kim Dương
3831,1546,264,5,15646095.0,3129219.0,318,2023-04-13,2023,4,2,Scale 24/365 Users,Clothing,Luxury,Lâm Mai Bảo Đặng
3832,412,180,18,26634528.0,1479696.0,35,2023-06-20,2023,6,2,E-Enable Collaborative Technologies,Food,Premium,Khoa Trần
3833,999,46,13,62928814.0,4840678.0,498,2023-07-22,2023,7,3,Syndicate Dynamic E-Commerce,Electronics,Luxury,
3834,1069,84,15,58076250.0,3871750.0,428,2023-09-23,2023,9,3,Grow Dynamic Communities,Sports,Luxury,
3835,1896,74,6,10482858.0,1747143.0,123,2023-03-02,2023,3,1,Unleash Global Initiatives,Furniture,Premium,
3836,677,286,15,66625185.0,4441679.0,439,2023-12-29,2023,12,4,Transform Dynamic Models,Clothing,Luxury,
3837,1776,46,20,96813560.0,4840678.0,233,2024-05-19,2024,5,2,Syndicate Dynamic E-Commerce,Electronics,Luxury,Lâm Trần
3838,1558,144,11,1508760.0,137160.0,260,2024-05-31,2024,5,2,Integrate Bleeding-Edge Partnerships,Electronics,Mid,
3839,450,299,8,13118616.0,1639827.0,275,2024-11-17,2024,11,4,Streamline Rich Communities,Clothing,Premium,Bác Minh Nguyễn
3840,392,233,7,14799680.0,2114240.0,360,2023-06-17,2023,6,2,Monetize Cross-Media Users,Books,Luxury,Chị Nhật Bùi
3841,1400,278,7,32463711.0,4637673.0,494,2023-02-12,2023,2,1,Productize Dot-Com Deliverables,Furniture,Luxury,Chi Nguyễn
3842,1488,107,3,5371728.0,1790576.0,367,2023-06-08,2023,6,2,Target Vertical E-Markets,Books,Premium,
3843,1171,1,16,22385328.0,1399083.0,220,2024-09-08,2024,9,3,Engineer Next-Generation Infrastructures,Furniture,Premium,Cô Khoa Nguyễn
3844,1466,259,20,38552160.0,1927608.0,88,2023-07-07,2023,7,3,Matrix Back-End Initiatives,Furniture,Premium,
3845,187,139,8,21864928.0,2733116.0,194,2023-08-16,2023,8,3,Architect Innovative Systems,Electronics,Luxury,An Văn Hoàng
3846,1400,13,18,72938790.0,4052155.0,494,2023-02-12,2023,2,1,Aggregate Robust E-Services,Clothing,Luxury,Chi Nguyễn
3847,698,242,15,34803330.0,2320222.0,113,2024-02-23,2024,2,1,Reinvent Real-Time Architectures,Sports,Luxury,Chị Hà Đặng
3848,1235,181,7,30712381.0,4387483.0,205,2023-05-27,2023,5,2,Orchestrate End-To-End Markets,Electronics,Luxury,
3849,1554,249,15,46837380.0,3122492.0,281,2024-03-15,2024,3,1,Syndicate E-Business Systems,Clothing,Luxury,
3850,1130,6,8,22117392.0,2764674.0,166,2023-12-11,2023,12,4,Whiteboard Impactful Networks,Furniture,Luxury,Khoa Phú Hoàng
3851,1383,80,14,18761400.0,1340100.0,483,2023-04-23,2023,4,2,Cultivate Web-Enabled Info-Mediaries,Sports,Premium,Anh Tùng Đặng
3852,1619,212,17,44945824.0,2643872.0,266,2024-06-07,2024,6,2,Reinvent Distributed E-Commerce,Books,Luxury,Cô Ánh Trần
3853,888,201,3,375867.0,125289.0,43,2024-07-20,2024,7,3,Architect Viral Metrics,Furniture,Mid,An Hoàng Phạm
3854,91,225,15,7708080.0,513872.0,481,2024-06-16,2024,6,2,Transform Proactive Markets,Electronics,Premium,Hải Mai Lê
3855,959,158,18,17474760.0,970820.0,488,2024-11-01,2024,11,4,Synergize Viral Platforms,Food,Premium,Thành Mai
3856,574,100,7,18447695.0,2635385.0,76,2023-12-31,2023,12,4,Unleash Magnetic Action-Items,Clothing,Luxury,
3857,1613,157,8,18317392.0,2289674.0,498,2023-01-22,2023,1,1,Cultivate Integrated Portals,Books,Luxury,
3858,1964,273,5,7539025.0,1507805.0,139,2023-05-29,2023,5,2,Evolve Enterprise Experiences,Food,Premium,Cô Hạnh Hoàng
3859,869,106,16,11057600.0,691100.0,117,2023-04-01,2023,4,2,Streamline Turn-Key E-Commerce,Furniture,Premium,Bác Phúc Mai
3860,1819,94,2,647136.0,323568.0,199,2024-12-14,2024,12,4,Morph Web-Enabled Convergence,Electronics,Mid,
3861,1905,111,7,5002830.0,714690.0,497,2023-03-23,2023,3,1,Optimize Dynamic Web Services,Books,Premium,Chị Hồng Trần
3862,102,85,9,9815364.0,1090596.0,162,2024-11-23,2024,11,4,Benchmark Cutting-Edge Mindshare,Furniture,Premium,Dũng Mai
3863,569,129,19,87880168.0,4625272.0,20,2023-10-22,2023,10,4,Synthesize Customized E-Markets,Furniture,Luxury,Trung Phú Bùi
3864,1840,282,2,2749712.0,1374856.0,237,2024-11-30,2024,11,4,Utilize Frictionless Interfaces,Books,Premium,
3865,339,235,1,4846436.0,4846436.0,126,2024-03-17,2024,3,1,Mesh Proactive Relationships,Clothing,Luxury,Quý cô Khoa Vũ
3866,1140,190,1,3992687.0,3992687.0,468,2023-11-07,2023,11,4,Streamline Clicks-And-Mortar Interfaces,Books,Luxury,Dũng Vũ
3867,1177,237,5,5900585.0,1180117.0,58,2024-10-23,2024,10,4,Engineer E-Business Technologies,Sports,Premium,Nhiên Nguyễn
3868,984,231,17,78907523.0,4641619.0,276,2023-01-27,2023,1,1,Reinvent Frictionless Supply-Chains,Sports,Luxury,Thành Hữu Đặng
3869,397,190,2,7985374.0,3992687.0,54,2023-04-28,2023,4,2,Streamline Clicks-And-Mortar Interfaces,Books,Luxury,Quý cô Hạnh Phạm
3870,1867,213,7,15855896.0,2265128.0,141,2024-08-04,2024,8,3,Repurpose Cutting-Edge Interfaces,Sports,Luxury,
3871,419,76,13,47960978.0,3689306.0,245,2023-04-06,2023,4,2,Maximize B2B Platforms,Clothing,Luxury,An Xuân Lê
3872,1329,110,20,52742000.0,2637100.0,463,2024-04-11,2024,4,2,Matrix 24/7 Metrics,Sports,Luxury,
3873,1962,153,12,3815160.0,317930.0,248,2024-04-06,2024,4,2,Repurpose Turn-Key Relationships,Sports,Mid,Bảo Mai Bùi
3874,782,243,2,3631870.0,1815935.0,332,2023-01-06,2023,1,1,Streamline Turn-Key Supply-Chains,Electronics,Premium,
3875,1590,214,15,44427780.0,2961852.0,12,2023-12-30,2023,12,4,Leverage Global Niches,Furniture,Luxury,
3876,629,91,5,21188820.0,4237764.0,58,2024-05-16,2024,5,2,Innovate Global Bandwidth,Sports,Luxury,Nhiên Nguyễn
3877,236,193,1,2194444.0,2194444.0,253,2023-04-12,2023,4,2,Disintermediate Bricks-And-Clicks Partnerships,Food,Luxury,Bác Hưng Hoàng
3878,298,153,8,2543440.0,317930.0,27,2023-08-14,2023,8,3,Repurpose Turn-Key Relationships,Sports,Mid,
3879,715,105,9,20079378.0,2231042.0,298,2024-05-23,2024,5,2,Streamline E-Business Convergence,Furniture,Luxury,Hưng Vũ
3880,639,286,12,53300148.0,4441679.0,53,2023-08-23,2023,8,3,Transform Dynamic Models,Clothing,Luxury,
3881,866,63,8,18441840.0,2305230.0,159,2023-02-17,2023,2,1,Seize Web-Enabled Solutions,Electronics,Luxury,
3882,1091,76,15,55339590.0,3689306.0,376,2024-05-05,2024,5,2,Maximize B2B Platforms,Clothing,Luxury,Xuân Phạm
3883,1607,266,13,12942397.0,995569.0,438,2024-12-23,2024,12,4,Reinvent Mission-Critical Systems,Clothing,Premium,Hải Đặng
3884,1692,262,19,94205173.0,4958167.0,165,2023-07-06,2023,7,3,Maximize Customized Deliverables,Books,Luxury,Phúc Đặng
3885,753,207,14,39100110.0,2792865.0,31,2024-12-19,2024,12,4,Benchmark Collaborative Bandwidth,Electronics,Luxury,Bác Thành Nguyễn
3886,637,28,12,45813024.0,3817752.0,12,2023-01-07,2023,1,1,Cultivate Dot-Com Deliverables,Books,Luxury,
3887,1028,22,11,19340101.0,1758191.0,448,2023-02-07,2023,2,1,Orchestrate Holistic Interfaces,Furniture,Premium,
3888,1696,61,18,75045924.0,4169218.0,443,2024-09-13,2024,9,3,Synthesize Seamless Paradigms,Books,Luxury,
3889,348,257,10,7416470.0,741647.0,483,2024-05-13,2024,5,2,Embrace Intuitive E-Commerce,Electronics,Premium,Anh Tùng Đặng
3890,11,151,16,43955808.0,2747238.0,287,2024-12-14,2024,12,4,Synthesize Distributed Systems,Clothing,Luxury,Quý cô Khoa Bùi
3891,336,239,13,45095531.0,3468887.0,266,2023-01-16,2023,1,1,Cultivate Interactive E-Tailers,Furniture,Luxury,Cô Ánh Trần
3892,1733,111,7,5002830.0,714690.0,455,2024-01-06,2024,1,1,Optimize Dynamic Web Services,Books,Premium,Hoàng Hữu Trần
3893,1263,67,6,28550706.0,4758451.0,12,2024-06-23,2024,6,2,Disintermediate Cutting-Edge Roi,Furniture,Luxury,
3894,70,1,1,1399083.0,1399083.0,310,2024-08-12,2024,8,3,Engineer Next-Generation Infrastructures,Furniture,Premium,Nhật Hoàng
3895,1474,39,16,48766448.0,3047903.0,358,2024-09-30,2024,9,3,Monetize World-Class Deliverables,Sports,Luxury,
3896,25,264,7,21904533.0,3129219.0,89,2023-10-09,2023,10,4,Scale 24/365 Users,Clothing,Luxury,Nhật Hải Trần
3897,1916,132,17,42257563.0,2485739.0,99,2024-06-18,2024,6,2,Streamline Compelling Communities,Electronics,Luxury,
3898,1565,205,20,30371420.0,1518571.0,6,2023-01-22,2023,1,1,Exploit Next-Generation E-Services,Books,Premium,Quý cô Chi Phạm
3899,707,196,6,9416370.0,1569395.0,265,2023-05-05,2023,5,2,Repurpose Innovative E-Services,Electronics,Premium,
3900,1660,97,4,17555896.0,4388974.0,218,2024-09-12,2024,9,3,Drive Strategic Convergence,Electronics,Luxury,Yến Vũ
3901,971,225,12,6166464.0,513872.0,127,2024-09-07,2024,9,3,Transform Proactive Markets,Electronics,Premium,Mai Bùi
3902,1610,255,20,47530860.0,2376543.0,23,2023-10-16,2023,10,4,Brand Distributed Models,Books,Luxury,Bác Thành Dương
3903,1478,148,19,28108885.0,1479415.0,440,2023-05-22,2023,5,2,Unleash Distributed Web-Readiness,Electronics,Premium,Chị Hạnh Dương
3904,1025,261,13,24752962.0,1904074.0,419,2024-04-14,2024,4,2,Exploit Back-End Markets,Sports,Premium,
3905,709,155,19,26593160.0,1399640.0,403,2024-10-20,2024,10,4,Benchmark Virtual Users,Clothing,Premium,
3906,1885,204,2,2245500.0,1122750.0,468,2023-10-23,2023,10,4,Strategize Ubiquitous Technologies,Furniture,Premium,Dũng Vũ
3907,1646,161,13,30509843.0,2346911.0,207,2024-08-03,2024,8,3,Innovate Proactive Web-Readiness,Books,Luxury,
3908,1016,4,14,45548048.0,3253432.0,399,2023-09-24,2023,9,3,Exploit 24/365 Models,Books,Luxury,Phúc Phạm
3909,166,125,10,29532480.0,2953248.0,46,2024-05-14,2024,5,2,Morph Holistic Interfaces,Clothing,Luxury,Hương Dương
3910,343,89,5,3934695.0,786939.0,314,2023-07-18,2023,7,3,Facilitate Rich Paradigms,Sports,Premium,
3911,336,206,20,91723800.0,4586190.0,266,2023-01-16,2023,1,1,Expedite Viral E-Services,Sports,Luxury,Cô Ánh Trần
3912,925,63,5,11526150.0,2305230.0,387,2023-12-17,2023,12,4,Seize Web-Enabled Solutions,Electronics,Luxury,Anh Mai
3913,407,102,8,20257344.0,2532168.0,44,2024-09-11,2024,9,3,Strategize Customized Schemas,Food,Luxury,An Hoàng
3914,1695,198,9,8790417.0,976713.0,135,2023-07-21,2023,7,3,Orchestrate Leading-Edge Schemas,Sports,Premium,Hạnh Lê
3915,516,83,13,16170778.0,1243906.0,178,2023-09-01,2023,9,3,Unleash Viral Paradigms,Clothing,Premium,
3916,1015,223,5,2523655.0,504731.0,344,2024-01-01,2024,1,1,Revolutionize Out-Of-The-Box Action-Items,Clothing,Premium,Kim Đức Hoàng
3917,663,299,5,8199135.0,1639827.0,228,2023-07-10,2023,7,3,Streamline Rich Communities,Clothing,Premium,Anh Hải Nguyễn
3918,1159,79,20,61913820.0,3095691.0,254,2024-11-28,2024,11,4,Syndicate Rich Initiatives,Clothing,Luxury,
3919,1686,212,18,47589696.0,2643872.0,264,2024-05-17,2024,5,2,Reinvent Distributed E-Commerce,Books,Luxury,Nhật Đức Mai
3920,1227,132,13,32314607.0,2485739.0,196,2023-03-07,2023,3,1,Streamline Compelling Communities,Electronics,Luxury,
3921,1530,101,2,7215588.0,3607794.0,150,2024-05-14,2024,5,2,Extend Customized E-Tailers,Books,Luxury,
3922,1760,58,10,8477720.0,847772.0,498,2024-03-18,2024,3,1,Benchmark Seamless Bandwidth,Books,Premium,
3923,799,157,12,27476088.0,2289674.0,37,2023-08-02,2023,8,3,Cultivate Integrated Portals,Books,Luxury,
3924,1697,55,16,58184816.0,3636551.0,369,2023-10-19,2023,10,4,Seize Efficient Communities,Food,Luxury,Trung Đức Đặng
3925,209,65,17,52595994.0,3093882.0,171,2023-08-09,2023,8,3,Integrate Proactive Interfaces,Clothing,Luxury,Thảo Hoàng
3926,924,233,5,10571200.0,2114240.0,298,2024-04-09,2024,4,2,Monetize Cross-Media Users,Books,Luxury,Hưng Vũ
3927,140,257,6,4449882.0,741647.0,444,2023-04-17,2023,4,2,Embrace Intuitive E-Commerce,Electronics,Premium,Hà Mai Dương
3928,434,193,8,17555552.0,2194444.0,314,2023-05-12,2023,5,2,Disintermediate Bricks-And-Clicks Partnerships,Food,Luxury,
3929,655,62,6,5945436.0,990906.0,156,2023-10-25,2023,10,4,Expedite Seamless Roi,Furniture,Premium,Bảo Văn Bùi
3930,1867,269,11,41949952.0,3813632.0,141,2024-08-04,2024,8,3,Unleash Plug-And-Play Markets,Clothing,Luxury,
3931,1861,30,20,26469480.0,1323474.0,370,2023-07-27,2023,7,3,Benchmark Customized Partnerships,Clothing,Premium,Chị Thành Nguyễn
3932,552,18,12,24229020.0,2019085.0,294,2024-06-26,2024,6,2,Empower Dot-Com Applications,Food,Luxury,Thành Thị Bùi
3933,417,57,6,9220308.0,1536718.0,45,2024-11-02,2024,11,4,Harness Sticky Web-Readiness,Food,Premium,
3934,137,284,8,19530792.0,2441349.0,46,2024-03-07,2024,3,1,Re-Intermediate Mission-Critical E-Markets,Sports,Luxury,Hương Dương
3935,1374,297,2,4691072.0,2345536.0,144,2023-06-27,2023,6,2,Incentivize Leading-Edge Bandwidth,Electronics,Luxury,
3936,470,144,8,1097280.0,137160.0,479,2023-03-02,2023,3,1,Integrate Bleeding-Edge Partnerships,Electronics,Mid,Anh Dũng Dương
3937,1403,224,3,8222364.0,2740788.0,127,2024-10-02,2024,10,4,E-Enable Robust Communities,Books,Luxury,Mai Bùi
3938,1331,50,10,25603740.0,2560374.0,40,2023-09-20,2023,9,3,Visualize One-To-One E-Business,Books,Luxury,
3939,1955,204,19,21332250.0,1122750.0,414,2024-03-15,2024,3,1,Strategize Ubiquitous Technologies,Furniture,Premium,
3940,37,27,11,4813985.0,437635.0,199,2023-03-24,2023,3,1,Incentivize Compelling Relationships,Sports,Mid,
3941,1241,217,1,2653656.0,2653656.0,122,2023-02-06,2023,2,1,Deliver Wireless Metrics,Clothing,Luxury,
3942,1767,222,19,68825714.0,3622406.0,338,2023-12-29,2023,12,4,Enable Customized Architectures,Furniture,Luxury,
3943,717,21,3,6420633.0,2140211.0,351,2023-05-20,2023,5,2,Mesh User-Centric Functionalities,Food,Luxury,
3944,1279,113,2,5144038.0,2572019.0,161,2023-09-09,2023,9,3,Brand Mission-Critical Niches,Books,Luxury,Bảo Dương
3945,1380,216,14,63615636.0,4543974.0,241,2023-01-24,2023,1,1,Whiteboard Killer Convergence,Clothing,Luxury,Vân Vũ
3946,1367,279,19,1711121.0,90059.0,373,2024-10-28,2024,10,4,Generate B2C Web-Readiness,Food,Budget,Quý cô An Hoàng
3947,911,54,15,29645985.0,1976399.0,140,2024-06-13,2024,6,2,Benchmark Killer Paradigms,Clothing,Premium,
3948,614,111,14,10005660.0,714690.0,245,2024-07-08,2024,7,3,Optimize Dynamic Web Services,Books,Premium,An Xuân Lê
3949,493,49,6,2310336.0,385056.0,4,2024-01-25,2024,1,1,Transition Impactful Info-Mediaries,Food,Mid,Khoa Lê
3950,742,47,8,26930136.0,3366267.0,230,2023-08-17,2023,8,3,Morph Front-End Schemas,Food,Luxury,Cô Hà Đặng
3951,125,31,16,12589840.0,786865.0,214,2023-12-10,2023,12,4,Expedite Transparent Niches,Clothing,Premium,
3952,1829,110,19,50104900.0,2637100.0,457,2023-02-01,2023,2,1,Matrix 24/7 Metrics,Sports,Luxury,
3953,1305,97,7,30722818.0,4388974.0,398,2023-10-03,2023,10,4,Drive Strategic Convergence,Electronics,Luxury,Ông Quang Vũ
3954,1881,84,7,27102250.0,3871750.0,359,2024-03-24,2024,3,1,Grow Dynamic Communities,Sports,Luxury,
3955,447,141,7,22656123.0,3236589.0,56,2024-06-12,2024,6,2,Innovate Vertical Markets,Electronics,Luxury,
3956,789,89,5,3934695.0,786939.0,21,2023-06-20,2023,6,2,Facilitate Rich Paradigms,Sports,Premium,Châu Đặng
3957,1084,23,6,7272006.0,1212001.0,344,2023-03-07,2023,3,1,Morph World-Class E-Markets,Furniture,Premium,Kim Đức Hoàng
3958,781,147,14,41951308.0,2996522.0,327,2023-02-27,2023,2,1,Disintermediate Cutting-Edge Info-Mediaries,Electronics,Luxury,Hạnh Thị Nguyễn
3959,1859,250,3,2693736.0,897912.0,477,2023-12-06,2023,12,4,Productize Magnetic Functionalities,Furniture,Premium,
3960,1547,140,10,35850170.0,3585017.0,340,2023-10-29,2023,10,4,Generate 24/365 Eyeballs,Food,Luxury,
3961,241,161,2,4693822.0,2346911.0,40,2024-03-08,2024,3,1,Innovate Proactive Web-Readiness,Books,Luxury,
3962,1449,286,5,22208395.0,4441679.0,94,2024-05-08,2024,5,2,Transform Dynamic Models,Clothing,Luxury,Kim Lê
3963,1721,167,11,20408190.0,1855290.0,411,2023-06-15,2023,6,2,Transform Cross-Platform Web-Readiness,Furniture,Premium,
3964,1380,4,17,55308344.0,3253432.0,241,2023-01-24,2023,1,1,Exploit 24/365 Models,Books,Luxury,Vân Vũ
3965,132,113,19,48868361.0,2572019.0,296,2024-09-16,2024,9,3,Brand Mission-Critical Niches,Books,Luxury,Trọng Văn Hoàng
3966,1707,28,6,22906512.0,3817752.0,136,2023-04-04,2023,4,2,Cultivate Dot-Com Deliverables,Books,Luxury,Bà Linh Mai
3967,614,90,16,24409824.0,1525614.0,245,2024-07-08,2024,7,3,Drive Collaborative Experiences,Electronics,Premium,An Xuân Lê
3968,1631,158,10,9708200.0,970820.0,47,2023-01-04,2023,1,1,Synergize Viral Platforms,Food,Premium,Tú Dương
3969,841,163,8,5626576.0,703322.0,122,2024-10-23,2024,10,4,Disintermediate Viral Convergence,Electronics,Premium,
3970,1606,30,4,5293896.0,1323474.0,402,2023-11-13,2023,11,4,Benchmark Customized Partnerships,Clothing,Premium,
3971,1786,73,15,66232440.0,4415496.0,192,2024-01-26,2024,1,1,Utilize Scalable Synergies,Furniture,Luxury,
3972,1696,191,15,64371840.0,4291456.0,443,2024-09-13,2024,9,3,Envisioneer Back-End E-Services,Books,Luxury,
3973,1763,49,20,7701120.0,385056.0,398,2024-12-17,2024,12,4,Transition Impactful Info-Mediaries,Food,Mid,Ông Quang Vũ
3974,161,85,13,14177748.0,1090596.0,325,2024-02-24,2024,2,1,Benchmark Cutting-Edge Mindshare,Furniture,Premium,Phúc Vũ
3975,40,170,17,74578303.0,4386959.0,390,2023-09-18,2023,9,3,Re-Intermediate Best-Of-Breed Info-Mediaries,Electronics,Luxury,Khoa Hoàng
3976,1326,78,7,33845581.0,4835083.0,243,2024-08-25,2024,8,3,Leverage Visionary Experiences,Clothing,Luxury,Bà Vân Phạm
3977,487,130,7,28724731.0,4103533.0,320,2024-12-19,2024,12,4,Leverage Rich Paradigms,Electronics,Luxury,Hương Dương
3978,1983,80,13,17421300.0,1340100.0,58,2023-10-17,2023,10,4,Cultivate Web-Enabled Info-Mediaries,Sports,Premium,Nhiên Nguyễn
3979,1142,236,18,44909766.0,2494987.0,398,2023-08-23,2023,8,3,Innovate Compelling Content,Clothing,Luxury,Ông Quang Vũ
3980,377,258,8,1042528.0,130316.0,423,2024-06-09,2024,6,2,Deliver Killer Info-Mediaries,Food,Mid,Chị Nhật Trần
3981,1255,225,10,5138720.0,513872.0,85,2024-04-30,2024,4,2,Transform Proactive Markets,Electronics,Premium,
3982,170,16,4,4652048.0,1163012.0,36,2024-12-19,2024,12,4,Streamline Killer Relationships,Sports,Premium,Cô Nhật Trần
3983,421,293,2,5904288.0,2952144.0,123,2023-02-04,2023,2,1,Disintermediate E-Business Channels,Clothing,Luxury,
3984,1948,110,3,7911300.0,2637100.0,262,2023-11-17,2023,11,4,Matrix 24/7 Metrics,Sports,Luxury,
3985,1003,270,8,19762472.0,2470309.0,57,2023-12-18,2023,12,4,Revolutionize Open-Source Interfaces,Food,Luxury,Hoàng Hoàng
3986,709,26,17,47685663.0,2805039.0,403,2024-10-20,2024,10,4,Maximize Holistic E-Business,Food,Luxury,
3987,374,2,6,14914056.0,2485676.0,465,2024-11-09,2024,11,4,Re-Intermediate Mission-Critical Functionalities,Books,Luxury,
3988,243,183,2,1563758.0,781879.0,410,2023-09-14,2023,9,3,Seize Innovative Methodologies,Electronics,Premium,Quý cô Thành Bùi
3989,303,279,9,810531.0,90059.0,102,2023-10-29,2023,10,4,Generate B2C Web-Readiness,Food,Budget,Hưng Nguyễn
3990,390,116,11,31893026.0,2899366.0,73,2023-08-01,2023,8,3,Cultivate 24/7 Communities,Sports,Luxury,Nhật Quang Nguyễn
3991,783,160,7,14547666.0,2078238.0,385,2023-10-21,2023,10,4,Engage Collaborative Bandwidth,Furniture,Luxury,Hà Mai
3992,985,261,15,28561110.0,1904074.0,236,2023-01-13,2023,1,1,Exploit Back-End Markets,Sports,Premium,
3993,809,7,15,23864880.0,1590992.0,460,2024-09-28,2024,9,3,Transition Transparent Markets,Books,Premium,
3994,50,180,6,8878176.0,1479696.0,177,2023-06-01,2023,6,2,E-Enable Collaborative Technologies,Food,Premium,Châu Bùi
3995,520,73,7,30908472.0,4415496.0,333,2024-05-18,2024,5,2,Utilize Scalable Synergies,Furniture,Luxury,
3996,1814,155,11,15396040.0,1399640.0,188,2024-09-28,2024,9,3,Benchmark Virtual Users,Clothing,Premium,Hạnh Hữu Mai
3997,1989,16,10,11630120.0,1163012.0,3,2024-05-06,2024,5,2,Streamline Killer Relationships,Sports,Premium,Bảo Tấn Phạm
3998,745,255,14,33271602.0,2376543.0,180,2023-09-30,2023,9,3,Brand Distributed Models,Books,Luxury,
3999,1916,157,3,6869022.0,2289674.0,99,2024-06-18,2024,6,2,Cultivate Integrated Portals,Books,Luxury,
4000,1527,83,18,22390308.0,1243906.0,396,2023-09-24,2023,9,3,Unleash Viral Paradigms,Clothing,Premium,Phúc Đức Trần
4001,1979,254,8,38135264.0,4766908.0,306,2023-12-11,2023,12,4,Syndicate Distributed E-Business,Sports,Luxury,
4002,328,21,14,29962954.0,2140211.0,166,2023-10-22,2023,10,4,Mesh User-Centric Functionalities,Food,Luxury,Khoa Phú Hoàng
4003,1808,28,20,76355040.0,3817752.0,190,2023-02-28,2023,2,1,Cultivate Dot-Com Deliverables,Books,Luxury,
4004,1167,171,17,2143360.0,126080.0,391,2023-10-15,2023,10,4,Aggregate Synergistic Partnerships,Food,Mid,
4005,662,209,6,2970414.0,495069.0,173,2024-02-02,2024,2,1,Evolve Visionary Content,Food,Mid,Quý ông Vũ Lê
4006,1400,260,13,14602874.0,1123298.0,494,2023-02-12,2023,2,1,Revolutionize Frictionless Web Services,Clothing,Premium,Chi Nguyễn
4007,812,112,19,48812406.0,2569074.0,106,2023-01-01,2023,1,1,Harness Customized E-Markets,Books,Luxury,Nhật Nguyễn
4008,674,192,1,3993743.0,3993743.0,51,2023-07-14,2023,7,3,Re-Contextualize Open-Source Applications,Books,Luxury,Hải Hải Phạm
4009,1608,250,2,1795824.0,897912.0,259,2023-06-08,2023,6,2,Productize Magnetic Functionalities,Furniture,Premium,
4010,33,229,20,49354800.0,2467740.0,38,2024-09-27,2024,9,3,Streamline Viral Synergies,Furniture,Luxury,Lan Vũ
4011,1617,270,11,27173399.0,2470309.0,26,2024-06-17,2024,6,2,Revolutionize Open-Source Interfaces,Food,Luxury,
4012,1363,111,7,5002830.0,714690.0,39,2024-07-08,2024,7,3,Optimize Dynamic Web Services,Books,Premium,
4013,201,297,6,14073216.0,2345536.0,167,2024-04-11,2024,4,2,Incentivize Leading-Edge Bandwidth,Electronics,Luxury,Hải Đặng
4014,852,88,12,58625076.0,4885423.0,449,2023-11-27,2023,11,4,Drive Front-End E-Services,Electronics,Luxury,
4015,1913,82,12,58003644.0,4833637.0,418,2023-03-16,2023,3,1,Extend 24/365 Web Services,Electronics,Luxury,
4016,1199,162,12,52000032.0,4333336.0,112,2023-08-13,2023,8,3,Syndicate Best-Of-Breed Communities,Electronics,Luxury,Nhật Trần
4017,739,199,6,23277276.0,3879546.0,391,2023-12-24,2023,12,4,Utilize Impactful Deliverables,Clothing,Luxury,
4018,1125,118,6,4028262.0,671377.0,478,2024-09-26,2024,9,3,Incentivize Seamless Technologies,Electronics,Premium,
4019,1033,200,5,15584290.0,3116858.0,270,2023-06-13,2023,6,2,Maximize Open-Source Mindshare,Sports,Luxury,
4020,502,60,17,38203539.0,2247267.0,38,2023-12-03,2023,12,4,Drive Mission-Critical Web-Readiness,Sports,Luxury,Lan Vũ
4021,117,259,4,7710432.0,1927608.0,428,2023-04-05,2023,4,2,Matrix Back-End Initiatives,Furniture,Premium,
4022,725,194,6,9525228.0,1587538.0,265,2024-08-21,2024,8,3,Implement Collaborative Action-Items,Books,Premium,
4023,753,114,4,2539388.0,634847.0,31,2024-12-19,2024,12,4,Whiteboard Enterprise Channels,Food,Premium,Bác Thành Nguyễn
4024,687,91,6,25426584.0,4237764.0,253,2024-09-03,2024,9,3,Innovate Global Bandwidth,Sports,Luxury,Bác Hưng Hoàng
4025,333,272,2,7963680.0,3981840.0,338,2024-01-16,2024,1,1,Embrace 24/7 Architectures,Food,Luxury,
4026,1626,3,7,18155151.0,2593593.0,451,2024-05-30,2024,5,2,Cultivate Rich Schemas,Electronics,Luxury,
4027,652,32,8,31882232.0,3985279.0,421,2024-11-14,2024,11,4,Iterate Intuitive Networks,Clothing,Luxury,Khoa Phạm
4028,415,276,16,63130560.0,3945660.0,496,2023-12-24,2023,12,4,Scale Dot-Com Web Services,Electronics,Luxury,
4029,1126,128,8,21336232.0,2667029.0,29,2024-01-08,2024,1,1,Seize Value-Added Bandwidth,Sports,Luxury,
4030,1283,12,20,35233520.0,1761676.0,492,2023-06-04,2023,6,2,Synthesize Cross-Platform Applications,Sports,Premium,Ông Nam Mai
4031,1079,248,9,8688591.0,965399.0,344,2024-09-04,2024,9,3,Syndicate Efficient Relationships,Food,Premium,Kim Đức Hoàng
4032,737,220,9,34718796.0,3857644.0,438,2024-04-28,2024,4,2,Generate Killer Mindshare,Sports,Luxury,Hải Đặng
4033,1615,285,12,665220.0,55435.0,106,2023-10-10,2023,10,4,Scale E-Business Web-Readiness,Clothing,Budget,Nhật Nguyễn
4034,484,236,12,29939844.0,2494987.0,171,2024-01-08,2024,1,1,Innovate Compelling Content,Clothing,Luxury,Thảo Hoàng
4035,986,151,2,5494476.0,2747238.0,424,2024-05-18,2024,5,2,Synthesize Distributed Systems,Clothing,Luxury,Nhiên Xuân Đặng
4036,1373,122,11,49440028.0,4494548.0,391,2023-01-30,2023,1,1,Empower Robust Relationships,Books,Luxury,
4037,62,28,20,76355040.0,3817752.0,392,2023-01-22,2023,1,1,Cultivate Dot-Com Deliverables,Books,Luxury,Hải Hải Vũ
4038,1798,3,7,18155151.0,2593593.0,440,2024-06-03,2024,6,2,Cultivate Rich Schemas,Electronics,Luxury,Chị Hạnh Dương
4039,514,93,6,5333796.0,888966.0,159,2024-01-21,2024,1,1,Implement 24/365 Systems,Clothing,Premium,
4040,1954,119,16,10960336.0,685021.0,374,2024-09-21,2024,9,3,Unleash Holistic Solutions,Electronics,Premium,
4041,1243,241,2,6099366.0,3049683.0,270,2024-12-01,2024,12,4,Drive One-To-One Portals,Food,Luxury,
4042,1286,37,2,3082740.0,1541370.0,361,2024-01-10,2024,1,1,Scale Frictionless Models,Furniture,Premium,
4043,111,79,14,43339674.0,3095691.0,255,2023-01-11,2023,1,1,Syndicate Rich Initiatives,Clothing,Luxury,Minh Đức Trần
4044,1764,292,18,49005504.0,2722528.0,114,2023-09-12,2023,9,3,Disintermediate Strategic E-Markets,Clothing,Luxury,
4045,1625,272,14,55745760.0,3981840.0,341,2023-02-04,2023,2,1,Embrace 24/7 Architectures,Food,Luxury,Bác Dũng Bùi
4046,1756,2,4,9942704.0,2485676.0,468,2023-12-08,2023,12,4,Re-Intermediate Mission-Critical Functionalities,Books,Luxury,Dũng Vũ
4047,1461,93,14,12445524.0,888966.0,111,2023-03-15,2023,3,1,Implement 24/365 Systems,Clothing,Premium,Duyên Bùi
4048,10,271,6,5495154.0,915859.0,263,2024-08-16,2024,8,3,Transition Holistic Partnerships,Sports,Premium,
4049,627,7,7,11136944.0,1590992.0,101,2024-12-11,2024,12,4,Transition Transparent Markets,Books,Premium,
4050,115,174,4,9690360.0,2422590.0,229,2023-08-20,2023,8,3,Expedite Sticky Users,Food,Luxury,
4051,1661,265,15,50410710.0,3360714.0,89,2024-12-26,2024,12,4,Incubate Magnetic E-Business,Food,Luxury,Nhật Hải Trần
4052,560,190,1,3992687.0,3992687.0,119,2023-09-01,2023,9,3,Streamline Clicks-And-Mortar Interfaces,Books,Luxury,Thành Bảo Trần
4053,1776,93,16,14223456.0,888966.0,233,2024-05-19,2024,5,2,Implement 24/365 Systems,Clothing,Premium,Lâm Trần
4054,1561,26,16,44880624.0,2805039.0,178,2023-07-24,2023,7,3,Maximize Holistic E-Business,Food,Luxury,
4055,1968,168,8,14666888.0,1833361.0,114,2024-04-19,2024,4,2,Synthesize Virtual E-Markets,Furniture,Premium,
4056,1423,150,2,8779218.0,4389609.0,94,2024-02-02,2024,2,1,Drive Collaborative Communities,Electronics,Luxury,Kim Lê
4057,1716,53,16,62707120.0,3919195.0,34,2024-06-26,2024,6,2,Leverage Ubiquitous Architectures,Food,Luxury,Phúc Hoàng
4058,1606,134,10,36930880.0,3693088.0,402,2023-11-13,2023,11,4,Matrix Revolutionary Applications,Electronics,Luxury,
4059,553,133,11,27053323.0,2459393.0,236,2024-10-03,2024,10,4,E-Enable Sticky Relationships,Furniture,Luxury,
4060,1835,1,1,1399083.0,1399083.0,76,2024-12-16,2024,12,4,Engineer Next-Generation Infrastructures,Furniture,Premium,
4061,188,265,16,53771424.0,3360714.0,134,2024-02-09,2024,2,1,Incubate Magnetic E-Business,Food,Luxury,
4062,945,101,1,3607794.0,3607794.0,245,2023-12-19,2023,12,4,Extend Customized E-Tailers,Books,Luxury,An Xuân Lê
4063,438,265,18,60492852.0,3360714.0,391,2023-04-28,2023,4,2,Incubate Magnetic E-Business,Food,Luxury,
4064,747,8,2,9833046.0,4916523.0,90,2023-12-30,2023,12,4,Extend Interactive Web-Readiness,Books,Luxury,
4065,151,169,6,14206404.0,2367734.0,138,2024-03-03,2024,3,1,Cultivate Scalable Applications,Books,Luxury,Dương Hoàng
4066,955,85,5,5452980.0,1090596.0,385,2023-01-08,2023,1,1,Benchmark Cutting-Edge Mindshare,Furniture,Premium,Hà Mai
4067,183,37,11,16955070.0,1541370.0,49,2024-05-02,2024,5,2,Scale Frictionless Models,Furniture,Premium,Trọng Hoàng
4068,830,104,14,24129770.0,1723555.0,150,2024-07-18,2024,7,3,Enhance Visionary Content,Electronics,Premium,
4069,1274,253,12,47287920.0,3940660.0,115,2023-05-12,2023,5,2,Incentivize Sticky Niches,Furniture,Luxury,
4070,1722,293,19,56090736.0,2952144.0,59,2023-01-15,2023,1,1,Disintermediate E-Business Channels,Clothing,Luxury,
4071,631,41,1,4720662.0,4720662.0,478,2024-03-19,2024,3,1,Harness Compelling Partnerships,Books,Luxury,
4072,114,24,8,12749296.0,1593662.0,169,2023-12-08,2023,12,4,Optimize Open-Source Infrastructures,Furniture,Premium,Cô An Vũ
4073,1645,224,20,54815760.0,2740788.0,380,2024-11-17,2024,11,4,E-Enable Robust Communities,Books,Luxury,
4074,1921,224,16,43852608.0,2740788.0,396,2024-06-10,2024,6,2,E-Enable Robust Communities,Books,Luxury,Phúc Đức Trần
4075,779,74,8,13977144.0,1747143.0,488,2023-11-13,2023,11,4,Unleash Global Initiatives,Furniture,Premium,Thành Mai
4076,903,63,12,27662760.0,2305230.0,477,2024-05-01,2024,5,2,Seize Web-Enabled Solutions,Electronics,Luxury,
4077,903,145,11,40409402.0,3673582.0,477,2024-05-01,2024,5,2,Incentivize B2B Roi,Electronics,Luxury,
4078,1776,201,17,2129913.0,125289.0,233,2024-05-19,2024,5,2,Architect Viral Metrics,Furniture,Mid,Lâm Trần
4079,212,19,4,4784916.0,1196229.0,426,2024-12-29,2024,12,4,Strategize B2B Partnerships,Clothing,Premium,
4080,1728,157,20,45793480.0,2289674.0,160,2023-05-20,2023,5,2,Cultivate Integrated Portals,Books,Luxury,
4081,254,54,12,23716788.0,1976399.0,37,2023-08-03,2023,8,3,Benchmark Killer Paradigms,Clothing,Premium,
4082,1086,170,20,87739180.0,4386959.0,162,2023-02-04,2023,2,1,Re-Intermediate Best-Of-Breed Info-Mediaries,Electronics,Luxury,Dũng Mai
4083,1842,92,16,18871760.0,1179485.0,443,2023-08-01,2023,8,3,Unleash Innovative E-Business,Furniture,Premium,
4084,412,213,13,29446664.0,2265128.0,35,2023-06-20,2023,6,2,Repurpose Cutting-Edge Interfaces,Sports,Luxury,Khoa Trần
4085,1144,111,7,5002830.0,714690.0,394,2024-12-19,2024,12,4,Optimize Dynamic Web Services,Books,Premium,Ông Tú Lê
4086,162,11,4,2452052.0,613013.0,437,2023-06-14,2023,6,2,Envisioneer Cross-Media Paradigms,Food,Premium,Trung Hoàng
4087,568,158,2,1941640.0,970820.0,293,2023-02-02,2023,2,1,Synergize Viral Platforms,Food,Premium,Lâm Nguyễn
4088,1230,138,15,57278520.0,3818568.0,116,2023-07-05,2023,7,3,Empower Enterprise Architectures,Food,Luxury,Anh Bảo Bùi
4089,1869,113,6,15432114.0,2572019.0,378,2024-01-06,2024,1,1,Brand Mission-Critical Niches,Books,Luxury,
4090,779,212,3,7931616.0,2643872.0,488,2023-11-13,2023,11,4,Reinvent Distributed E-Commerce,Books,Luxury,Thành Mai
4091,1907,110,11,29008100.0,2637100.0,258,2024-06-16,2024,6,2,Matrix 24/7 Metrics,Sports,Luxury,
4092,1574,151,8,21977904.0,2747238.0,383,2023-12-13,2023,12,4,Synthesize Distributed Systems,Clothing,Luxury,Ngọc Mai
4093,1355,179,3,10472529.0,3490843.0,293,2024-02-23,2024,2,1,Streamline Value-Added Schemas,Food,Luxury,Lâm Nguyễn
4094,870,154,8,17094632.0,2136829.0,405,2023-08-10,2023,8,3,Maximize E-Business Models,Clothing,Luxury,
4095,547,138,12,45822816.0,3818568.0,411,2023-04-10,2023,4,2,Empower Enterprise Architectures,Food,Luxury,
4096,1937,84,15,58076250.0,3871750.0,292,2024-08-29,2024,8,3,Grow Dynamic Communities,Sports,Luxury,
4097,1151,247,16,70350496.0,4396906.0,137,2023-06-26,2023,6,2,Synthesize Scalable Methodologies,Books,Luxury,Quý cô Linh Lê
4098,842,147,13,38954786.0,2996522.0,431,2023-03-08,2023,3,1,Disintermediate Cutting-Edge Info-Mediaries,Electronics,Luxury,Nam Thế Lê
4099,364,141,11,35602479.0,3236589.0,222,2023-09-29,2023,9,3,Innovate Vertical Markets,Electronics,Luxury,Bác Hưng Nguyễn
4100,546,61,9,37522962.0,4169218.0,40,2023-11-25,2023,11,4,Synthesize Seamless Paradigms,Books,Luxury,
4101,1899,21,4,8560844.0,2140211.0,363,2023-12-12,2023,12,4,Mesh User-Centric Functionalities,Food,Luxury,Bác Trung Hoàng
4102,332,79,7,21669837.0,3095691.0,249,2023-02-28,2023,2,1,Syndicate Rich Initiatives,Clothing,Luxury,Bà Yến Trần
4103,757,265,8,26885712.0,3360714.0,312,2024-04-17,2024,4,2,Incubate Magnetic E-Business,Food,Luxury,
4104,1445,15,8,19151064.0,2393883.0,63,2023-10-19,2023,10,4,Maximize Back-End Infrastructures,Clothing,Luxury,
4105,1947,107,12,21486912.0,1790576.0,303,2024-09-19,2024,9,3,Target Vertical E-Markets,Books,Premium,Khoa Phú Hoàng
4106,1823,197,16,62408496.0,3900531.0,301,2023-03-11,2023,3,1,Scale Plug-And-Play E-Services,Electronics,Luxury,
4107,1490,251,4,17246044.0,4311511.0,212,2024-08-14,2024,8,3,Incubate Cross-Platform Platforms,Electronics,Luxury,An Hải Mai
4108,514,269,8,30509056.0,3813632.0,159,2024-01-21,2024,1,1,Unleash Plug-And-Play Markets,Clothing,Luxury,
4109,1142,45,12,907812.0,75651.0,398,2023-08-23,2023,8,3,Morph 24/7 E-Business,Sports,Budget,Ông Quang Vũ
4110,577,219,6,2916420.0,486070.0,417,2023-11-15,2023,11,4,Matrix Vertical Systems,Books,Mid,
4111,1839,144,19,2606040.0,137160.0,445,2024-11-06,2024,11,4,Integrate Bleeding-Edge Partnerships,Electronics,Mid,Ánh Lê
4112,267,33,19,66458162.0,3497798.0,144,2023-07-13,2023,7,3,Implement 24/7 Applications,Clothing,Luxury,
4113,804,255,14,33271602.0,2376543.0,169,2024-10-25,2024,10,4,Brand Distributed Models,Books,Luxury,Cô An Vũ
4114,1085,29,6,25852956.0,4308826.0,240,2024-01-14,2024,1,1,Scale Cutting-Edge Roi,Sports,Luxury,Phúc Trí Dương
4115,536,131,4,5368428.0,1342107.0,482,2023-04-04,2023,4,2,Harness B2B Portals,Clothing,Premium,Bảo Đức Phạm
4116,396,175,19,20302526.0,1068554.0,259,2023-04-05,2023,4,2,Engage Robust Initiatives,Electronics,Premium,
4117,778,249,15,46837380.0,3122492.0,98,2024-09-21,2024,9,3,Syndicate E-Business Systems,Clothing,Luxury,Cô Nhật Nguyễn
4118,515,33,6,20986788.0,3497798.0,466,2024-01-31,2024,1,1,Implement 24/7 Applications,Clothing,Luxury,An Nguyễn
4119,1849,149,17,54348269.0,3196957.0,48,2024-10-03,2024,10,4,Incubate Collaborative Vortals,Books,Luxury,
4120,675,64,20,54360580.0,2718029.0,280,2024-01-10,2024,1,1,Unleash End-To-End Methodologies,Furniture,Luxury,Quý cô Ánh Hoàng
4121,1854,187,9,32122152.0,3569128.0,303,2024-06-16,2024,6,2,Maximize Bleeding-Edge Bandwidth,Furniture,Luxury,Khoa Phú Hoàng
4122,880,250,12,10774944.0,897912.0,23,2023-01-26,2023,1,1,Productize Magnetic Functionalities,Furniture,Premium,Bác Thành Dương
4123,40,249,5,15612460.0,3122492.0,390,2023-09-18,2023,9,3,Syndicate E-Business Systems,Clothing,Luxury,Khoa Hoàng
4124,275,252,11,43696851.0,3972441.0,415,2024-02-11,2024,2,1,Evolve Revolutionary Web-Readiness,Books,Luxury,
4125,1756,17,9,31659084.0,3517676.0,468,2023-12-08,2023,12,4,Exploit Holistic Info-Mediaries,Electronics,Luxury,Dũng Vũ
4126,625,202,14,30874648.0,2205332.0,351,2024-02-12,2024,2,1,Strategize Revolutionary E-Markets,Sports,Luxury,
4127,610,96,3,10581549.0,3527183.0,221,2023-12-08,2023,12,4,Orchestrate Magnetic Eyeballs,Books,Luxury,
4128,1991,111,16,11435040.0,714690.0,20,2024-11-23,2024,11,4,Optimize Dynamic Web Services,Books,Premium,Trung Phú Bùi
4129,1078,11,15,9195195.0,613013.0,190,2023-03-06,2023,3,1,Envisioneer Cross-Media Paradigms,Food,Premium,
4130,1179,66,9,27501840.0,3055760.0,230,2024-07-26,2024,7,3,Leverage Revolutionary Technologies,Sports,Luxury,Cô Hà Đặng
4131,855,270,10,24703090.0,2470309.0,47,2023-10-25,2023,10,4,Revolutionize Open-Source Interfaces,Food,Luxury,Tú Dương
4132,1649,176,17,5851383.0,344199.0,473,2023-12-18,2023,12,4,Synergize Integrated Convergence,Furniture,Mid,Nhật Phú Trần
4133,949,84,17,65819750.0,3871750.0,69,2024-08-20,2024,8,3,Grow Dynamic Communities,Sports,Luxury,
4134,220,177,4,1837888.0,459472.0,140,2024-02-16,2024,2,1,Strategize Back-End Synergies,Sports,Mid,
4135,1182,263,20,80202880.0,4010144.0,102,2023-05-20,2023,5,2,Transition Magnetic E-Tailers,Books,Luxury,Hưng Nguyễn
4136,1862,293,18,53138592.0,2952144.0,427,2023-07-22,2023,7,3,Disintermediate E-Business Channels,Clothing,Luxury,
4137,686,262,15,74372505.0,4958167.0,354,2023-05-03,2023,5,2,Maximize Customized Deliverables,Books,Luxury,Phương Hoàng
4138,1780,231,6,27849714.0,4641619.0,232,2023-04-22,2023,4,2,Reinvent Frictionless Supply-Chains,Sports,Luxury,Phương Dương
4139,166,157,5,11448370.0,2289674.0,46,2024-05-14,2024,5,2,Cultivate Integrated Portals,Books,Luxury,Hương Dương
4140,916,72,13,41322996.0,3178692.0,73,2023-01-05,2023,1,1,Strategize Clicks-And-Mortar Methodologies,Books,Luxury,Nhật Quang Nguyễn
4141,561,195,17,37977541.0,2233973.0,398,2024-05-10,2024,5,2,Leverage World-Class Vortals,Food,Luxury,Ông Quang Vũ
4142,1402,70,18,44185122.0,2454729.0,138,2023-03-26,2023,3,1,Utilize Next-Generation Schemas,Food,Luxury,Dương Hoàng
4143,1740,300,11,34576036.0,3143276.0,15,2023-05-26,2023,5,2,E-Enable B2B Initiatives,Electronics,Luxury,Hoàng Hoàng
4144,1775,156,6,22719120.0,3786520.0,184,2023-08-31,2023,8,3,Target End-To-End Web Services,Food,Luxury,Linh Vũ
4145,1508,238,4,1549960.0,387490.0,384,2024-05-29,2024,5,2,Enhance E-Business Architectures,Clothing,Mid,
4146,787,157,19,43503806.0,2289674.0,82,2023-10-02,2023,10,4,Cultivate Integrated Portals,Books,Luxury,Bác Quang Đặng
4147,1285,255,2,4753086.0,2376543.0,4,2024-06-26,2024,6,2,Brand Distributed Models,Books,Luxury,Khoa Lê
4148,473,283,17,13202846.0,776638.0,425,2023-09-11,2023,9,3,Evolve Cross-Platform Mindshare,Food,Premium,Linh Bùi
4149,1140,213,1,2265128.0,2265128.0,468,2023-11-07,2023,11,4,Repurpose Cutting-Edge Interfaces,Sports,Luxury,Dũng Vũ
4150,298,17,12,42212112.0,3517676.0,27,2023-08-14,2023,8,3,Exploit Holistic Info-Mediaries,Electronics,Luxury,
4151,1743,209,12,5940828.0,495069.0,213,2024-10-06,2024,10,4,Evolve Visionary Content,Food,Mid,
4152,1320,112,20,51381480.0,2569074.0,250,2024-02-22,2024,2,1,Harness Customized E-Markets,Books,Luxury,Quý ông Nam Nguyễn
4153,1527,159,10,11606780.0,1160678.0,396,2023-09-24,2023,9,3,Productize User-Centric Portals,Clothing,Premium,Phúc Đức Trần
4154,153,199,16,62072736.0,3879546.0,444,2023-09-18,2023,9,3,Utilize Impactful Deliverables,Clothing,Luxury,Hà Mai Dương
4155,1531,106,13,8984300.0,691100.0,395,2023-01-01,2023,1,1,Streamline Turn-Key E-Commerce,Furniture,Premium,Yến Phạm
4156,1256,1,3,4197249.0,1399083.0,399,2024-07-07,2024,7,3,Engineer Next-Generation Infrastructures,Furniture,Premium,Phúc Phạm
4157,789,238,13,5037370.0,387490.0,21,2023-06-20,2023,6,2,Enhance E-Business Architectures,Clothing,Mid,Châu Đặng
4158,458,183,20,15637580.0,781879.0,462,2023-11-15,2023,11,4,Seize Innovative Methodologies,Electronics,Premium,
4159,1051,194,13,20637994.0,1587538.0,302,2023-08-12,2023,8,3,Implement Collaborative Action-Items,Books,Premium,Tú Mai
4160,1430,89,12,9443268.0,786939.0,237,2023-09-20,2023,9,3,Facilitate Rich Paradigms,Sports,Premium,
4161,280,253,18,70931880.0,3940660.0,28,2023-10-17,2023,10,4,Incentivize Sticky Niches,Furniture,Luxury,
4162,1585,91,10,42377640.0,4237764.0,438,2023-01-01,2023,1,1,Innovate Global Bandwidth,Sports,Luxury,Hải Đặng
4163,1392,56,10,39779060.0,3977906.0,160,2024-04-16,2024,4,2,Grow Open-Source Applications,Sports,Luxury,
4164,1545,223,3,1514193.0,504731.0,199,2024-01-25,2024,1,1,Revolutionize Out-Of-The-Box Action-Items,Clothing,Premium,
4165,1087,13,2,8104310.0,4052155.0,206,2023-01-20,2023,1,1,Aggregate Robust E-Services,Clothing,Luxury,Quang Bùi
4166,748,50,10,25603740.0,2560374.0,439,2023-04-28,2023,4,2,Visualize One-To-One E-Business,Books,Luxury,
4167,1123,200,12,37402296.0,3116858.0,150,2023-02-24,2023,2,1,Maximize Open-Source Mindshare,Sports,Luxury,
4168,609,75,9,30339909.0,3371101.0,242,2024-06-08,2024,6,2,Maximize Cutting-Edge Paradigms,Electronics,Luxury,
4169,1769,185,5,6442815.0,1288563.0,441,2023-04-04,2023,4,2,Disintermediate Strategic Deliverables,Clothing,Premium,Chị Xuân Mai
4170,128,238,5,1937450.0,387490.0,208,2023-10-14,2023,10,4,Enhance E-Business Architectures,Clothing,Mid,Ngọc Bùi
4171,1467,76,8,29514448.0,3689306.0,423,2024-10-10,2024,10,4,Maximize B2B Platforms,Clothing,Luxury,Chị Nhật Trần
4172,912,17,8,28141408.0,3517676.0,271,2023-02-23,2023,2,1,Exploit Holistic Info-Mediaries,Electronics,Luxury,Hạnh Phú Vũ
4173,738,149,15,47954355.0,3196957.0,36,2024-12-02,2024,12,4,Incubate Collaborative Vortals,Books,Luxury,Cô Nhật Trần
4174,162,246,7,15267182.0,2181026.0,437,2023-06-14,2023,6,2,Matrix Back-End E-Commerce,Furniture,Luxury,Trung Hoàng
4175,107,263,20,80202880.0,4010144.0,167,2024-05-13,2024,5,2,Transition Magnetic E-Tailers,Books,Luxury,Hải Đặng
4176,1264,203,2,1788648.0,894324.0,465,2024-12-07,2024,12,4,Benchmark Proactive Systems,Furniture,Premium,
4177,1502,56,9,35801154.0,3977906.0,130,2023-10-29,2023,10,4,Grow Open-Source Applications,Sports,Luxury,Anh Tấn Bùi
4178,663,154,4,8547316.0,2136829.0,228,2023-07-10,2023,7,3,Maximize E-Business Models,Clothing,Luxury,Anh Hải Nguyễn
4179,573,82,17,82171829.0,4833637.0,454,2023-09-05,2023,9,3,Extend 24/365 Web Services,Electronics,Luxury,
4180,1766,108,18,72091872.0,4005104.0,138,2023-07-20,2023,7,3,Generate Value-Added Convergence,Clothing,Luxury,Dương Hoàng
4181,601,70,9,22092561.0,2454729.0,135,2023-11-26,2023,11,4,Utilize Next-Generation Schemas,Food,Luxury,Hạnh Lê
4182,1482,293,8,23617152.0,2952144.0,476,2023-08-20,2023,8,3,Disintermediate E-Business Channels,Clothing,Luxury,Chị Phương Hoàng
4183,899,33,19,66458162.0,3497798.0,95,2023-12-27,2023,12,4,Implement 24/7 Applications,Clothing,Luxury,Nhật Vũ
4184,459,119,18,12330378.0,685021.0,106,2024-08-20,2024,8,3,Unleash Holistic Solutions,Electronics,Premium,Nhật Nguyễn
4185,1077,257,7,5191529.0,741647.0,313,2023-11-02,2023,11,4,Embrace Intuitive E-Commerce,Electronics,Premium,
4186,1080,296,17,20240149.0,1190597.0,184,2023-03-30,2023,3,1,Target Proactive Relationships,Clothing,Premium,Linh Vũ
4187,1447,110,18,47467800.0,2637100.0,368,2024-10-13,2024,10,4,Matrix 24/7 Metrics,Sports,Luxury,Thảo Trần
4188,767,207,20,55857300.0,2792865.0,273,2024-09-21,2024,9,3,Benchmark Collaborative Bandwidth,Electronics,Luxury,
4189,1362,136,2,4286456.0,2143228.0,395,2024-01-03,2024,1,1,Expedite Mission-Critical Web-Readiness,Electronics,Luxury,Yến Phạm
4190,812,275,18,56287458.0,3127081.0,106,2023-01-01,2023,1,1,Deliver Frictionless Niches,Electronics,Luxury,Nhật Nguyễn
4191,804,100,18,47436930.0,2635385.0,169,2024-10-25,2024,10,4,Unleash Magnetic Action-Items,Clothing,Luxury,Cô An Vũ
4192,1897,94,14,4529952.0,323568.0,491,2024-11-09,2024,11,4,Morph Web-Enabled Convergence,Electronics,Mid,
4193,1214,242,10,23202220.0,2320222.0,351,2023-09-01,2023,9,3,Reinvent Real-Time Architectures,Sports,Luxury,
4194,1435,219,9,4374630.0,486070.0,179,2023-06-14,2023,6,2,Matrix Vertical Systems,Books,Mid,Chị Nhật Lê
4195,608,53,12,47030340.0,3919195.0,352,2024-03-13,2024,3,1,Leverage Ubiquitous Architectures,Food,Luxury,Nhật Đặng
4196,500,163,5,3516610.0,703322.0,191,2024-09-04,2024,9,3,Disintermediate Viral Convergence,Electronics,Premium,Hải Hữu Phạm
4197,1424,43,8,12283592.0,1535449.0,473,2024-08-21,2024,8,3,Reinvent Compelling Synergies,Furniture,Premium,Nhật Phú Trần
4198,1369,165,3,2339418.0,779806.0,235,2024-03-20,2024,3,1,Disintermediate Innovative Experiences,Sports,Premium,
4199,1161,98,4,3462440.0,865610.0,2,2023-04-01,2023,4,2,Envisioneer Bleeding-Edge Deliverables,Clothing,Premium,Quý cô Kim Phạm
4200,883,110,3,7911300.0,2637100.0,310,2023-07-12,2023,7,3,Matrix 24/7 Metrics,Sports,Luxury,Nhật Hoàng
4201,930,169,13,30780542.0,2367734.0,187,2023-05-27,2023,5,2,Cultivate Scalable Applications,Books,Luxury,Minh Bùi
4202,1423,233,14,29599360.0,2114240.0,94,2024-02-02,2024,2,1,Monetize Cross-Media Users,Books,Luxury,Kim Lê
4203,413,295,13,27448135.0,2111395.0,372,2024-02-06,2024,2,1,Evolve Value-Added Users,Electronics,Luxury,Hải Vũ
4204,828,239,5,17344435.0,3468887.0,39,2023-02-13,2023,2,1,Cultivate Interactive E-Tailers,Furniture,Luxury,
4205,891,103,6,26187846.0,4364641.0,383,2023-11-04,2023,11,4,Strategize Web-Enabled Action-Items,Sports,Luxury,Ngọc Mai
4206,427,174,11,26648490.0,2422590.0,67,2024-07-22,2024,7,3,Expedite Sticky Users,Food,Luxury,
4207,1720,60,12,26967204.0,2247267.0,374,2023-01-10,2023,1,1,Drive Mission-Critical Web-Readiness,Sports,Luxury,
4208,1916,122,11,49440028.0,4494548.0,99,2024-06-18,2024,6,2,Empower Robust Relationships,Books,Luxury,
4209,788,98,18,15580980.0,865610.0,402,2023-03-16,2023,3,1,Envisioneer Bleeding-Edge Deliverables,Clothing,Premium,
4210,1563,213,5,11325640.0,2265128.0,497,2023-03-07,2023,3,1,Repurpose Cutting-Edge Interfaces,Sports,Luxury,Chị Hồng Trần
4211,1594,125,13,38392224.0,2953248.0,213,2024-04-15,2024,4,2,Morph Holistic Interfaces,Clothing,Luxury,
4212,489,12,17,29948492.0,1761676.0,224,2023-07-22,2023,7,3,Synthesize Cross-Platform Applications,Sports,Premium,
4213,1854,171,20,2521600.0,126080.0,303,2024-06-16,2024,6,2,Aggregate Synergistic Partnerships,Food,Mid,Khoa Phú Hoàng
4214,281,93,17,15112422.0,888966.0,61,2023-11-17,2023,11,4,Implement 24/365 Systems,Clothing,Premium,Chị Linh Phạm
4215,1679,167,14,25974060.0,1855290.0,242,2024-09-12,2024,9,3,Transform Cross-Platform Web-Readiness,Furniture,Premium,
4216,1456,243,15,27239025.0,1815935.0,486,2023-04-19,2023,4,2,Streamline Turn-Key Supply-Chains,Electronics,Premium,Ông Hưng Mai
4217,457,52,6,10452660.0,1742110.0,231,2024-11-14,2024,11,4,Re-Contextualize Dynamic Experiences,Clothing,Premium,Hạnh Phạm
4218,1533,93,15,13334490.0,888966.0,371,2023-10-19,2023,10,4,Implement 24/365 Systems,Clothing,Premium,Lâm Thị Vũ
4219,421,133,7,17215751.0,2459393.0,123,2023-02-04,2023,2,1,E-Enable Sticky Relationships,Furniture,Luxury,
4220,1822,140,4,14340068.0,3585017.0,277,2023-10-01,2023,10,4,Generate 24/365 Eyeballs,Food,Luxury,Dũng Vũ
4221,1461,220,3,11572932.0,3857644.0,111,2023-03-15,2023,3,1,Generate Killer Mindshare,Sports,Luxury,Duyên Bùi
4222,874,220,8,30861152.0,3857644.0,292,2023-08-31,2023,8,3,Generate Killer Mindshare,Sports,Luxury,
4223,1244,65,20,61877640.0,3093882.0,310,2023-02-05,2023,2,1,Integrate Proactive Interfaces,Clothing,Luxury,Nhật Hoàng
4224,1911,37,12,18496440.0,1541370.0,385,2023-03-24,2023,3,1,Scale Frictionless Models,Furniture,Premium,Hà Mai
4225,995,109,15,22372680.0,1491512.0,87,2023-01-18,2023,1,1,Incubate World-Class Systems,Food,Premium,Anh Hoàng Hoàng
4226,1332,165,15,11697090.0,779806.0,333,2023-06-17,2023,6,2,Disintermediate Innovative Experiences,Sports,Premium,
4227,699,74,4,6988572.0,1747143.0,44,2023-11-02,2023,11,4,Unleash Global Initiatives,Furniture,Premium,An Hoàng
4228,1072,122,3,13483644.0,4494548.0,329,2023-12-23,2023,12,4,Empower Robust Relationships,Books,Luxury,Khoa Thế Dương
4229,1426,236,16,39919792.0,2494987.0,264,2023-03-03,2023,3,1,Innovate Compelling Content,Clothing,Luxury,Nhật Đức Mai
4230,1584,71,7,33992735.0,4856105.0,224,2024-02-09,2024,2,1,Maximize Virtual Users,Electronics,Luxury,
4231,810,31,6,4721190.0,786865.0,422,2024-05-24,2024,5,2,Expedite Transparent Niches,Clothing,Premium,Ông Nam Mai
4232,1693,255,19,45154317.0,2376543.0,281,2024-04-06,2024,4,2,Brand Distributed Models,Books,Luxury,
4233,1798,183,13,10164427.0,781879.0,440,2024-06-03,2024,6,2,Seize Innovative Methodologies,Electronics,Premium,Chị Hạnh Dương
4234,1145,152,6,21913950.0,3652325.0,435,2023-01-06,2023,1,1,Repurpose Open-Source Paradigms,Sports,Luxury,Khoa Mai
4235,733,41,12,56647944.0,4720662.0,230,2023-06-08,2023,6,2,Harness Compelling Partnerships,Books,Luxury,Cô Hà Đặng
4236,1540,212,4,10575488.0,2643872.0,169,2024-08-02,2024,8,3,Reinvent Distributed E-Commerce,Books,Luxury,Cô An Vũ
4237,316,200,1,3116858.0,3116858.0,22,2024-06-19,2024,6,2,Maximize Open-Source Mindshare,Sports,Luxury,
4238,1605,236,17,42414779.0,2494987.0,458,2024-01-22,2024,1,1,Innovate Compelling Content,Clothing,Luxury,
4239,1956,55,13,47275163.0,3636551.0,241,2023-05-04,2023,5,2,Seize Efficient Communities,Food,Luxury,Vân Vũ
4240,1739,260,8,8986384.0,1123298.0,331,2024-11-26,2024,11,4,Revolutionize Frictionless Web Services,Clothing,Premium,
4241,712,91,18,76279752.0,4237764.0,280,2024-04-04,2024,4,2,Innovate Global Bandwidth,Sports,Luxury,Quý cô Ánh Hoàng
4242,692,4,20,65068640.0,3253432.0,461,2024-12-15,2024,12,4,Exploit 24/365 Models,Books,Luxury,Khoa Vũ
4243,168,111,4,2858760.0,714690.0,493,2023-03-07,2023,3,1,Optimize Dynamic Web Services,Books,Premium,Châu Bùi
4244,163,167,19,35250510.0,1855290.0,393,2023-12-23,2023,12,4,Transform Cross-Platform Web-Readiness,Furniture,Premium,Nhật Nguyễn
4245,1439,185,13,16751319.0,1288563.0,402,2024-06-18,2024,6,2,Disintermediate Strategic Deliverables,Clothing,Premium,
4246,1746,21,13,27822743.0,2140211.0,408,2023-09-21,2023,9,3,Mesh User-Centric Functionalities,Food,Luxury,
4247,810,86,19,14421931.0,759049.0,422,2024-05-24,2024,5,2,Orchestrate Best-Of-Breed Info-Mediaries,Sports,Premium,Ông Nam Mai
4248,1729,192,5,19968715.0,3993743.0,364,2024-07-04,2024,7,3,Re-Contextualize Open-Source Applications,Books,Luxury,Bà Duyên Trần
4249,149,271,7,6411013.0,915859.0,15,2024-04-02,2024,4,2,Transition Holistic Partnerships,Sports,Premium,Hoàng Hoàng
4250,1043,157,18,41214132.0,2289674.0,284,2024-03-16,2024,3,1,Cultivate Integrated Portals,Books,Luxury,
4251,1943,283,4,3106552.0,776638.0,388,2023-04-16,2023,4,2,Evolve Cross-Platform Mindshare,Food,Premium,Kim Mai Đặng
4252,896,191,10,42914560.0,4291456.0,425,2023-06-17,2023,6,2,Envisioneer Back-End E-Services,Books,Luxury,Linh Bùi
4253,1326,155,2,2799280.0,1399640.0,243,2024-08-25,2024,8,3,Benchmark Virtual Users,Clothing,Premium,Bà Vân Phạm
4254,565,247,15,65953590.0,4396906.0,165,2023-10-19,2023,10,4,Synthesize Scalable Methodologies,Books,Luxury,Phúc Đặng
4255,420,176,8,2753592.0,344199.0,289,2023-01-16,2023,1,1,Synergize Integrated Convergence,Furniture,Mid,
4256,1950,3,18,46684674.0,2593593.0,13,2023-12-13,2023,12,4,Cultivate Rich Schemas,Electronics,Luxury,Bà Dương Mai
4257,653,179,20,69816860.0,3490843.0,172,2024-08-09,2024,8,3,Streamline Value-Added Schemas,Food,Luxury,Trung Bảo Vũ
4258,1573,224,16,43852608.0,2740788.0,298,2023-08-10,2023,8,3,E-Enable Robust Communities,Books,Luxury,Hưng Vũ
4259,488,255,4,9506172.0,2376543.0,326,2024-07-07,2024,7,3,Brand Distributed Models,Books,Luxury,
4260,33,94,1,323568.0,323568.0,38,2024-09-27,2024,9,3,Morph Web-Enabled Convergence,Electronics,Mid,Lan Vũ
4261,121,41,11,51927282.0,4720662.0,500,2023-05-11,2023,5,2,Harness Compelling Partnerships,Books,Luxury,Phương Dương
4262,813,215,20,44171800.0,2208590.0,167,2023-09-20,2023,9,3,Scale Impactful Deliverables,Furniture,Luxury,Hải Đặng
4263,658,204,13,14595750.0,1122750.0,361,2023-12-01,2023,12,4,Strategize Ubiquitous Technologies,Furniture,Premium,
4264,1069,74,8,13977144.0,1747143.0,428,2023-09-23,2023,9,3,Unleash Global Initiatives,Furniture,Premium,
4265,801,49,20,7701120.0,385056.0,443,2023-12-01,2023,12,4,Transition Impactful Info-Mediaries,Food,Mid,
4266,1705,52,1,1742110.0,1742110.0,478,2023-01-26,2023,1,1,Re-Contextualize Dynamic Experiences,Clothing,Premium,
4267,1959,92,15,17692275.0,1179485.0,121,2024-05-13,2024,5,2,Unleash Innovative E-Business,Furniture,Premium,
4268,1935,188,4,10289888.0,2572472.0,138,2023-06-20,2023,6,2,Embrace Rich Experiences,Electronics,Luxury,Dương Hoàng
4269,56,113,17,43724323.0,2572019.0,128,2023-04-06,2023,4,2,Brand Mission-Critical Niches,Books,Luxury,Cô Yến Bùi
4270,632,99,8,20987392.0,2623424.0,311,2023-08-25,2023,8,3,Synthesize Enterprise Synergies,Clothing,Luxury,
4271,1735,144,9,1234440.0,137160.0,175,2024-09-05,2024,9,3,Integrate Bleeding-Edge Partnerships,Electronics,Mid,Anh Phúc Lê
4272,679,4,19,61815208.0,3253432.0,292,2023-08-16,2023,8,3,Exploit 24/365 Models,Books,Luxury,
4273,949,185,19,24482697.0,1288563.0,69,2024-08-20,2024,8,3,Disintermediate Strategic Deliverables,Clothing,Premium,
4274,1022,209,20,9901380.0,495069.0,216,2024-12-09,2024,12,4,Evolve Visionary Content,Food,Mid,
4275,836,13,9,36469395.0,4052155.0,338,2023-05-11,2023,5,2,Aggregate Robust E-Services,Clothing,Luxury,
4276,103,131,11,14763177.0,1342107.0,390,2024-07-15,2024,7,3,Harness B2B Portals,Clothing,Premium,Khoa Hoàng
4277,696,210,13,7501949.0,577073.0,279,2023-06-17,2023,6,2,Maximize Robust Convergence,Electronics,Premium,Kim Phú Bùi
4278,984,78,17,82196411.0,4835083.0,276,2023-01-27,2023,1,1,Leverage Visionary Experiences,Clothing,Luxury,Thành Hữu Đặng
4279,200,79,1,3095691.0,3095691.0,335,2023-07-20,2023,7,3,Syndicate Rich Initiatives,Clothing,Luxury,Quý cô Dương Phạm
4280,1987,4,2,6506864.0,3253432.0,172,2024-03-26,2024,3,1,Exploit 24/365 Models,Books,Luxury,Trung Bảo Vũ
4281,1589,28,20,76355040.0,3817752.0,91,2024-01-26,2024,1,1,Cultivate Dot-Com Deliverables,Books,Luxury,
4282,723,226,11,25943511.0,2358501.0,471,2023-08-07,2023,8,3,Evolve Rich Experiences,Electronics,Luxury,
4283,506,91,18,76279752.0,4237764.0,358,2024-02-07,2024,2,1,Innovate Global Bandwidth,Sports,Luxury,
4284,1713,300,8,25146208.0,3143276.0,220,2023-09-27,2023,9,3,E-Enable B2B Initiatives,Electronics,Luxury,Cô Khoa Nguyễn
4285,1523,63,3,6915690.0,2305230.0,303,2023-04-27,2023,4,2,Seize Web-Enabled Solutions,Electronics,Luxury,Khoa Phú Hoàng
4286,540,87,9,40736295.0,4526255.0,41,2023-12-09,2023,12,4,Transition Next-Generation Vortals,Sports,Luxury,Phương Đức Mai
4287,1567,261,10,19040740.0,1904074.0,361,2024-05-02,2024,5,2,Exploit Back-End Markets,Sports,Premium,
4288,1587,105,6,13386252.0,2231042.0,470,2024-01-28,2024,1,1,Streamline E-Business Convergence,Furniture,Luxury,
4289,843,56,3,11933718.0,3977906.0,240,2023-08-16,2023,8,3,Grow Open-Source Applications,Sports,Luxury,Phúc Trí Dương
4290,215,83,20,24878120.0,1243906.0,92,2024-07-04,2024,7,3,Unleash Viral Paradigms,Clothing,Premium,Bảo Hoàng Bùi
4291,1233,97,8,35111792.0,4388974.0,277,2024-02-10,2024,2,1,Drive Strategic Convergence,Electronics,Luxury,Dũng Vũ
4292,1986,92,18,21230730.0,1179485.0,17,2023-03-24,2023,3,1,Unleash Innovative E-Business,Furniture,Premium,
4293,1303,222,16,57958496.0,3622406.0,82,2023-10-08,2023,10,4,Enable Customized Architectures,Furniture,Luxury,Bác Quang Đặng
4294,1612,5,7,13800850.0,1971550.0,197,2023-07-08,2023,7,3,Redefine 24/365 Architectures,Books,Premium,
4295,1274,217,5,13268280.0,2653656.0,115,2023-05-12,2023,5,2,Deliver Wireless Metrics,Clothing,Luxury,
4296,542,112,11,28259814.0,2569074.0,111,2023-01-13,2023,1,1,Harness Customized E-Markets,Books,Luxury,Duyên Bùi
4297,1258,157,6,13738044.0,2289674.0,9,2024-10-14,2024,10,4,Cultivate Integrated Portals,Books,Luxury,Bác Trung Phạm
4298,1851,221,9,15258195.0,1695355.0,407,2024-01-29,2024,1,1,Innovate Scalable Action-Items,Furniture,Premium,
4299,314,250,17,15264504.0,897912.0,424,2024-08-15,2024,8,3,Productize Magnetic Functionalities,Furniture,Premium,Nhiên Xuân Đặng
4300,266,9,16,41085600.0,2567850.0,90,2024-10-08,2024,10,4,Whiteboard Virtual Channels,Furniture,Luxury,
4301,1510,49,18,6931008.0,385056.0,99,2024-12-21,2024,12,4,Transition Impactful Info-Mediaries,Food,Mid,
4302,1017,81,20,3649820.0,182491.0,281,2023-03-11,2023,3,1,Incentivize Frictionless Experiences,Clothing,Mid,
4303,1038,298,9,24463260.0,2718140.0,4,2024-08-28,2024,8,3,Redefine Wireless Portals,Clothing,Luxury,Khoa Lê
4304,1946,130,10,41035330.0,4103533.0,417,2023-11-04,2023,11,4,Leverage Rich Paradigms,Electronics,Luxury,
4305,995,235,16,77542976.0,4846436.0,87,2023-01-18,2023,1,1,Mesh Proactive Relationships,Clothing,Luxury,Anh Hoàng Hoàng
4306,454,228,4,10512020.0,2628005.0,246,2023-05-10,2023,5,2,Envisioneer Collaborative Applications,Food,Luxury,
4307,1781,68,9,29083158.0,3231462.0,341,2024-06-22,2024,6,2,Matrix Customized Platforms,Furniture,Luxury,Bác Dũng Bùi
4308,1741,99,5,13117120.0,2623424.0,181,2024-09-08,2024,9,3,Synthesize Enterprise Synergies,Clothing,Luxury,
4309,1347,251,18,77607198.0,4311511.0,369,2023-12-28,2023,12,4,Incubate Cross-Platform Platforms,Electronics,Luxury,Trung Đức Đặng
4310,1483,65,20,61877640.0,3093882.0,390,2024-04-18,2024,4,2,Integrate Proactive Interfaces,Clothing,Luxury,Khoa Hoàng
4311,1369,118,4,2685508.0,671377.0,235,2024-03-20,2024,3,1,Incentivize Seamless Technologies,Electronics,Premium,
4312,1814,266,14,13937966.0,995569.0,188,2024-09-28,2024,9,3,Reinvent Mission-Critical Systems,Clothing,Premium,Hạnh Hữu Mai
4313,1422,170,13,57030467.0,4386959.0,206,2024-09-07,2024,9,3,Re-Intermediate Best-Of-Breed Info-Mediaries,Electronics,Luxury,Quang Bùi
4314,866,3,16,41497488.0,2593593.0,159,2023-02-17,2023,2,1,Cultivate Rich Schemas,Electronics,Luxury,
4315,1119,73,18,79478928.0,4415496.0,360,2024-04-14,2024,4,2,Utilize Scalable Synergies,Furniture,Luxury,Chị Nhật Bùi
4316,1657,173,6,11394852.0,1899142.0,94,2023-09-01,2023,9,3,Utilize User-Centric E-Markets,Furniture,Premium,Kim Lê
4317,776,49,1,385056.0,385056.0,253,2024-09-29,2024,9,3,Transition Impactful Info-Mediaries,Food,Mid,Bác Hưng Hoàng
4318,628,54,16,31622384.0,1976399.0,446,2023-07-19,2023,7,3,Benchmark Killer Paradigms,Clothing,Premium,
4319,1371,251,5,21557555.0,4311511.0,291,2024-04-16,2024,4,2,Incubate Cross-Platform Platforms,Electronics,Luxury,
4320,1300,48,13,33417995.0,2570615.0,277,2024-09-17,2024,9,3,Scale Global E-Tailers,Clothing,Luxury,Dũng Vũ
4321,722,152,18,65741850.0,3652325.0,98,2023-11-21,2023,11,4,Repurpose Open-Source Paradigms,Sports,Luxury,Cô Nhật Nguyễn
4322,284,262,18,89247006.0,4958167.0,122,2023-04-25,2023,4,2,Maximize Customized Deliverables,Books,Luxury,
4323,1786,269,6,22881792.0,3813632.0,192,2024-01-26,2024,1,1,Unleash Plug-And-Play Markets,Clothing,Luxury,
4324,918,58,7,5934404.0,847772.0,474,2023-11-17,2023,11,4,Benchmark Seamless Bandwidth,Books,Premium,Quang Đức Đặng
4325,517,66,5,15278800.0,3055760.0,230,2023-08-02,2023,8,3,Leverage Revolutionary Technologies,Sports,Luxury,Cô Hà Đặng
4326,1483,287,11,5651712.0,513792.0,390,2024-04-18,2024,4,2,Utilize Back-End Interfaces,Furniture,Premium,Khoa Hoàng
4327,1438,198,1,976713.0,976713.0,243,2024-12-31,2024,12,4,Orchestrate Leading-Edge Schemas,Sports,Premium,Bà Vân Phạm
4328,1643,283,12,9319656.0,776638.0,4,2024-04-21,2024,4,2,Evolve Cross-Platform Mindshare,Food,Premium,Khoa Lê
4329,1159,63,11,25357530.0,2305230.0,254,2024-11-28,2024,11,4,Seize Web-Enabled Solutions,Electronics,Luxury,
4330,1114,281,9,33655005.0,3739445.0,59,2024-05-22,2024,5,2,Strategize World-Class Content,Books,Luxury,
4331,1840,52,13,22647430.0,1742110.0,237,2024-11-30,2024,11,4,Re-Contextualize Dynamic Experiences,Clothing,Premium,
4332,1418,158,17,16503940.0,970820.0,16,2024-08-19,2024,8,3,Synergize Viral Platforms,Food,Premium,
4333,1801,168,11,20166971.0,1833361.0,269,2024-08-05,2024,8,3,Synthesize Virtual E-Markets,Furniture,Premium,Quang Quang Lê
4334,69,118,10,6713770.0,671377.0,57,2024-02-06,2024,2,1,Incentivize Seamless Technologies,Electronics,Premium,Hoàng Hoàng
4335,493,142,8,35780928.0,4472616.0,4,2024-01-25,2024,1,1,Maximize Proactive Action-Items,Books,Luxury,Khoa Lê
4336,775,298,3,8154420.0,2718140.0,38,2023-11-13,2023,11,4,Redefine Wireless Portals,Clothing,Luxury,Lan Vũ
4337,1186,184,4,2373744.0,593436.0,192,2024-06-21,2024,6,2,Deploy Extensible Infrastructures,Food,Premium,
4338,1662,226,20,47170020.0,2358501.0,206,2023-11-04,2023,11,4,Evolve Rich Experiences,Electronics,Luxury,Quang Bùi
4339,518,12,5,8808380.0,1761676.0,205,2023-07-06,2023,7,3,Synthesize Cross-Platform Applications,Sports,Premium,
4340,764,38,7,5441583.0,777369.0,97,2024-01-03,2024,1,1,Brand Clicks-And-Mortar Portals,Books,Premium,Hương Lê
4341,894,16,12,13956144.0,1163012.0,358,2024-09-07,2024,9,3,Streamline Killer Relationships,Sports,Premium,
4342,1025,179,14,48871802.0,3490843.0,419,2024-04-14,2024,4,2,Streamline Value-Added Schemas,Food,Luxury,
4343,204,184,2,1186872.0,593436.0,482,2024-05-05,2024,5,2,Deploy Extensible Infrastructures,Food,Premium,Bảo Đức Phạm
4344,227,109,1,1491512.0,1491512.0,478,2024-08-27,2024,8,3,Incubate World-Class Systems,Food,Premium,
4345,241,75,3,10113303.0,3371101.0,40,2024-03-08,2024,3,1,Maximize Cutting-Edge Paradigms,Electronics,Luxury,
4346,1036,59,19,31933813.0,1680727.0,211,2024-06-24,2024,6,2,Re-Intermediate Synergistic Convergence,Books,Premium,Quý cô Dương Vũ
4347,896,127,20,59100800.0,2955040.0,425,2023-06-17,2023,6,2,Extend Magnetic Schemas,Furniture,Luxury,Linh Bùi
4348,1024,81,16,2919856.0,182491.0,79,2024-06-13,2024,6,2,Incentivize Frictionless Experiences,Clothing,Mid,
4349,221,20,7,3193715.0,456245.0,156,2024-01-14,2024,1,1,Engineer Integrated Deliverables,Food,Mid,Bảo Văn Bùi
4350,120,52,20,34842200.0,1742110.0,84,2024-05-17,2024,5,2,Re-Contextualize Dynamic Experiences,Clothing,Premium,
4351,8,93,11,9778626.0,888966.0,5,2024-09-09,2024,9,3,Implement 24/365 Systems,Clothing,Premium,Linh Bùi
4352,1110,5,17,33516350.0,1971550.0,288,2023-12-31,2023,12,4,Redefine 24/365 Architectures,Books,Premium,Hải Đức Phạm
4353,1277,156,13,49224760.0,3786520.0,52,2024-09-19,2024,9,3,Target End-To-End Web Services,Food,Luxury,Kim Quang Phạm
4354,844,192,2,7987486.0,3993743.0,236,2023-10-28,2023,10,4,Re-Contextualize Open-Source Applications,Books,Luxury,
4355,1126,87,8,36210040.0,4526255.0,29,2024-01-08,2024,1,1,Transition Next-Generation Vortals,Sports,Luxury,
4356,1252,195,20,44679460.0,2233973.0,114,2024-08-10,2024,8,3,Leverage World-Class Vortals,Food,Luxury,
4357,1881,155,12,16795680.0,1399640.0,359,2024-03-24,2024,3,1,Benchmark Virtual Users,Clothing,Premium,
4358,1375,14,13,26130611.0,2010047.0,324,2023-04-12,2023,4,2,Cultivate Back-End Info-Mediaries,Food,Luxury,Khoa Nguyễn
4359,796,254,11,52435988.0,4766908.0,53,2023-02-07,2023,2,1,Syndicate Distributed E-Business,Sports,Luxury,
4360,1031,194,7,11112766.0,1587538.0,126,2024-04-15,2024,4,2,Implement Collaborative Action-Items,Books,Premium,Quý cô Khoa Vũ
4361,1846,234,19,16731058.0,880582.0,9,2023-11-27,2023,11,4,Evolve Turn-Key Interfaces,Electronics,Premium,Bác Trung Phạm
4362,1272,90,3,4576842.0,1525614.0,323,2023-05-19,2023,5,2,Drive Collaborative Experiences,Electronics,Premium,Thành Bảo Bùi
4363,579,113,14,36008266.0,2572019.0,486,2023-10-29,2023,10,4,Brand Mission-Critical Niches,Books,Luxury,Ông Hưng Mai
4364,1149,111,17,12149730.0,714690.0,163,2023-12-03,2023,12,4,Optimize Dynamic Web Services,Books,Premium,
4365,153,282,12,16498272.0,1374856.0,444,2023-09-18,2023,9,3,Utilize Frictionless Interfaces,Books,Premium,Hà Mai Dương
4366,1007,200,15,46752870.0,3116858.0,163,2023-10-11,2023,10,4,Maximize Open-Source Mindshare,Sports,Luxury,
4367,559,91,2,8475528.0,4237764.0,445,2024-05-18,2024,5,2,Innovate Global Bandwidth,Sports,Luxury,Ánh Lê
4368,626,190,8,31941496.0,3992687.0,158,2023-06-04,2023,6,2,Streamline Clicks-And-Mortar Interfaces,Books,Luxury,Cô Linh Bùi
4369,1156,236,19,47404753.0,2494987.0,229,2023-03-17,2023,3,1,Innovate Compelling Content,Clothing,Luxury,
4370,12,116,11,31893026.0,2899366.0,439,2023-10-17,2023,10,4,Cultivate 24/7 Communities,Sports,Luxury,
4371,234,235,10,48464360.0,4846436.0,273,2024-03-01,2024,3,1,Mesh Proactive Relationships,Clothing,Luxury,
4372,1532,47,19,63959073.0,3366267.0,60,2024-11-15,2024,11,4,Morph Front-End Schemas,Food,Luxury,Cô Linh Hoàng
4373,1642,278,17,78840441.0,4637673.0,439,2024-12-23,2024,12,4,Productize Dot-Com Deliverables,Furniture,Luxury,
4374,1909,2,9,22371084.0,2485676.0,460,2023-11-09,2023,11,4,Re-Intermediate Mission-Critical Functionalities,Books,Luxury,
4375,1222,224,8,21926304.0,2740788.0,300,2023-01-22,2023,1,1,E-Enable Robust Communities,Books,Luxury,
4376,1365,291,14,3189410.0,227815.0,434,2023-09-06,2023,9,3,Extend Value-Added Info-Mediaries,Food,Mid,
4377,1720,44,15,5063220.0,337548.0,374,2023-01-10,2023,1,1,Harness User-Centric Bandwidth,Electronics,Mid,
4378,856,91,4,16951056.0,4237764.0,306,2024-12-23,2024,12,4,Innovate Global Bandwidth,Sports,Luxury,
4379,1157,294,10,43117520.0,4311752.0,18,2024-01-12,2024,1,1,E-Enable Strategic Functionalities,Clothing,Luxury,
4380,1879,32,4,15941116.0,3985279.0,131,2024-02-29,2024,2,1,Iterate Intuitive Networks,Clothing,Luxury,Chị Lan Dương
4381,504,287,16,8220672.0,513792.0,462,2023-05-09,2023,5,2,Utilize Back-End Interfaces,Furniture,Premium,
4382,941,20,20,9124900.0,456245.0,130,2024-04-20,2024,4,2,Engineer Integrated Deliverables,Food,Mid,Anh Tấn Bùi
4383,1878,172,7,25924066.0,3703438.0,85,2024-11-16,2024,11,4,Seize Virtual Functionalities,Sports,Luxury,
4384,951,48,6,15423690.0,2570615.0,376,2023-12-18,2023,12,4,Scale Global E-Tailers,Clothing,Luxury,Xuân Phạm
4385,1909,232,11,24992264.0,2272024.0,460,2023-11-09,2023,11,4,Brand Viral Roi,Clothing,Luxury,
4386,1375,131,15,20131605.0,1342107.0,324,2023-04-12,2023,4,2,Harness B2B Portals,Clothing,Premium,Khoa Nguyễn
4387,311,86,18,13662882.0,759049.0,290,2024-01-07,2024,1,1,Orchestrate Best-Of-Breed Info-Mediaries,Sports,Premium,
4388,1200,37,12,18496440.0,1541370.0,84,2023-12-09,2023,12,4,Scale Frictionless Models,Furniture,Premium,
4389,1284,248,20,19307980.0,965399.0,168,2023-11-08,2023,11,4,Syndicate Efficient Relationships,Food,Premium,Bác Hưng Lê
4390,756,250,8,7183296.0,897912.0,454,2024-05-29,2024,5,2,Productize Magnetic Functionalities,Furniture,Premium,
4391,1156,168,18,33000498.0,1833361.0,229,2023-03-17,2023,3,1,Synthesize Virtual E-Markets,Furniture,Premium,
4392,54,290,17,44243690.0,2602570.0,21,2023-01-04,2023,1,1,Enhance End-To-End Eyeballs,Sports,Luxury,Châu Đặng
4393,424,163,6,4219932.0,703322.0,67,2023-12-16,2023,12,4,Disintermediate Viral Convergence,Electronics,Premium,
4394,625,65,4,12375528.0,3093882.0,351,2024-02-12,2024,2,1,Integrate Proactive Interfaces,Clothing,Luxury,
4395,1819,247,7,30778342.0,4396906.0,199,2024-12-14,2024,12,4,Synthesize Scalable Methodologies,Books,Luxury,
4396,675,151,9,24725142.0,2747238.0,280,2024-01-10,2024,1,1,Synthesize Distributed Systems,Clothing,Luxury,Quý cô Ánh Hoàng
4397,500,94,16,5177088.0,323568.0,191,2024-09-04,2024,9,3,Morph Web-Enabled Convergence,Electronics,Mid,Hải Hữu Phạm
4398,264,137,15,20657895.0,1377193.0,284,2023-10-05,2023,10,4,Enable Web-Enabled E-Markets,Books,Premium,
4399,920,91,9,38139876.0,4237764.0,227,2023-04-04,2023,4,2,Innovate Global Bandwidth,Sports,Luxury,Thành Thị Bùi
4400,1542,234,16,14089312.0,880582.0,216,2024-05-19,2024,5,2,Evolve Turn-Key Interfaces,Electronics,Premium,
4401,1268,17,1,3517676.0,3517676.0,173,2023-04-14,2023,4,2,Exploit Holistic Info-Mediaries,Electronics,Luxury,Quý ông Vũ Lê
4402,629,252,9,35751969.0,3972441.0,58,2024-05-16,2024,5,2,Evolve Revolutionary Web-Readiness,Books,Luxury,Nhiên Nguyễn
4403,868,6,2,5529348.0,2764674.0,175,2024-05-08,2024,5,2,Whiteboard Impactful Networks,Furniture,Luxury,Anh Phúc Lê
4404,806,4,10,32534320.0,3253432.0,431,2023-09-13,2023,9,3,Exploit 24/365 Models,Books,Luxury,Nam Thế Lê
4405,989,273,15,22617075.0,1507805.0,477,2023-12-09,2023,12,4,Evolve Enterprise Experiences,Food,Premium,
4406,1406,57,8,12293744.0,1536718.0,261,2024-06-12,2024,6,2,Harness Sticky Web-Readiness,Food,Premium,Chị Thảo Đặng
4407,1569,165,6,4678836.0,779806.0,429,2023-05-22,2023,5,2,Disintermediate Innovative Experiences,Sports,Premium,Hạnh Bùi
4408,1836,194,10,15875380.0,1587538.0,428,2024-09-09,2024,9,3,Implement Collaborative Action-Items,Books,Premium,
4409,1352,102,15,37982520.0,2532168.0,130,2023-07-20,2023,7,3,Strategize Customized Schemas,Food,Luxury,Anh Tấn Bùi
4410,164,204,5,5613750.0,1122750.0,239,2023-12-26,2023,12,4,Strategize Ubiquitous Technologies,Furniture,Premium,Quý ông Quang Lê
4411,25,147,5,14982610.0,2996522.0,89,2023-10-09,2023,10,4,Disintermediate Cutting-Edge Info-Mediaries,Electronics,Luxury,Nhật Hải Trần
4412,1262,55,11,40002061.0,3636551.0,470,2024-09-16,2024,9,3,Seize Efficient Communities,Food,Luxury,
4413,1564,146,3,9541488.0,3180496.0,67,2024-07-06,2024,7,3,Expedite 24/7 Portals,Sports,Luxury,
4414,339,269,17,64831744.0,3813632.0,126,2024-03-17,2024,3,1,Unleash Plug-And-Play Markets,Clothing,Luxury,Quý cô Khoa Vũ
4415,241,258,15,1954740.0,130316.0,40,2024-03-08,2024,3,1,Deliver Killer Info-Mediaries,Food,Mid,
4416,1701,192,4,15974972.0,3993743.0,469,2023-10-11,2023,10,4,Re-Contextualize Open-Source Applications,Books,Luxury,Bác Thành Vũ
4417,1674,203,7,6260268.0,894324.0,378,2024-02-19,2024,2,1,Benchmark Proactive Systems,Furniture,Premium,
4418,394,4,20,65068640.0,3253432.0,404,2024-08-15,2024,8,3,Exploit 24/365 Models,Books,Luxury,Ngọc Mai
4419,1740,16,15,17445180.0,1163012.0,15,2023-05-26,2023,5,2,Streamline Killer Relationships,Sports,Premium,Hoàng Hoàng
4420,1592,64,2,5436058.0,2718029.0,365,2023-04-20,2023,4,2,Unleash End-To-End Methodologies,Furniture,Luxury,
4421,1168,270,15,37054635.0,2470309.0,348,2024-11-18,2024,11,4,Revolutionize Open-Source Interfaces,Food,Luxury,Bà Hà Nguyễn
4422,674,295,13,27448135.0,2111395.0,51,2023-07-14,2023,7,3,Evolve Value-Added Users,Electronics,Luxury,Hải Hải Phạm
4423,1984,47,15,50494005.0,3366267.0,220,2023-08-13,2023,8,3,Morph Front-End Schemas,Food,Luxury,Cô Khoa Nguyễn
4424,921,115,6,18886902.0,3147817.0,58,2024-02-12,2024,2,1,Embrace Strategic Users,Food,Luxury,Nhiên Nguyễn
4425,1920,204,13,14595750.0,1122750.0,47,2024-09-28,2024,9,3,Strategize Ubiquitous Technologies,Furniture,Premium,Tú Dương
4426,104,156,5,18932600.0,3786520.0,43,2024-03-21,2024,3,1,Target End-To-End Web Services,Food,Luxury,An Hoàng Phạm
4427,466,105,4,8924168.0,2231042.0,94,2024-01-20,2024,1,1,Streamline E-Business Convergence,Furniture,Luxury,Kim Lê
4428,578,113,5,12860095.0,2572019.0,85,2023-12-28,2023,12,4,Brand Mission-Critical Niches,Books,Luxury,
4429,1018,126,13,40474460.0,3113420.0,339,2024-02-24,2024,2,1,Enable Impactful Communities,Electronics,Luxury,Cô Hà Đặng
4430,1432,229,2,4935480.0,2467740.0,435,2023-04-26,2023,4,2,Streamline Viral Synergies,Furniture,Luxury,Khoa Mai
4431,1665,9,3,7703550.0,2567850.0,492,2024-09-20,2024,9,3,Whiteboard Virtual Channels,Furniture,Luxury,Ông Nam Mai
4432,784,2,6,14914056.0,2485676.0,343,2024-11-21,2024,11,4,Re-Intermediate Mission-Critical Functionalities,Books,Luxury,
4433,388,120,12,2961012.0,246751.0,93,2023-02-24,2023,2,1,Generate Collaborative Action-Items,Furniture,Mid,
4434,1655,65,3,9281646.0,3093882.0,200,2023-08-29,2023,8,3,Integrate Proactive Interfaces,Clothing,Luxury,Vi Hoàng
4435,1234,161,17,39897487.0,2346911.0,442,2023-08-18,2023,8,3,Innovate Proactive Web-Readiness,Books,Luxury,Hạnh Phú Dương
4436,928,151,1,2747238.0,2747238.0,447,2024-05-12,2024,5,2,Synthesize Distributed Systems,Clothing,Luxury,Chị Linh Hoàng
4437,51,98,2,1731220.0,865610.0,416,2024-07-11,2024,7,3,Envisioneer Bleeding-Edge Deliverables,Clothing,Premium,
4438,1054,238,9,3487410.0,387490.0,54,2023-11-19,2023,11,4,Enhance E-Business Architectures,Clothing,Mid,Quý cô Hạnh Phạm
4439,1238,276,19,74967540.0,3945660.0,237,2023-12-30,2023,12,4,Scale Dot-Com Web Services,Electronics,Luxury,
4440,299,146,4,12721984.0,3180496.0,417,2023-10-05,2023,10,4,Expedite 24/7 Portals,Sports,Luxury,
4441,664,78,12,58020996.0,4835083.0,170,2023-12-01,2023,12,4,Leverage Visionary Experiences,Clothing,Luxury,Quý cô Vân Phạm
4442,374,6,19,52528806.0,2764674.0,465,2024-11-09,2024,11,4,Whiteboard Impactful Networks,Furniture,Luxury,
4443,38,55,3,10909653.0,3636551.0,410,2023-10-12,2023,10,4,Seize Efficient Communities,Food,Luxury,Quý cô Thành Bùi
4444,1717,64,1,2718029.0,2718029.0,222,2023-10-19,2023,10,4,Unleash End-To-End Methodologies,Furniture,Luxury,Bác Hưng Nguyễn
4445,666,79,12,37148292.0,3095691.0,185,2024-09-29,2024,9,3,Syndicate Rich Initiatives,Clothing,Luxury,
4446,1094,95,2,6901946.0,3450973.0,186,2024-10-30,2024,10,4,Optimize Customized E-Commerce,Clothing,Luxury,Quý ông Anh Nguyễn
4447,903,32,15,59779185.0,3985279.0,477,2024-05-01,2024,5,2,Iterate Intuitive Networks,Clothing,Luxury,
4448,266,253,14,55169240.0,3940660.0,90,2024-10-08,2024,10,4,Incentivize Sticky Niches,Furniture,Luxury,
4449,529,35,4,10334132.0,2583533.0,426,2024-10-19,2024,10,4,Syndicate Compelling Web Services,Books,Luxury,
4450,246,134,13,48010144.0,3693088.0,297,2024-03-06,2024,3,1,Matrix Revolutionary Applications,Electronics,Luxury,
4451,503,272,7,27872880.0,3981840.0,397,2024-01-05,2024,1,1,Embrace 24/7 Architectures,Food,Luxury,Thành Mai Hoàng
4452,1067,218,18,71266464.0,3959248.0,298,2024-10-16,2024,10,4,Target Impactful Deliverables,Books,Luxury,Hưng Vũ
4453,1222,8,10,49165230.0,4916523.0,300,2023-01-22,2023,1,1,Extend Interactive Web-Readiness,Books,Luxury,
4454,1554,66,3,9167280.0,3055760.0,281,2024-03-15,2024,3,1,Leverage Revolutionary Technologies,Sports,Luxury,
4455,1136,275,13,40652053.0,3127081.0,426,2024-01-27,2024,1,1,Deliver Frictionless Niches,Electronics,Luxury,
4456,686,182,5,4404645.0,880929.0,354,2023-05-03,2023,5,2,Brand Rich Action-Items,Books,Premium,Phương Hoàng
4457,1814,225,7,3597104.0,513872.0,188,2024-09-28,2024,9,3,Transform Proactive Markets,Electronics,Premium,Hạnh Hữu Mai
4458,1922,261,12,22848888.0,1904074.0,348,2024-09-08,2024,9,3,Exploit Back-End Markets,Sports,Premium,Bà Hà Nguyễn
4459,1267,175,12,12822648.0,1068554.0,61,2023-01-25,2023,1,1,Engage Robust Initiatives,Electronics,Premium,Chị Linh Phạm
4460,629,152,7,25566275.0,3652325.0,58,2024-05-16,2024,5,2,Repurpose Open-Source Paradigms,Sports,Luxury,Nhiên Nguyễn
4461,1958,129,4,18501088.0,4625272.0,98,2023-04-06,2023,4,2,Synthesize Customized E-Markets,Furniture,Luxury,Cô Nhật Nguyễn
4462,1666,184,3,1780308.0,593436.0,147,2024-07-08,2024,7,3,Deploy Extensible Infrastructures,Food,Premium,Hà Hải Dương
4463,1575,58,5,4238860.0,847772.0,16,2023-02-21,2023,2,1,Benchmark Seamless Bandwidth,Books,Premium,
4464,1011,168,1,1833361.0,1833361.0,158,2024-04-21,2024,4,2,Synthesize Virtual E-Markets,Furniture,Premium,Cô Linh Bùi
4465,999,61,18,75045924.0,4169218.0,498,2023-07-22,2023,7,3,Synthesize Seamless Paradigms,Books,Luxury,
4466,1978,123,7,831383.0,118769.0,330,2024-05-11,2024,5,2,Utilize Open-Source Mindshare,Books,Mid,Lâm Xuân Trần
4467,481,230,11,33464937.0,3042267.0,61,2024-03-25,2024,3,1,E-Enable Intuitive Content,Food,Luxury,Chị Linh Phạm
4468,1743,131,11,14763177.0,1342107.0,213,2024-10-06,2024,10,4,Harness B2B Portals,Clothing,Premium,
4469,1118,71,16,77697680.0,4856105.0,201,2023-10-23,2023,10,4,Maximize Virtual Users,Electronics,Luxury,
4470,405,185,8,10308504.0,1288563.0,385,2024-11-19,2024,11,4,Disintermediate Strategic Deliverables,Clothing,Premium,Hà Mai
4471,1274,157,4,9158696.0,2289674.0,115,2023-05-12,2023,5,2,Cultivate Integrated Portals,Books,Luxury,
4472,574,38,10,7773690.0,777369.0,76,2023-12-31,2023,12,4,Brand Clicks-And-Mortar Portals,Books,Premium,
4473,874,194,13,20637994.0,1587538.0,292,2023-08-31,2023,8,3,Implement Collaborative Action-Items,Books,Premium,
4474,1892,166,7,19533465.0,2790495.0,50,2024-06-28,2024,6,2,Seize Virtual Vortals,Food,Luxury,
4475,296,32,14,55793906.0,3985279.0,183,2024-06-24,2024,6,2,Iterate Intuitive Networks,Clothing,Luxury,
4476,1678,106,2,1382200.0,691100.0,19,2024-11-03,2024,11,4,Streamline Turn-Key E-Commerce,Furniture,Premium,Tùng Hải Lê
4477,1088,273,18,27140490.0,1507805.0,361,2024-03-29,2024,3,1,Evolve Enterprise Experiences,Food,Premium,
4478,1277,98,13,11252930.0,865610.0,52,2024-09-19,2024,9,3,Envisioneer Bleeding-Edge Deliverables,Clothing,Premium,Kim Quang Phạm
4479,855,242,20,46404440.0,2320222.0,47,2023-10-25,2023,10,4,Reinvent Real-Time Architectures,Sports,Luxury,Tú Dương
4480,1379,15,1,2393883.0,2393883.0,166,2024-12-19,2024,12,4,Maximize Back-End Infrastructures,Clothing,Luxury,Khoa Phú Hoàng
4481,987,295,17,35893715.0,2111395.0,167,2024-04-18,2024,4,2,Evolve Value-Added Users,Electronics,Luxury,Hải Đặng
4482,141,230,11,33464937.0,3042267.0,444,2023-12-26,2023,12,4,E-Enable Intuitive Content,Food,Luxury,Hà Mai Dương
4483,1884,1,9,12591747.0,1399083.0,164,2023-03-26,2023,3,1,Engineer Next-Generation Infrastructures,Furniture,Premium,
4484,1058,262,16,79330672.0,4958167.0,491,2023-01-02,2023,1,1,Maximize Customized Deliverables,Books,Luxury,
4485,144,130,1,4103533.0,4103533.0,59,2023-06-24,2023,6,2,Leverage Rich Paradigms,Electronics,Luxury,
4486,362,127,10,29550400.0,2955040.0,280,2024-02-16,2024,2,1,Extend Magnetic Schemas,Furniture,Luxury,Quý cô Ánh Hoàng
4487,1919,259,8,15420864.0,1927608.0,424,2024-05-27,2024,5,2,Matrix Back-End Initiatives,Furniture,Premium,Nhiên Xuân Đặng
4488,263,202,9,19847988.0,2205332.0,220,2024-10-07,2024,10,4,Strategize Revolutionary E-Markets,Sports,Luxury,Cô Khoa Nguyễn
4489,1088,171,4,504320.0,126080.0,361,2024-03-29,2024,3,1,Aggregate Synergistic Partnerships,Food,Mid,
4490,45,232,7,15904168.0,2272024.0,428,2023-05-25,2023,5,2,Brand Viral Roi,Clothing,Luxury,
4491,1087,9,16,41085600.0,2567850.0,206,2023-01-20,2023,1,1,Whiteboard Virtual Channels,Furniture,Luxury,Quang Bùi
4492,1778,152,4,14609300.0,3652325.0,330,2023-07-14,2023,7,3,Repurpose Open-Source Paradigms,Sports,Luxury,Lâm Xuân Trần
4493,164,253,7,27584620.0,3940660.0,239,2023-12-26,2023,12,4,Incentivize Sticky Niches,Furniture,Luxury,Quý ông Quang Lê
4494,40,161,15,35203665.0,2346911.0,390,2023-09-18,2023,9,3,Innovate Proactive Web-Readiness,Books,Luxury,Khoa Hoàng
4495,1311,11,20,12260260.0,613013.0,215,2024-08-15,2024,8,3,Envisioneer Cross-Media Paradigms,Food,Premium,
4496,51,93,6,5333796.0,888966.0,416,2024-07-11,2024,7,3,Implement 24/365 Systems,Clothing,Premium,
4497,547,278,1,4637673.0,4637673.0,411,2023-04-10,2023,4,2,Productize Dot-Com Deliverables,Furniture,Luxury,
4498,272,229,8,19741920.0,2467740.0,349,2023-02-13,2023,2,1,Streamline Viral Synergies,Furniture,Luxury,Phúc Lê
4499,1969,243,8,14527480.0,1815935.0,77,2024-08-03,2024,8,3,Streamline Turn-Key Supply-Chains,Electronics,Premium,Nam Lê
4500,1124,244,20,67580220.0,3379011.0,20,2023-04-13,2023,4,2,Generate Holistic E-Commerce,Electronics,Luxury,Trung Phú Bùi
4501,614,126,20,62268400.0,3113420.0,245,2024-07-08,2024,7,3,Enable Impactful Communities,Electronics,Luxury,An Xuân Lê
4502,1125,7,13,20682896.0,1590992.0,478,2024-09-26,2024,9,3,Transition Transparent Markets,Books,Premium,
4503,980,299,10,16398270.0,1639827.0,220,2023-09-26,2023,9,3,Streamline Rich Communities,Clothing,Premium,Cô Khoa Nguyễn
4504,1657,294,10,43117520.0,4311752.0,94,2023-09-01,2023,9,3,E-Enable Strategic Functionalities,Clothing,Luxury,Kim Lê
4505,248,211,10,30310910.0,3031091.0,459,2024-08-23,2024,8,3,Optimize Proactive Systems,Books,Luxury,Khoa Thế Phạm
4506,1675,166,20,55809900.0,2790495.0,475,2024-08-04,2024,8,3,Seize Virtual Vortals,Food,Luxury,
4507,1386,28,19,72537288.0,3817752.0,262,2024-05-04,2024,5,2,Cultivate Dot-Com Deliverables,Books,Luxury,
4508,719,250,1,897912.0,897912.0,224,2024-12-16,2024,12,4,Productize Magnetic Functionalities,Furniture,Premium,
4509,168,82,6,29001822.0,4833637.0,493,2023-03-07,2023,3,1,Extend 24/365 Web Services,Electronics,Luxury,Châu Bùi
4510,351,59,2,3361454.0,1680727.0,169,2023-01-28,2023,1,1,Re-Intermediate Synergistic Convergence,Books,Premium,Cô An Vũ
4511,592,39,3,9143709.0,3047903.0,479,2024-08-08,2024,8,3,Monetize World-Class Deliverables,Sports,Luxury,Anh Dũng Dương
4512,1446,139,17,46462972.0,2733116.0,55,2024-03-21,2024,3,1,Architect Innovative Systems,Electronics,Luxury,
4513,1592,248,17,16411783.0,965399.0,365,2023-04-20,2023,4,2,Syndicate Efficient Relationships,Food,Premium,
4514,1352,259,10,19276080.0,1927608.0,130,2023-07-20,2023,7,3,Matrix Back-End Initiatives,Furniture,Premium,Anh Tấn Bùi
4515,1654,11,6,3678078.0,613013.0,248,2023-11-15,2023,11,4,Envisioneer Cross-Media Paradigms,Food,Premium,Bảo Mai Bùi
4516,1120,19,10,11962290.0,1196229.0,494,2023-02-05,2023,2,1,Strategize B2B Partnerships,Clothing,Premium,Chi Nguyễn
4517,1409,67,15,71376765.0,4758451.0,473,2023-11-05,2023,11,4,Disintermediate Cutting-Edge Roi,Furniture,Luxury,Nhật Phú Trần
4518,1786,167,11,20408190.0,1855290.0,192,2024-01-26,2024,1,1,Transform Cross-Platform Web-Readiness,Furniture,Premium,
4519,1802,10,14,16400342.0,1171453.0,118,2023-05-26,2023,5,2,Seize Wireless Web-Readiness,Food,Premium,Tùng Mai Mai
4520,1569,106,12,8293200.0,691100.0,429,2023-05-22,2023,5,2,Streamline Turn-Key E-Commerce,Furniture,Premium,Hạnh Bùi
4521,370,102,17,43046856.0,2532168.0,243,2024-08-08,2024,8,3,Strategize Customized Schemas,Food,Luxury,Bà Vân Phạm
4522,1049,35,7,18084731.0,2583533.0,94,2023-01-09,2023,1,1,Syndicate Compelling Web Services,Books,Luxury,Kim Lê
4523,1056,75,19,64050919.0,3371101.0,401,2023-01-16,2023,1,1,Maximize Cutting-Edge Paradigms,Electronics,Luxury,Quý cô Lan Phạm
4524,1325,275,7,21889567.0,3127081.0,85,2023-07-19,2023,7,3,Deliver Frictionless Niches,Electronics,Luxury,
4525,1880,196,19,29818505.0,1569395.0,57,2024-10-03,2024,10,4,Repurpose Innovative E-Services,Electronics,Premium,Hoàng Hoàng
4526,661,103,5,21823205.0,4364641.0,107,2023-02-27,2023,2,1,Strategize Web-Enabled Action-Items,Sports,Luxury,
4527,983,59,12,20168724.0,1680727.0,214,2024-09-30,2024,9,3,Re-Intermediate Synergistic Convergence,Books,Premium,
4528,31,212,9,23794848.0,2643872.0,271,2023-12-21,2023,12,4,Reinvent Distributed E-Commerce,Books,Luxury,Hạnh Phú Vũ
4529,1851,214,20,59237040.0,2961852.0,407,2024-01-29,2024,1,1,Leverage Global Niches,Furniture,Luxury,
4530,1572,204,1,1122750.0,1122750.0,355,2023-03-03,2023,3,1,Strategize Ubiquitous Technologies,Furniture,Premium,Cô Bảo Đặng
4531,350,10,7,8200171.0,1171453.0,202,2023-08-31,2023,8,3,Seize Wireless Web-Readiness,Food,Premium,
4532,1099,124,9,21717270.0,2413030.0,106,2023-01-29,2023,1,1,Extend Global Applications,Books,Luxury,Nhật Nguyễn
4533,158,150,6,26337654.0,4389609.0,149,2024-04-28,2024,4,2,Drive Collaborative Communities,Electronics,Luxury,Tùng Mai
4534,1171,251,6,25869066.0,4311511.0,220,2024-09-08,2024,9,3,Incubate Cross-Platform Platforms,Electronics,Luxury,Cô Khoa Nguyễn
4535,175,294,10,43117520.0,4311752.0,180,2024-10-20,2024,10,4,E-Enable Strategic Functionalities,Clothing,Luxury,
4536,627,46,11,53247458.0,4840678.0,101,2024-12-11,2024,12,4,Syndicate Dynamic E-Commerce,Electronics,Luxury,
4537,1737,178,10,46496420.0,4649642.0,412,2023-06-22,2023,6,2,Whiteboard Next-Generation Platforms,Electronics,Luxury,Cô Lâm Vũ
4538,1207,286,2,8883358.0,4441679.0,231,2023-02-12,2023,2,1,Transform Dynamic Models,Clothing,Luxury,Hạnh Phạm
4539,80,216,3,13631922.0,4543974.0,494,2023-02-27,2023,2,1,Whiteboard Killer Convergence,Clothing,Luxury,Chi Nguyễn
4540,550,76,13,47960978.0,3689306.0,138,2023-06-21,2023,6,2,Maximize B2B Platforms,Clothing,Luxury,Dương Hoàng
4541,1098,231,8,37132952.0,4641619.0,293,2023-09-21,2023,9,3,Reinvent Frictionless Supply-Chains,Sports,Luxury,Lâm Nguyễn
4542,30,76,12,44271672.0,3689306.0,385,2023-01-24,2023,1,1,Maximize B2B Platforms,Clothing,Luxury,Hà Mai
4543,1263,103,14,61104974.0,4364641.0,12,2024-06-23,2024,6,2,Strategize Web-Enabled Action-Items,Sports,Luxury,
4544,917,42,1,1615719.0,1615719.0,55,2024-10-27,2024,10,4,Syndicate Sticky Functionalities,Sports,Premium,
4545,1019,13,2,8104310.0,4052155.0,395,2023-02-23,2023,2,1,Aggregate Robust E-Services,Clothing,Luxury,Yến Phạm
4546,663,249,9,28102428.0,3122492.0,228,2023-07-10,2023,7,3,Syndicate E-Business Systems,Clothing,Luxury,Anh Hải Nguyễn
4547,504,191,18,77246208.0,4291456.0,462,2023-05-09,2023,5,2,Envisioneer Back-End E-Services,Books,Luxury,
4548,1774,75,20,67422020.0,3371101.0,100,2023-02-06,2023,2,1,Maximize Cutting-Edge Paradigms,Electronics,Luxury,Nhiên Phạm
4549,418,185,8,10308504.0,1288563.0,276,2023-02-22,2023,2,1,Disintermediate Strategic Deliverables,Clothing,Premium,Thành Hữu Đặng
4550,1203,128,5,13335145.0,2667029.0,350,2023-07-02,2023,7,3,Seize Value-Added Bandwidth,Sports,Luxury,
4551,1307,163,20,14066440.0,703322.0,146,2024-12-27,2024,12,4,Disintermediate Viral Convergence,Electronics,Premium,
4552,517,139,15,40996740.0,2733116.0,230,2023-08-02,2023,8,3,Architect Innovative Systems,Electronics,Luxury,Cô Hà Đặng
4553,1719,58,16,13564352.0,847772.0,500,2023-02-24,2023,2,1,Benchmark Seamless Bandwidth,Books,Premium,Phương Dương
4554,1873,269,5,19068160.0,3813632.0,498,2023-01-25,2023,1,1,Unleash Plug-And-Play Markets,Clothing,Luxury,
4555,1026,17,6,21106056.0,3517676.0,92,2023-12-26,2023,12,4,Exploit Holistic Info-Mediaries,Electronics,Luxury,Bảo Hoàng Bùi
4556,1060,217,8,21229248.0,2653656.0,396,2024-07-31,2024,7,3,Deliver Wireless Metrics,Clothing,Luxury,Phúc Đức Trần
4557,358,243,7,12711545.0,1815935.0,117,2024-07-29,2024,7,3,Streamline Turn-Key Supply-Chains,Electronics,Premium,Bác Phúc Mai
4558,775,182,7,6166503.0,880929.0,38,2023-11-13,2023,11,4,Brand Rich Action-Items,Books,Premium,Lan Vũ
4559,371,51,3,12029427.0,4009809.0,252,2024-01-18,2024,1,1,Strategize Intuitive Web Services,Furniture,Luxury,
4560,529,163,6,4219932.0,703322.0,426,2024-10-19,2024,10,4,Disintermediate Viral Convergence,Electronics,Premium,
4561,1640,58,12,10173264.0,847772.0,257,2023-06-13,2023,6,2,Benchmark Seamless Bandwidth,Books,Premium,
4562,1640,190,11,43919557.0,3992687.0,257,2023-06-13,2023,6,2,Streamline Clicks-And-Mortar Interfaces,Books,Luxury,
4563,297,181,16,70199728.0,4387483.0,82,2024-05-09,2024,5,2,Orchestrate End-To-End Markets,Electronics,Luxury,Bác Quang Đặng
4564,73,181,1,4387483.0,4387483.0,225,2023-03-02,2023,3,1,Orchestrate End-To-End Markets,Electronics,Luxury,
4565,10,200,2,6233716.0,3116858.0,263,2024-08-16,2024,8,3,Maximize Open-Source Mindshare,Sports,Luxury,
4566,464,61,2,8338436.0,4169218.0,279,2023-09-06,2023,9,3,Synthesize Seamless Paradigms,Books,Luxury,Kim Phú Bùi
4567,1163,185,10,12885630.0,1288563.0,474,2023-04-29,2023,4,2,Disintermediate Strategic Deliverables,Clothing,Premium,Quang Đức Đặng
4568,1416,283,11,8543018.0,776638.0,489,2024-12-22,2024,12,4,Evolve Cross-Platform Mindshare,Food,Premium,
4569,1432,71,13,63129365.0,4856105.0,435,2023-04-26,2023,4,2,Maximize Virtual Users,Electronics,Luxury,Khoa Mai
4570,784,12,20,35233520.0,1761676.0,343,2024-11-21,2024,11,4,Synthesize Cross-Platform Applications,Sports,Premium,
4571,177,31,10,7868650.0,786865.0,346,2024-05-29,2024,5,2,Expedite Transparent Niches,Clothing,Premium,Phương Hoàng
4572,1473,152,15,54784875.0,3652325.0,484,2023-04-17,2023,4,2,Repurpose Open-Source Paradigms,Sports,Luxury,Hương Hoàng
4573,237,124,12,28956360.0,2413030.0,454,2023-12-24,2023,12,4,Extend Global Applications,Books,Luxury,
4574,404,84,8,30974000.0,3871750.0,305,2023-03-04,2023,3,1,Grow Dynamic Communities,Sports,Luxury,Hải Văn Bùi
4575,981,33,6,20986788.0,3497798.0,487,2023-01-23,2023,1,1,Implement 24/7 Applications,Clothing,Luxury,
4576,1197,26,6,16830234.0,2805039.0,227,2024-05-25,2024,5,2,Maximize Holistic E-Business,Food,Luxury,Thành Thị Bùi
4577,913,177,11,5054192.0,459472.0,22,2024-05-17,2024,5,2,Strategize Back-End Synergies,Sports,Mid,
4578,1443,21,4,8560844.0,2140211.0,37,2024-05-12,2024,5,2,Mesh User-Centric Functionalities,Food,Luxury,
4579,81,167,2,3710580.0,1855290.0,429,2023-11-27,2023,11,4,Transform Cross-Platform Web-Readiness,Furniture,Premium,Hạnh Bùi
4580,691,5,7,13800850.0,1971550.0,317,2024-12-28,2024,12,4,Redefine 24/365 Architectures,Books,Premium,Ông Quang Hoàng
4581,1959,134,11,40623968.0,3693088.0,121,2024-05-13,2024,5,2,Matrix Revolutionary Applications,Electronics,Luxury,
4582,1794,283,3,2329914.0,776638.0,27,2023-04-24,2023,4,2,Evolve Cross-Platform Mindshare,Food,Premium,
4583,1697,282,10,13748560.0,1374856.0,369,2023-10-19,2023,10,4,Utilize Frictionless Interfaces,Books,Premium,Trung Đức Đặng
4584,900,211,16,48497456.0,3031091.0,249,2023-11-11,2023,11,4,Optimize Proactive Systems,Books,Luxury,Bà Yến Trần
4585,660,172,5,18517190.0,3703438.0,60,2023-04-13,2023,4,2,Seize Virtual Functionalities,Sports,Luxury,Cô Linh Hoàng
4586,561,291,1,227815.0,227815.0,398,2024-05-10,2024,5,2,Extend Value-Added Info-Mediaries,Food,Mid,Ông Quang Vũ
4587,1922,94,8,2588544.0,323568.0,348,2024-09-08,2024,9,3,Morph Web-Enabled Convergence,Electronics,Mid,Bà Hà Nguyễn
4588,1414,107,2,3581152.0,1790576.0,32,2023-02-01,2023,2,1,Target Vertical E-Markets,Books,Premium,Thảo Vũ
4589,808,195,14,31275622.0,2233973.0,276,2023-04-28,2023,4,2,Leverage World-Class Vortals,Food,Luxury,Thành Hữu Đặng
4590,356,231,1,4641619.0,4641619.0,245,2024-05-31,2024,5,2,Reinvent Frictionless Supply-Chains,Sports,Luxury,An Xuân Lê
4591,251,128,19,50673551.0,2667029.0,497,2023-06-18,2023,6,2,Seize Value-Added Bandwidth,Sports,Luxury,Chị Hồng Trần
4592,788,59,10,16807270.0,1680727.0,402,2023-03-16,2023,3,1,Re-Intermediate Synergistic Convergence,Books,Premium,
4593,424,225,13,6680336.0,513872.0,67,2023-12-16,2023,12,4,Transform Proactive Markets,Electronics,Premium,
4594,983,100,4,10541540.0,2635385.0,214,2024-09-30,2024,9,3,Unleash Magnetic Action-Items,Clothing,Luxury,
4595,1780,161,9,21122199.0,2346911.0,232,2023-04-22,2023,4,2,Innovate Proactive Web-Readiness,Books,Luxury,Phương Dương
4596,1593,77,11,43421928.0,3947448.0,465,2023-01-02,2023,1,1,Brand Innovative Portals,Furniture,Luxury,
4597,1884,53,4,15676780.0,3919195.0,164,2023-03-26,2023,3,1,Leverage Ubiquitous Architectures,Food,Luxury,
4598,1338,270,14,34584326.0,2470309.0,81,2024-04-05,2024,4,2,Revolutionize Open-Source Interfaces,Food,Luxury,Kim Hoàng
4599,1903,86,18,13662882.0,759049.0,186,2024-03-10,2024,3,1,Orchestrate Best-Of-Breed Info-Mediaries,Sports,Premium,Quý ông Anh Nguyễn
4600,680,68,7,22620234.0,3231462.0,229,2024-03-04,2024,3,1,Matrix Customized Platforms,Furniture,Luxury,
4601,1873,96,15,52907745.0,3527183.0,498,2023-01-25,2023,1,1,Orchestrate Magnetic Eyeballs,Books,Luxury,
4602,683,161,20,46938220.0,2346911.0,363,2024-09-13,2024,9,3,Innovate Proactive Web-Readiness,Books,Luxury,Bác Trung Hoàng
4603,149,100,18,47436930.0,2635385.0,15,2024-04-02,2024,4,2,Unleash Magnetic Action-Items,Clothing,Luxury,Hoàng Hoàng
4604,615,215,4,8834360.0,2208590.0,70,2024-01-30,2024,1,1,Scale Impactful Deliverables,Furniture,Luxury,
4605,1324,281,2,7478890.0,3739445.0,387,2024-11-09,2024,11,4,Strategize World-Class Content,Books,Luxury,Anh Mai
4606,465,273,12,18093660.0,1507805.0,20,2024-09-10,2024,9,3,Evolve Enterprise Experiences,Food,Premium,Trung Phú Bùi
4607,1800,175,7,7479878.0,1068554.0,170,2023-10-15,2023,10,4,Engage Robust Initiatives,Electronics,Premium,Quý cô Vân Phạm
4608,365,161,3,7040733.0,2346911.0,142,2024-04-15,2024,4,2,Innovate Proactive Web-Readiness,Books,Luxury,Chị Khoa Nguyễn
4609,709,105,1,2231042.0,2231042.0,403,2024-10-20,2024,10,4,Streamline E-Business Convergence,Furniture,Luxury,
4610,1107,128,2,5334058.0,2667029.0,92,2024-03-03,2024,3,1,Seize Value-Added Bandwidth,Sports,Luxury,Bảo Hoàng Bùi
4611,752,33,17,59462566.0,3497798.0,92,2024-02-04,2024,2,1,Implement 24/7 Applications,Clothing,Luxury,Bảo Hoàng Bùi
4612,326,135,17,11185711.0,657983.0,24,2023-09-05,2023,9,3,Engage Bricks-And-Clicks E-Markets,Furniture,Premium,Châu Mai Đặng
4613,1764,46,12,58088136.0,4840678.0,114,2023-09-12,2023,9,3,Syndicate Dynamic E-Commerce,Electronics,Luxury,
4614,1593,160,2,4156476.0,2078238.0,465,2023-01-02,2023,1,1,Engage Collaborative Bandwidth,Furniture,Luxury,
4615,1954,137,12,16526316.0,1377193.0,374,2024-09-21,2024,9,3,Enable Web-Enabled E-Markets,Books,Premium,
4616,754,215,1,2208590.0,2208590.0,402,2024-05-21,2024,5,2,Scale Impactful Deliverables,Furniture,Luxury,
4617,1428,91,15,63566460.0,4237764.0,410,2024-06-20,2024,6,2,Innovate Global Bandwidth,Sports,Luxury,Quý cô Thành Bùi
4618,1379,9,15,38517750.0,2567850.0,166,2024-12-19,2024,12,4,Whiteboard Virtual Channels,Furniture,Luxury,Khoa Phú Hoàng
4619,138,125,6,17719488.0,2953248.0,112,2024-09-11,2024,9,3,Morph Holistic Interfaces,Clothing,Luxury,Nhật Trần
4620,1351,158,20,19416400.0,970820.0,220,2024-01-02,2024,1,1,Synergize Viral Platforms,Food,Premium,Cô Khoa Nguyễn
4621,1639,54,2,3952798.0,1976399.0,221,2023-11-05,2023,11,4,Benchmark Killer Paradigms,Clothing,Premium,
4622,1058,58,16,13564352.0,847772.0,491,2023-01-02,2023,1,1,Benchmark Seamless Bandwidth,Books,Premium,
4623,1587,171,10,1260800.0,126080.0,470,2024-01-28,2024,1,1,Aggregate Synergistic Partnerships,Food,Mid,
4624,192,281,17,63570565.0,3739445.0,192,2023-11-27,2023,11,4,Strategize World-Class Content,Books,Luxury,
4625,1488,31,10,7868650.0,786865.0,367,2023-06-08,2023,6,2,Expedite Transparent Niches,Clothing,Premium,
4626,1876,224,14,38371032.0,2740788.0,23,2024-01-12,2024,1,1,E-Enable Robust Communities,Books,Luxury,Bác Thành Dương
4627,1621,8,5,24582615.0,4916523.0,55,2024-01-26,2024,1,1,Extend Interactive Web-Readiness,Books,Luxury,
4628,1921,47,15,50494005.0,3366267.0,396,2024-06-10,2024,6,2,Morph Front-End Schemas,Food,Luxury,Phúc Đức Trần
4629,1689,197,8,31204248.0,3900531.0,445,2023-12-12,2023,12,4,Scale Plug-And-Play E-Services,Electronics,Luxury,Ánh Lê
4630,945,129,3,13875816.0,4625272.0,245,2023-12-19,2023,12,4,Synthesize Customized E-Markets,Furniture,Luxury,An Xuân Lê
4631,1064,211,20,60621820.0,3031091.0,471,2024-03-31,2024,3,1,Optimize Proactive Systems,Books,Luxury,
4632,1352,249,11,34347412.0,3122492.0,130,2023-07-20,2023,7,3,Syndicate E-Business Systems,Clothing,Luxury,Anh Tấn Bùi
4633,1360,248,11,10619389.0,965399.0,299,2024-07-22,2024,7,3,Syndicate Efficient Relationships,Food,Premium,
4634,1651,261,5,9520370.0,1904074.0,191,2023-01-18,2023,1,1,Exploit Back-End Markets,Sports,Premium,Hải Hữu Phạm
4635,1461,266,1,995569.0,995569.0,111,2023-03-15,2023,3,1,Reinvent Mission-Critical Systems,Clothing,Premium,Duyên Bùi
4636,1158,292,20,54450560.0,2722528.0,154,2023-07-13,2023,7,3,Disintermediate Strategic E-Markets,Clothing,Luxury,
4637,879,176,16,5507184.0,344199.0,331,2023-07-30,2023,7,3,Synergize Integrated Convergence,Furniture,Mid,
4638,710,134,9,33237792.0,3693088.0,368,2024-08-14,2024,8,3,Matrix Revolutionary Applications,Electronics,Luxury,Thảo Trần
4639,930,299,7,11478789.0,1639827.0,187,2023-05-27,2023,5,2,Streamline Rich Communities,Clothing,Premium,Minh Bùi
4640,943,299,16,26237232.0,1639827.0,193,2024-05-19,2024,5,2,Streamline Rich Communities,Clothing,Premium,Nhật Phạm
4641,663,36,10,4333160.0,433316.0,228,2023-07-10,2023,7,3,Extend Magnetic Supply-Chains,Food,Mid,Anh Hải Nguyễn
4642,1739,240,13,55738709.0,4287593.0,331,2024-11-26,2024,11,4,Streamline Extensible E-Commerce,Electronics,Luxury,
4643,1822,90,6,9153684.0,1525614.0,277,2023-10-01,2023,10,4,Drive Collaborative Experiences,Electronics,Premium,Dũng Vũ
4644,1137,295,20,42227900.0,2111395.0,277,2024-02-04,2024,2,1,Evolve Value-Added Users,Electronics,Luxury,Dũng Vũ
4645,1298,267,11,54030075.0,4911825.0,444,2024-09-16,2024,9,3,Drive Wireless Models,Clothing,Luxury,Hà Mai Dương
4646,1883,1,3,4197249.0,1399083.0,79,2024-01-04,2024,1,1,Engineer Next-Generation Infrastructures,Furniture,Premium,
4647,663,92,6,7076910.0,1179485.0,228,2023-07-10,2023,7,3,Unleash Innovative E-Business,Furniture,Premium,Anh Hải Nguyễn
4648,1389,15,16,38302128.0,2393883.0,175,2023-01-30,2023,1,1,Maximize Back-End Infrastructures,Clothing,Luxury,Anh Phúc Lê
4649,1463,293,5,14760720.0,2952144.0,65,2023-09-25,2023,9,3,Disintermediate E-Business Channels,Clothing,Luxury,
4650,718,18,12,24229020.0,2019085.0,68,2024-06-09,2024,6,2,Empower Dot-Com Applications,Food,Luxury,
4651,1923,119,18,12330378.0,685021.0,249,2023-11-27,2023,11,4,Unleash Holistic Solutions,Electronics,Premium,Bà Yến Trần
4652,1446,243,10,18159350.0,1815935.0,55,2024-03-21,2024,3,1,Streamline Turn-Key Supply-Chains,Electronics,Premium,
4653,878,95,17,58666541.0,3450973.0,490,2023-05-22,2023,5,2,Optimize Customized E-Commerce,Clothing,Luxury,Chị An Phạm
4654,1139,287,2,1027584.0,513792.0,250,2024-01-27,2024,1,1,Utilize Back-End Interfaces,Furniture,Premium,Quý ông Nam Nguyễn
4655,1597,99,10,26234240.0,2623424.0,142,2024-02-01,2024,2,1,Synthesize Enterprise Synergies,Clothing,Luxury,Chị Khoa Nguyễn
4656,537,13,10,40521550.0,4052155.0,480,2024-04-11,2024,4,2,Aggregate Robust E-Services,Clothing,Luxury,Châu Tấn Mai
4657,1933,265,4,13442856.0,3360714.0,173,2024-12-02,2024,12,4,Incubate Magnetic E-Business,Food,Luxury,Quý ông Vũ Lê
4658,274,196,1,1569395.0,1569395.0,157,2024-09-10,2024,9,3,Repurpose Innovative E-Services,Electronics,Premium,Vũ Hoàng
4659,1069,65,10,30938820.0,3093882.0,428,2023-09-23,2023,9,3,Integrate Proactive Interfaces,Clothing,Luxury,
4660,1213,64,5,13590145.0,2718029.0,83,2023-08-05,2023,8,3,Unleash End-To-End Methodologies,Furniture,Luxury,Châu Mai Dương
4661,1186,66,6,18334560.0,3055760.0,192,2024-06-21,2024,6,2,Leverage Revolutionary Technologies,Sports,Luxury,
4662,1254,201,1,125289.0,125289.0,345,2023-12-26,2023,12,4,Architect Viral Metrics,Furniture,Mid,Bác Trung Mai
4663,25,222,12,43468872.0,3622406.0,89,2023-10-09,2023,10,4,Enable Customized Architectures,Furniture,Luxury,Nhật Hải Trần
4664,1806,294,5,21558760.0,4311752.0,238,2024-12-12,2024,12,4,E-Enable Strategic Functionalities,Clothing,Luxury,Trọng Văn Nguyễn
4665,708,288,18,37707822.0,2094879.0,232,2023-06-29,2023,6,2,Cultivate 24/365 E-Services,Sports,Luxury,Phương Dương
4666,865,253,13,51228580.0,3940660.0,208,2023-09-10,2023,9,3,Incentivize Sticky Niches,Furniture,Luxury,Ngọc Bùi
4667,1281,265,2,6721428.0,3360714.0,216,2024-09-10,2024,9,3,Incubate Magnetic E-Business,Food,Luxury,
4668,346,28,20,76355040.0,3817752.0,111,2023-08-27,2023,8,3,Cultivate Dot-Com Deliverables,Books,Luxury,Duyên Bùi
4669,1103,113,18,46296342.0,2572019.0,493,2023-09-27,2023,9,3,Brand Mission-Critical Niches,Books,Luxury,Châu Bùi
4670,1440,40,1,1787060.0,1787060.0,108,2023-08-10,2023,8,3,Facilitate Distributed Markets,Books,Premium,
4671,177,123,10,1187690.0,118769.0,346,2024-05-29,2024,5,2,Utilize Open-Source Mindshare,Books,Mid,Phương Hoàng
4672,688,43,5,7677245.0,1535449.0,391,2024-06-10,2024,6,2,Reinvent Compelling Synergies,Furniture,Premium,
4673,622,261,4,7616296.0,1904074.0,136,2023-06-05,2023,6,2,Exploit Back-End Markets,Sports,Premium,Bà Linh Mai
4674,159,282,11,15123416.0,1374856.0,252,2023-03-01,2023,3,1,Utilize Frictionless Interfaces,Books,Premium,
4675,1132,265,10,33607140.0,3360714.0,115,2023-07-26,2023,7,3,Incubate Magnetic E-Business,Food,Luxury,
4676,375,194,8,12700304.0,1587538.0,250,2023-09-04,2023,9,3,Implement Collaborative Action-Items,Books,Premium,Quý ông Nam Nguyễn
4677,73,52,7,12194770.0,1742110.0,225,2023-03-02,2023,3,1,Re-Contextualize Dynamic Experiences,Clothing,Premium,
4678,1939,182,11,9690219.0,880929.0,333,2023-04-12,2023,4,2,Brand Rich Action-Items,Books,Premium,
4679,1332,143,10,8473960.0,847396.0,333,2023-06-17,2023,6,2,Facilitate Granular Channels,Electronics,Premium,
4680,1936,266,7,6968983.0,995569.0,464,2023-08-04,2023,8,3,Reinvent Mission-Critical Systems,Clothing,Premium,Hạnh Phạm
4681,257,246,2,4362052.0,2181026.0,411,2024-10-07,2024,10,4,Matrix Back-End E-Commerce,Furniture,Luxury,
4682,1514,272,18,71673120.0,3981840.0,119,2024-05-06,2024,5,2,Embrace 24/7 Architectures,Food,Luxury,Thành Bảo Trần
4683,1242,25,18,32665608.0,1814756.0,460,2024-02-06,2024,2,1,Reinvent Scalable Eyeballs,Electronics,Premium,
4684,1053,188,19,48876968.0,2572472.0,273,2023-05-19,2023,5,2,Embrace Rich Experiences,Electronics,Luxury,
4685,72,85,16,17449536.0,1090596.0,158,2024-01-04,2024,1,1,Benchmark Cutting-Edge Mindshare,Furniture,Premium,Cô Linh Bùi
4686,643,118,7,4699639.0,671377.0,150,2024-04-28,2024,4,2,Incentivize Seamless Technologies,Electronics,Premium,
4687,1903,92,15,17692275.0,1179485.0,186,2024-03-10,2024,3,1,Unleash Innovative E-Business,Furniture,Premium,Quý ông Anh Nguyễn
4688,316,201,19,2380491.0,125289.0,22,2024-06-19,2024,6,2,Architect Viral Metrics,Furniture,Mid,
4689,1437,123,13,1543997.0,118769.0,299,2024-11-12,2024,11,4,Utilize Open-Source Mindshare,Books,Mid,
4690,291,187,11,39260408.0,3569128.0,226,2023-02-13,2023,2,1,Maximize Bleeding-Edge Bandwidth,Furniture,Luxury,
4691,1092,258,1,130316.0,130316.0,193,2024-05-09,2024,5,2,Deliver Killer Info-Mediaries,Food,Mid,Nhật Phạm
4692,282,148,17,25150055.0,1479415.0,459,2023-02-07,2023,2,1,Unleash Distributed Web-Readiness,Electronics,Premium,Khoa Thế Phạm
4693,929,111,14,10005660.0,714690.0,240,2024-08-30,2024,8,3,Optimize Dynamic Web Services,Books,Premium,Phúc Trí Dương
4694,416,243,9,16343415.0,1815935.0,163,2024-10-29,2024,10,4,Streamline Turn-Key Supply-Chains,Electronics,Premium,
4695,257,150,4,17558436.0,4389609.0,411,2024-10-07,2024,10,4,Drive Collaborative Communities,Electronics,Luxury,
4696,85,19,9,10766061.0,1196229.0,104,2024-11-28,2024,11,4,Strategize B2B Partnerships,Clothing,Premium,Tùng Dương
4697,946,163,10,7033220.0,703322.0,142,2024-12-03,2024,12,4,Disintermediate Viral Convergence,Electronics,Premium,Chị Khoa Nguyễn
4698,821,71,14,67985470.0,4856105.0,202,2023-08-26,2023,8,3,Maximize Virtual Users,Electronics,Luxury,
4699,243,218,18,71266464.0,3959248.0,410,2023-09-14,2023,9,3,Target Impactful Deliverables,Books,Luxury,Quý cô Thành Bùi
4700,1895,159,18,20892204.0,1160678.0,349,2023-02-06,2023,2,1,Productize User-Centric Portals,Clothing,Premium,Phúc Lê
4701,1279,24,1,1593662.0,1593662.0,161,2023-09-09,2023,9,3,Optimize Open-Source Infrastructures,Furniture,Premium,Bảo Dương
4702,185,245,11,48565803.0,4415073.0,16,2023-01-10,2023,1,1,Deploy Web-Enabled Convergence,Books,Luxury,
4703,593,276,12,47347920.0,3945660.0,76,2024-05-26,2024,5,2,Scale Dot-Com Web Services,Electronics,Luxury,
4704,681,151,7,19230666.0,2747238.0,491,2023-02-07,2023,2,1,Synthesize Distributed Systems,Clothing,Luxury,
4705,1146,181,15,65812245.0,4387483.0,452,2023-09-20,2023,9,3,Orchestrate End-To-End Markets,Electronics,Luxury,Bà Nhật Đặng
4706,1165,127,10,29550400.0,2955040.0,488,2024-10-20,2024,10,4,Extend Magnetic Schemas,Furniture,Luxury,Thành Mai
4707,1748,194,8,12700304.0,1587538.0,21,2023-07-28,2023,7,3,Implement Collaborative Action-Items,Books,Premium,Châu Đặng
4708,374,217,8,21229248.0,2653656.0,465,2024-11-09,2024,11,4,Deliver Wireless Metrics,Clothing,Luxury,
4709,1133,232,11,24992264.0,2272024.0,170,2023-04-06,2023,4,2,Brand Viral Roi,Clothing,Luxury,Quý cô Vân Phạm
4710,409,160,16,33251808.0,2078238.0,55,2024-08-27,2024,8,3,Engage Collaborative Bandwidth,Furniture,Luxury,
4711,232,104,2,3447110.0,1723555.0,10,2024-05-14,2024,5,2,Enhance Visionary Content,Electronics,Premium,
4712,1386,285,16,886960.0,55435.0,262,2024-05-04,2024,5,2,Scale E-Business Web-Readiness,Clothing,Budget,
4713,762,1,5,6995415.0,1399083.0,257,2023-12-08,2023,12,4,Engineer Next-Generation Infrastructures,Furniture,Premium,
4714,1688,264,5,15646095.0,3129219.0,165,2023-09-29,2023,9,3,Scale 24/365 Users,Clothing,Luxury,Phúc Đặng
4715,1251,68,11,35546082.0,3231462.0,336,2023-07-16,2023,7,3,Matrix Customized Platforms,Furniture,Luxury,
4716,1851,292,1,2722528.0,2722528.0,407,2024-01-29,2024,1,1,Disintermediate Strategic E-Markets,Clothing,Luxury,
4717,1045,125,6,17719488.0,2953248.0,437,2024-05-05,2024,5,2,Morph Holistic Interfaces,Clothing,Luxury,Trung Hoàng
4718,148,168,20,36667220.0,1833361.0,52,2023-03-24,2023,3,1,Synthesize Virtual E-Markets,Furniture,Premium,Kim Quang Phạm
4719,1108,72,16,50859072.0,3178692.0,390,2023-02-08,2023,2,1,Strategize Clicks-And-Mortar Methodologies,Books,Luxury,Khoa Hoàng
4720,1360,163,10,7033220.0,703322.0,299,2024-07-22,2024,7,3,Disintermediate Viral Convergence,Electronics,Premium,
4721,1194,67,20,95169020.0,4758451.0,483,2024-02-02,2024,2,1,Disintermediate Cutting-Edge Roi,Furniture,Luxury,Anh Tùng Đặng
4722,1291,268,12,39848916.0,3320743.0,415,2023-09-04,2023,9,3,Reinvent One-To-One Synergies,Furniture,Luxury,
4723,1566,252,5,19862205.0,3972441.0,123,2024-07-26,2024,7,3,Evolve Revolutionary Web-Readiness,Books,Luxury,
4724,1862,108,2,8010208.0,4005104.0,427,2023-07-22,2023,7,3,Generate Value-Added Convergence,Clothing,Luxury,
4725,1092,159,18,20892204.0,1160678.0,193,2024-05-09,2024,5,2,Productize User-Centric Portals,Clothing,Premium,Nhật Phạm
4726,866,291,20,4556300.0,227815.0,159,2023-02-17,2023,2,1,Extend Value-Added Info-Mediaries,Food,Mid,
4727,431,3,11,28529523.0,2593593.0,222,2023-03-08,2023,3,1,Cultivate Rich Schemas,Electronics,Luxury,Bác Hưng Nguyễn
4728,790,165,17,13256702.0,779806.0,293,2023-07-08,2023,7,3,Disintermediate Innovative Experiences,Sports,Premium,Lâm Nguyễn
4729,1109,116,3,8698098.0,2899366.0,432,2024-11-09,2024,11,4,Cultivate 24/7 Communities,Sports,Luxury,Trọng Mai Bảo Trần
4730,1458,123,6,712614.0,118769.0,371,2024-09-17,2024,9,3,Utilize Open-Source Mindshare,Books,Mid,Lâm Thị Vũ
4731,1885,90,7,10679298.0,1525614.0,468,2023-10-23,2023,10,4,Drive Collaborative Experiences,Electronics,Premium,Dũng Vũ
4732,1704,257,7,5191529.0,741647.0,416,2024-01-20,2024,1,1,Embrace Intuitive E-Commerce,Electronics,Premium,
4733,1663,211,12,36373092.0,3031091.0,225,2023-09-19,2023,9,3,Optimize Proactive Systems,Books,Luxury,
4734,348,234,12,10566984.0,880582.0,483,2024-05-13,2024,5,2,Evolve Turn-Key Interfaces,Electronics,Premium,Anh Tùng Đặng
4735,654,223,4,2018924.0,504731.0,69,2024-03-08,2024,3,1,Revolutionize Out-Of-The-Box Action-Items,Clothing,Premium,
4736,627,17,18,63318168.0,3517676.0,101,2024-12-11,2024,12,4,Exploit Holistic Info-Mediaries,Electronics,Luxury,
4737,1786,210,14,8079022.0,577073.0,192,2024-01-26,2024,1,1,Maximize Robust Convergence,Electronics,Premium,
4738,1997,193,20,43888880.0,2194444.0,319,2024-12-19,2024,12,4,Disintermediate Bricks-And-Clicks Partnerships,Food,Luxury,
4739,424,90,2,3051228.0,1525614.0,67,2023-12-16,2023,12,4,Drive Collaborative Experiences,Electronics,Premium,
4740,944,272,20,79636800.0,3981840.0,253,2023-06-23,2023,6,2,Embrace 24/7 Architectures,Food,Luxury,Bác Hưng Hoàng
4741,1231,10,14,16400342.0,1171453.0,258,2023-05-20,2023,5,2,Seize Wireless Web-Readiness,Food,Premium,
4742,621,99,16,41974784.0,2623424.0,84,2023-12-30,2023,12,4,Synthesize Enterprise Synergies,Clothing,Luxury,
4743,1214,251,19,81918709.0,4311511.0,351,2023-09-01,2023,9,3,Incubate Cross-Platform Platforms,Electronics,Luxury,
4744,1629,195,19,42445487.0,2233973.0,41,2024-12-06,2024,12,4,Leverage World-Class Vortals,Food,Luxury,Phương Đức Mai
4745,331,56,15,59668590.0,3977906.0,358,2023-01-06,2023,1,1,Grow Open-Source Applications,Sports,Luxury,
4746,1532,36,10,4333160.0,433316.0,60,2024-11-15,2024,11,4,Extend Magnetic Supply-Chains,Food,Mid,Cô Linh Hoàng
4747,579,82,11,53170007.0,4833637.0,486,2023-10-29,2023,10,4,Extend 24/365 Web Services,Electronics,Luxury,Ông Hưng Mai
4748,1509,238,2,774980.0,387490.0,415,2024-02-15,2024,2,1,Enhance E-Business Architectures,Clothing,Mid,
4749,1835,241,1,3049683.0,3049683.0,76,2024-12-16,2024,12,4,Drive One-To-One Portals,Food,Luxury,
4750,1291,245,5,22075365.0,4415073.0,415,2023-09-04,2023,9,3,Deploy Web-Enabled Convergence,Books,Luxury,
4751,1011,118,1,671377.0,671377.0,158,2024-04-21,2024,4,2,Incentivize Seamless Technologies,Electronics,Premium,Cô Linh Bùi
4752,1378,85,19,20721324.0,1090596.0,52,2023-12-11,2023,12,4,Benchmark Cutting-Edge Mindshare,Furniture,Premium,Kim Quang Phạm
4753,1693,226,10,23585010.0,2358501.0,281,2024-04-06,2024,4,2,Evolve Rich Experiences,Electronics,Luxury,
4754,1374,215,9,19877310.0,2208590.0,144,2023-06-27,2023,6,2,Scale Impactful Deliverables,Furniture,Luxury,
4755,1489,90,13,19832982.0,1525614.0,476,2023-04-08,2023,4,2,Drive Collaborative Experiences,Electronics,Premium,Chị Phương Hoàng
4756,1364,42,13,21004347.0,1615719.0,87,2024-01-21,2024,1,1,Syndicate Sticky Functionalities,Sports,Premium,Anh Hoàng Hoàng
4757,1537,78,5,24175415.0,4835083.0,473,2024-12-13,2024,12,4,Leverage Visionary Experiences,Clothing,Luxury,Nhật Phú Trần
4758,522,111,15,10720350.0,714690.0,248,2024-01-06,2024,1,1,Optimize Dynamic Web Services,Books,Premium,Bảo Mai Bùi
4759,780,30,9,11911266.0,1323474.0,3,2023-11-04,2023,11,4,Benchmark Customized Partnerships,Clothing,Premium,Bảo Tấn Phạm
4760,1863,180,13,19236048.0,1479696.0,236,2023-09-26,2023,9,3,E-Enable Collaborative Technologies,Food,Premium,
4761,1749,227,12,31071972.0,2589331.0,118,2023-10-31,2023,10,4,Monetize Strategic E-Business,Food,Luxury,Tùng Mai Mai
4762,167,200,17,52986586.0,3116858.0,88,2024-12-19,2024,12,4,Maximize Open-Source Mindshare,Sports,Luxury,
4763,1971,78,18,87031494.0,4835083.0,433,2023-01-13,2023,1,1,Leverage Visionary Experiences,Clothing,Luxury,Cô Mai Trần
4764,402,49,8,3080448.0,385056.0,336,2024-01-16,2024,1,1,Transition Impactful Info-Mediaries,Food,Mid,
4765,1811,197,6,23403186.0,3900531.0,155,2024-06-07,2024,6,2,Scale Plug-And-Play E-Services,Electronics,Luxury,
4766,712,49,17,6545952.0,385056.0,280,2024-04-04,2024,4,2,Transition Impactful Info-Mediaries,Food,Mid,Quý cô Ánh Hoàng
4767,289,204,10,11227500.0,1122750.0,367,2024-12-11,2024,12,4,Strategize Ubiquitous Technologies,Furniture,Premium,
4768,670,121,5,14108835.0,2821767.0,163,2023-12-29,2023,12,4,Evolve Efficient Metrics,Electronics,Luxury,
4769,1054,46,1,4840678.0,4840678.0,54,2023-11-19,2023,11,4,Syndicate Dynamic E-Commerce,Electronics,Luxury,Quý cô Hạnh Phạm
4770,1655,42,4,6462876.0,1615719.0,200,2023-08-29,2023,8,3,Syndicate Sticky Functionalities,Sports,Premium,Vi Hoàng
4771,207,179,19,66326017.0,3490843.0,67,2024-07-20,2024,7,3,Streamline Value-Added Schemas,Food,Luxury,
4772,254,65,2,6187764.0,3093882.0,37,2023-08-03,2023,8,3,Integrate Proactive Interfaces,Clothing,Luxury,
4773,28,148,9,13314735.0,1479415.0,13,2024-04-08,2024,4,2,Unleash Distributed Web-Readiness,Electronics,Premium,Bà Dương Mai
4774,1004,4,1,3253432.0,3253432.0,232,2024-03-09,2024,3,1,Exploit 24/365 Models,Books,Luxury,Phương Dương
4775,812,292,8,21780224.0,2722528.0,106,2023-01-01,2023,1,1,Disintermediate Strategic E-Markets,Clothing,Luxury,Nhật Nguyễn
4776,1257,149,1,3196957.0,3196957.0,197,2023-01-22,2023,1,1,Incubate Collaborative Vortals,Books,Luxury,
4777,1385,179,8,27926744.0,3490843.0,124,2024-06-06,2024,6,2,Streamline Value-Added Schemas,Food,Luxury,Huy Bảo Mai
4778,505,28,19,72537288.0,3817752.0,292,2023-07-27,2023,7,3,Cultivate Dot-Com Deliverables,Books,Luxury,
4779,428,70,14,34366206.0,2454729.0,155,2024-05-22,2024,5,2,Utilize Next-Generation Schemas,Food,Luxury,
4780,1633,68,2,6462924.0,3231462.0,407,2024-10-01,2024,10,4,Matrix Customized Platforms,Furniture,Luxury,
4781,275,279,14,1260826.0,90059.0,415,2024-02-11,2024,2,1,Generate B2C Web-Readiness,Food,Budget,
4782,1353,34,8,11536480.0,1442060.0,284,2023-03-16,2023,3,1,Monetize Back-End Content,Clothing,Premium,
4783,1649,38,5,3886845.0,777369.0,473,2023-12-18,2023,12,4,Brand Clicks-And-Mortar Portals,Books,Premium,Nhật Phú Trần
4784,1854,260,18,20219364.0,1123298.0,303,2024-06-16,2024,6,2,Revolutionize Frictionless Web Services,Clothing,Premium,Khoa Phú Hoàng
4785,744,28,19,72537288.0,3817752.0,330,2023-12-29,2023,12,4,Cultivate Dot-Com Deliverables,Books,Luxury,Lâm Xuân Trần
4786,101,34,1,1442060.0,1442060.0,462,2023-08-01,2023,8,3,Monetize Back-End Content,Clothing,Premium,
4787,1536,258,9,1172844.0,130316.0,183,2023-10-27,2023,10,4,Deliver Killer Info-Mediaries,Food,Mid,
4788,1294,198,16,15627408.0,976713.0,394,2024-02-11,2024,2,1,Orchestrate Leading-Edge Schemas,Sports,Premium,Ông Tú Lê
4789,972,239,13,45095531.0,3468887.0,18,2023-03-23,2023,3,1,Cultivate Interactive E-Tailers,Furniture,Luxury,
4790,961,124,8,19304240.0,2413030.0,353,2023-09-04,2023,9,3,Extend Global Applications,Books,Luxury,
4791,262,53,3,11757585.0,3919195.0,87,2024-10-23,2024,10,4,Leverage Ubiquitous Architectures,Food,Luxury,Anh Hoàng Hoàng
4792,1041,37,4,6165480.0,1541370.0,238,2024-04-01,2024,4,2,Scale Frictionless Models,Furniture,Premium,Trọng Văn Nguyễn
4793,1176,178,3,13948926.0,4649642.0,279,2024-03-15,2024,3,1,Whiteboard Next-Generation Platforms,Electronics,Luxury,Kim Phú Bùi
4794,510,157,2,4579348.0,2289674.0,88,2023-04-22,2023,4,2,Cultivate Integrated Portals,Books,Luxury,
4795,724,290,2,5205140.0,2602570.0,156,2023-01-29,2023,1,1,Enhance End-To-End Eyeballs,Sports,Luxury,Bảo Văn Bùi
4796,423,251,19,81918709.0,4311511.0,189,2023-04-17,2023,4,2,Incubate Cross-Platform Platforms,Electronics,Luxury,
4797,54,152,16,58437200.0,3652325.0,21,2023-01-04,2023,1,1,Repurpose Open-Source Paradigms,Sports,Luxury,Châu Đặng
4798,512,102,12,30386016.0,2532168.0,281,2024-08-27,2024,8,3,Strategize Customized Schemas,Food,Luxury,
4799,1837,37,17,26203290.0,1541370.0,60,2023-11-28,2023,11,4,Scale Frictionless Models,Furniture,Premium,Cô Linh Hoàng
4800,1636,34,6,8652360.0,1442060.0,48,2024-09-26,2024,9,3,Monetize Back-End Content,Clothing,Premium,
4801,1957,197,6,23403186.0,3900531.0,259,2024-09-13,2024,9,3,Scale Plug-And-Play E-Services,Electronics,Luxury,
4802,509,20,20,9124900.0,456245.0,260,2023-03-01,2023,3,1,Engineer Integrated Deliverables,Food,Mid,
4803,514,115,15,47217255.0,3147817.0,159,2024-01-21,2024,1,1,Embrace Strategic Users,Food,Luxury,
4804,297,73,1,4415496.0,4415496.0,82,2024-05-09,2024,5,2,Utilize Scalable Synergies,Furniture,Luxury,Bác Quang Đặng
4805,496,194,20,31750760.0,1587538.0,466,2023-02-25,2023,2,1,Implement Collaborative Action-Items,Books,Premium,An Nguyễn
4806,1052,213,14,31711792.0,2265128.0,131,2023-10-31,2023,10,4,Repurpose Cutting-Edge Interfaces,Sports,Luxury,Chị Lan Dương
4807,1451,134,16,59089408.0,3693088.0,348,2024-04-27,2024,4,2,Matrix Revolutionary Applications,Electronics,Luxury,Bà Hà Nguyễn
4808,1378,30,5,6617370.0,1323474.0,52,2023-12-11,2023,12,4,Benchmark Customized Partnerships,Clothing,Premium,Kim Quang Phạm
4809,1220,80,9,12060900.0,1340100.0,294,2024-08-14,2024,8,3,Cultivate Web-Enabled Info-Mediaries,Sports,Premium,Thành Thị Bùi
4810,1673,40,20,35741200.0,1787060.0,200,2023-12-15,2023,12,4,Facilitate Distributed Markets,Books,Premium,Vi Hoàng
4811,457,202,5,11026660.0,2205332.0,231,2024-11-14,2024,11,4,Strategize Revolutionary E-Markets,Sports,Luxury,Hạnh Phạm
4812,1748,15,2,4787766.0,2393883.0,21,2023-07-28,2023,7,3,Maximize Back-End Infrastructures,Clothing,Luxury,Châu Đặng
4813,1670,25,19,34480364.0,1814756.0,488,2023-06-21,2023,6,2,Reinvent Scalable Eyeballs,Electronics,Premium,Thành Mai
4814,408,36,5,2166580.0,433316.0,279,2024-12-29,2024,12,4,Extend Magnetic Supply-Chains,Food,Mid,Kim Phú Bùi
4815,178,171,19,2395520.0,126080.0,199,2023-12-10,2023,12,4,Aggregate Synergistic Partnerships,Food,Mid,
4816,219,193,10,21944440.0,2194444.0,176,2024-04-09,2024,4,2,Disintermediate Bricks-And-Clicks Partnerships,Food,Luxury,
4817,482,161,18,42244398.0,2346911.0,376,2024-12-16,2024,12,4,Innovate Proactive Web-Readiness,Books,Luxury,Xuân Phạm
4818,1078,139,7,19131812.0,2733116.0,190,2023-03-06,2023,3,1,Architect Innovative Systems,Electronics,Luxury,
4819,639,50,13,33284862.0,2560374.0,53,2023-08-23,2023,8,3,Visualize One-To-One E-Business,Books,Luxury,
4820,1615,35,16,41336528.0,2583533.0,106,2023-10-10,2023,10,4,Syndicate Compelling Web Services,Books,Luxury,Nhật Nguyễn
4821,112,276,6,23673960.0,3945660.0,195,2024-09-17,2024,9,3,Scale Dot-Com Web Services,Electronics,Luxury,
4822,91,253,9,35465940.0,3940660.0,481,2024-06-16,2024,6,2,Incentivize Sticky Niches,Furniture,Luxury,Hải Mai Lê
4823,885,70,13,31911477.0,2454729.0,241,2024-10-12,2024,10,4,Utilize Next-Generation Schemas,Food,Luxury,Vân Vũ
4824,1523,201,17,2129913.0,125289.0,303,2023-04-27,2023,4,2,Architect Viral Metrics,Furniture,Mid,Khoa Phú Hoàng
4825,1407,200,19,59220302.0,3116858.0,377,2024-04-07,2024,4,2,Maximize Open-Source Mindshare,Sports,Luxury,Bà Ánh Nguyễn
4826,704,38,2,1554738.0,777369.0,275,2023-09-15,2023,9,3,Brand Clicks-And-Mortar Portals,Books,Premium,Bác Minh Nguyễn
4827,1261,288,20,41897580.0,2094879.0,320,2024-05-03,2024,5,2,Cultivate 24/365 E-Services,Sports,Luxury,Hương Dương
4828,551,80,4,5360400.0,1340100.0,396,2024-03-22,2024,3,1,Cultivate Web-Enabled Info-Mediaries,Sports,Premium,Phúc Đức Trần
4829,1258,5,18,35487900.0,1971550.0,9,2024-10-14,2024,10,4,Redefine 24/365 Architectures,Books,Premium,Bác Trung Phạm
4830,1110,190,9,35934183.0,3992687.0,288,2023-12-31,2023,12,4,Streamline Clicks-And-Mortar Interfaces,Books,Luxury,Hải Đức Phạm
4831,1546,33,5,17488990.0,3497798.0,318,2023-04-13,2023,4,2,Implement 24/7 Applications,Clothing,Luxury,Lâm Mai Bảo Đặng
4832,1718,213,7,15855896.0,2265128.0,471,2024-03-01,2024,3,1,Repurpose Cutting-Edge Interfaces,Sports,Luxury,
4833,648,161,16,37550576.0,2346911.0,71,2024-01-10,2024,1,1,Innovate Proactive Web-Readiness,Books,Luxury,Tú Hữu Nguyễn
4834,1618,130,19,77967127.0,4103533.0,110,2023-09-22,2023,9,3,Leverage Rich Paradigms,Electronics,Luxury,Dũng Đức Bùi
4835,100,283,15,11649570.0,776638.0,392,2023-09-21,2023,9,3,Evolve Cross-Platform Mindshare,Food,Premium,Hải Hải Vũ
4836,1456,259,11,21203688.0,1927608.0,486,2023-04-19,2023,4,2,Matrix Back-End Initiatives,Furniture,Premium,Ông Hưng Mai
4837,486,296,4,4762388.0,1190597.0,48,2024-12-08,2024,12,4,Target Proactive Relationships,Clothing,Premium,
4838,1937,163,5,3516610.0,703322.0,292,2024-08-29,2024,8,3,Disintermediate Viral Convergence,Electronics,Premium,
4839,1763,167,3,5565870.0,1855290.0,398,2024-12-17,2024,12,4,Transform Cross-Platform Web-Readiness,Furniture,Premium,Ông Quang Vũ
4840,1424,129,8,37002176.0,4625272.0,473,2024-08-21,2024,8,3,Synthesize Customized E-Markets,Furniture,Luxury,Nhật Phú Trần
4841,407,120,13,3207763.0,246751.0,44,2024-09-11,2024,9,3,Generate Collaborative Action-Items,Furniture,Mid,An Hoàng
4842,186,27,8,3501080.0,437635.0,338,2024-04-13,2024,4,2,Incentivize Compelling Relationships,Sports,Mid,
4843,1666,127,4,11820160.0,2955040.0,147,2024-07-08,2024,7,3,Extend Magnetic Schemas,Furniture,Luxury,Hà Hải Dương
4844,967,208,7,9718163.0,1388309.0,196,2024-07-24,2024,7,3,Engage Dot-Com E-Commerce,Furniture,Premium,
4845,521,20,1,456245.0,456245.0,197,2023-12-06,2023,12,4,Engineer Integrated Deliverables,Food,Mid,
4846,1404,124,8,19304240.0,2413030.0,194,2023-08-26,2023,8,3,Extend Global Applications,Books,Luxury,An Văn Hoàng
4847,1115,150,10,43896090.0,4389609.0,481,2023-09-23,2023,9,3,Drive Collaborative Communities,Electronics,Luxury,Hải Mai Lê
4848,244,290,15,39038550.0,2602570.0,272,2023-09-01,2023,9,3,Enhance End-To-End Eyeballs,Sports,Luxury,
4849,933,85,5,5452980.0,1090596.0,371,2024-09-05,2024,9,3,Benchmark Cutting-Edge Mindshare,Furniture,Premium,Lâm Thị Vũ
4850,1211,79,20,61913820.0,3095691.0,154,2023-12-31,2023,12,4,Syndicate Rich Initiatives,Clothing,Luxury,
4851,1747,54,13,25693187.0,1976399.0,293,2024-11-30,2024,11,4,Benchmark Killer Paradigms,Clothing,Premium,Lâm Nguyễn
4852,336,198,18,17580834.0,976713.0,266,2023-01-16,2023,1,1,Orchestrate Leading-Edge Schemas,Sports,Premium,Cô Ánh Trần
4853,261,160,8,16625904.0,2078238.0,143,2023-09-25,2023,9,3,Engage Collaborative Bandwidth,Furniture,Luxury,
4854,21,127,6,17730240.0,2955040.0,2,2023-06-25,2023,6,2,Extend Magnetic Schemas,Furniture,Luxury,Quý cô Kim Phạm
4855,1727,73,6,26492976.0,4415496.0,229,2024-06-06,2024,6,2,Utilize Scalable Synergies,Furniture,Luxury,
4856,735,264,13,40679847.0,3129219.0,273,2024-07-05,2024,7,3,Scale 24/365 Users,Clothing,Luxury,
4857,436,257,5,3708235.0,741647.0,378,2024-10-10,2024,10,4,Embrace Intuitive E-Commerce,Electronics,Premium,
4858,202,76,17,62718202.0,3689306.0,389,2024-07-02,2024,7,3,Maximize B2B Platforms,Clothing,Luxury,Ông Dũng Trần
4859,887,39,19,57910157.0,3047903.0,272,2023-09-24,2023,9,3,Monetize World-Class Deliverables,Sports,Luxury,
4860,1210,125,15,44298720.0,2953248.0,287,2024-04-21,2024,4,2,Morph Holistic Interfaces,Clothing,Luxury,Quý cô Khoa Bùi
4861,193,268,1,3320743.0,3320743.0,184,2023-03-17,2023,3,1,Reinvent One-To-One Synergies,Furniture,Luxury,Linh Vũ
4862,786,116,4,11597464.0,2899366.0,443,2024-06-03,2024,6,2,Cultivate 24/7 Communities,Sports,Luxury,
4863,1466,122,14,62923672.0,4494548.0,88,2023-07-07,2023,7,3,Empower Robust Relationships,Books,Luxury,
4864,1211,153,18,5722740.0,317930.0,154,2023-12-31,2023,12,4,Repurpose Turn-Key Relationships,Sports,Mid,
4865,1501,19,18,21532122.0,1196229.0,234,2024-08-15,2024,8,3,Strategize B2B Partnerships,Clothing,Premium,Chị Xuân Đặng
4866,778,233,16,33827840.0,2114240.0,98,2024-09-21,2024,9,3,Monetize Cross-Media Users,Books,Luxury,Cô Nhật Nguyễn
4867,1336,207,15,41892975.0,2792865.0,193,2024-01-25,2024,1,1,Benchmark Collaborative Bandwidth,Electronics,Luxury,Nhật Phạm
4868,1020,191,4,17165824.0,4291456.0,258,2024-04-22,2024,4,2,Envisioneer Back-End E-Services,Books,Luxury,
4869,1206,169,1,2367734.0,2367734.0,55,2023-05-13,2023,5,2,Cultivate Scalable Applications,Books,Luxury,
4870,1338,105,14,31234588.0,2231042.0,81,2024-04-05,2024,4,2,Streamline E-Business Convergence,Furniture,Luxury,Kim Hoàng
4871,458,138,3,11455704.0,3818568.0,462,2023-11-15,2023,11,4,Empower Enterprise Architectures,Food,Luxury,
4872,1795,253,16,63050560.0,3940660.0,347,2023-10-17,2023,10,4,Incentivize Sticky Niches,Furniture,Luxury,
4873,1767,108,12,48061248.0,4005104.0,338,2023-12-29,2023,12,4,Generate Value-Added Convergence,Clothing,Luxury,
4874,1018,294,7,30182264.0,4311752.0,339,2024-02-24,2024,2,1,E-Enable Strategic Functionalities,Clothing,Luxury,Cô Hà Đặng
4875,1957,148,5,7397075.0,1479415.0,259,2024-09-13,2024,9,3,Unleash Distributed Web-Readiness,Electronics,Premium,
4876,225,24,1,1593662.0,1593662.0,384,2024-01-27,2024,1,1,Optimize Open-Source Infrastructures,Furniture,Premium,
4877,1955,214,6,17771112.0,2961852.0,414,2024-03-15,2024,3,1,Leverage Global Niches,Furniture,Luxury,
4878,1931,63,19,43799370.0,2305230.0,11,2023-03-31,2023,3,1,Seize Web-Enabled Solutions,Electronics,Luxury,Quang Hải Phạm
4879,610,138,7,26729976.0,3818568.0,221,2023-12-08,2023,12,4,Empower Enterprise Architectures,Food,Luxury,
4880,1331,172,20,74068760.0,3703438.0,40,2023-09-20,2023,9,3,Seize Virtual Functionalities,Sports,Luxury,
4881,1868,264,4,12516876.0,3129219.0,259,2024-09-11,2024,9,3,Scale 24/365 Users,Clothing,Luxury,
4882,379,114,11,6983317.0,634847.0,379,2024-03-01,2024,3,1,Whiteboard Enterprise Channels,Food,Premium,Cô Lâm Dương
4883,1828,46,17,82291526.0,4840678.0,252,2023-06-02,2023,6,2,Syndicate Dynamic E-Commerce,Electronics,Luxury,
4884,1880,279,16,1440944.0,90059.0,57,2024-10-03,2024,10,4,Generate B2C Web-Readiness,Food,Budget,Hoàng Hoàng
4885,644,57,5,7683590.0,1536718.0,416,2023-02-19,2023,2,1,Harness Sticky Web-Readiness,Food,Premium,
4886,1206,60,1,2247267.0,2247267.0,55,2023-05-13,2023,5,2,Drive Mission-Critical Web-Readiness,Sports,Luxury,
4887,1140,220,8,30861152.0,3857644.0,468,2023-11-07,2023,11,4,Generate Killer Mindshare,Sports,Luxury,Dũng Vũ
4888,580,63,18,41494140.0,2305230.0,315,2023-01-20,2023,1,1,Seize Web-Enabled Solutions,Electronics,Luxury,
4889,538,199,13,50434098.0,3879546.0,304,2024-04-01,2024,4,2,Utilize Impactful Deliverables,Clothing,Luxury,
4890,1121,174,19,46029210.0,2422590.0,210,2023-01-15,2023,1,1,Expedite Sticky Users,Food,Luxury,Trung Nguyễn
4891,624,165,20,15596120.0,779806.0,308,2023-07-01,2023,7,3,Disintermediate Innovative Experiences,Sports,Premium,Nhật Văn Hoàng
4892,1564,44,10,3375480.0,337548.0,67,2024-07-06,2024,7,3,Harness User-Centric Bandwidth,Electronics,Mid,
4893,846,216,13,59071662.0,4543974.0,91,2024-12-24,2024,12,4,Whiteboard Killer Convergence,Clothing,Luxury,
4894,1865,131,7,9394749.0,1342107.0,126,2024-04-22,2024,4,2,Harness B2B Portals,Clothing,Premium,Quý cô Khoa Vũ
4895,1208,238,11,4262390.0,387490.0,50,2023-11-16,2023,11,4,Enhance E-Business Architectures,Clothing,Mid,
4896,383,176,11,3786189.0,344199.0,207,2023-01-27,2023,1,1,Synergize Integrated Convergence,Furniture,Mid,
4897,1476,72,7,22250844.0,3178692.0,2,2024-04-11,2024,4,2,Strategize Clicks-And-Mortar Methodologies,Books,Luxury,Quý cô Kim Phạm
4898,1111,134,20,73861760.0,3693088.0,255,2024-10-04,2024,10,4,Matrix Revolutionary Applications,Electronics,Luxury,Minh Đức Trần
4899,805,149,16,51151312.0,3196957.0,370,2024-06-18,2024,6,2,Incubate Collaborative Vortals,Books,Luxury,Chị Thành Nguyễn
4900,204,203,11,9837564.0,894324.0,482,2024-05-05,2024,5,2,Benchmark Proactive Systems,Furniture,Premium,Bảo Đức Phạm
4901,1105,243,6,10895610.0,1815935.0,82,2023-09-24,2023,9,3,Streamline Turn-Key Supply-Chains,Electronics,Premium,Bác Quang Đặng
4902,1363,267,18,88412850.0,4911825.0,39,2024-07-08,2024,7,3,Drive Wireless Models,Clothing,Luxury,
4903,1288,15,1,2393883.0,2393883.0,262,2024-02-09,2024,2,1,Maximize Back-End Infrastructures,Clothing,Luxury,
4904,1440,256,8,12839824.0,1604978.0,108,2023-08-10,2023,8,3,Incentivize Customized E-Services,Clothing,Premium,
4905,1680,107,18,32230368.0,1790576.0,370,2024-09-25,2024,9,3,Target Vertical E-Markets,Books,Premium,Chị Thành Nguyễn
4906,1462,229,5,12338700.0,2467740.0,128,2023-04-08,2023,4,2,Streamline Viral Synergies,Furniture,Luxury,Cô Yến Bùi
4907,986,126,7,21793940.0,3113420.0,424,2024-05-18,2024,5,2,Enable Impactful Communities,Electronics,Luxury,Nhiên Xuân Đặng
4908,462,9,5,12839250.0,2567850.0,233,2023-05-19,2023,5,2,Whiteboard Virtual Channels,Furniture,Luxury,Lâm Trần
4909,983,300,7,22002932.0,3143276.0,214,2024-09-30,2024,9,3,E-Enable B2B Initiatives,Electronics,Luxury,
4910,1163,118,5,3356885.0,671377.0,474,2023-04-29,2023,4,2,Incentivize Seamless Technologies,Electronics,Premium,Quang Đức Đặng
4911,1718,100,5,13176925.0,2635385.0,471,2024-03-01,2024,3,1,Unleash Magnetic Action-Items,Clothing,Luxury,
4912,1675,58,15,12716580.0,847772.0,475,2024-08-04,2024,8,3,Benchmark Seamless Bandwidth,Books,Premium,
4913,786,140,16,57360272.0,3585017.0,443,2024-06-03,2024,6,2,Generate 24/365 Eyeballs,Food,Luxury,
4914,144,24,5,7968310.0,1593662.0,59,2023-06-24,2023,6,2,Optimize Open-Source Infrastructures,Furniture,Premium,
4915,48,120,7,1727257.0,246751.0,129,2023-08-04,2023,8,3,Generate Collaborative Action-Items,Furniture,Mid,Trọng Đức Bùi
4916,1227,158,18,17474760.0,970820.0,196,2023-03-07,2023,3,1,Synergize Viral Platforms,Food,Premium,
4917,1196,198,14,13673982.0,976713.0,141,2023-04-25,2023,4,2,Orchestrate Leading-Edge Schemas,Sports,Premium,
4918,1163,176,16,5507184.0,344199.0,474,2023-04-29,2023,4,2,Synergize Integrated Convergence,Furniture,Mid,Quang Đức Đặng
4919,1089,107,19,34020944.0,1790576.0,34,2023-11-05,2023,11,4,Target Vertical E-Markets,Books,Premium,Phúc Hoàng
4920,531,175,18,19233972.0,1068554.0,411,2023-09-21,2023,9,3,Engage Robust Initiatives,Electronics,Premium,
4921,119,152,6,21913950.0,3652325.0,49,2024-06-13,2024,6,2,Repurpose Open-Source Paradigms,Sports,Luxury,Trọng Hoàng
4922,1705,78,9,43515747.0,4835083.0,478,2023-01-26,2023,1,1,Leverage Visionary Experiences,Clothing,Luxury,
4923,1830,19,14,16747206.0,1196229.0,203,2023-12-22,2023,12,4,Strategize B2B Partnerships,Clothing,Premium,
4924,1442,92,11,12974335.0,1179485.0,18,2024-03-01,2024,3,1,Unleash Innovative E-Business,Furniture,Premium,
4925,1033,87,15,67893825.0,4526255.0,270,2023-06-13,2023,6,2,Transition Next-Generation Vortals,Sports,Luxury,
4926,865,273,2,3015610.0,1507805.0,208,2023-09-10,2023,9,3,Evolve Enterprise Experiences,Food,Premium,Ngọc Bùi
4927,752,207,17,47478705.0,2792865.0,92,2024-02-04,2024,2,1,Benchmark Collaborative Bandwidth,Electronics,Luxury,Bảo Hoàng Bùi
4928,448,74,4,6988572.0,1747143.0,120,2023-11-13,2023,11,4,Unleash Global Initiatives,Furniture,Premium,
4929,894,87,11,49788805.0,4526255.0,358,2024-09-07,2024,9,3,Transition Next-Generation Vortals,Sports,Luxury,
4930,762,120,9,2220759.0,246751.0,257,2023-12-08,2023,12,4,Generate Collaborative Action-Items,Furniture,Mid,
4931,872,16,14,16282168.0,1163012.0,289,2023-06-13,2023,6,2,Streamline Killer Relationships,Sports,Premium,
4932,808,194,17,26988146.0,1587538.0,276,2023-04-28,2023,4,2,Implement Collaborative Action-Items,Books,Premium,Thành Hữu Đặng
4933,74,237,2,2360234.0,1180117.0,430,2024-05-07,2024,5,2,Engineer E-Business Technologies,Sports,Premium,Phương Văn Nguyễn
4934,1072,55,15,54548265.0,3636551.0,329,2023-12-23,2023,12,4,Seize Efficient Communities,Food,Luxury,Khoa Thế Dương
4935,776,106,19,13130900.0,691100.0,253,2024-09-29,2024,9,3,Streamline Turn-Key E-Commerce,Furniture,Premium,Bác Hưng Hoàng
4936,674,174,15,36338850.0,2422590.0,51,2023-07-14,2023,7,3,Expedite Sticky Users,Food,Luxury,Hải Hải Phạm
4937,1632,33,10,34977980.0,3497798.0,186,2024-03-22,2024,3,1,Implement 24/7 Applications,Clothing,Luxury,Quý ông Anh Nguyễn
4938,1470,125,20,59064960.0,2953248.0,89,2024-01-22,2024,1,1,Morph Holistic Interfaces,Clothing,Luxury,Nhật Hải Trần
4939,1478,140,8,28680136.0,3585017.0,440,2023-05-22,2023,5,2,Generate 24/365 Eyeballs,Food,Luxury,Chị Hạnh Dương
4940,1223,126,1,3113420.0,3113420.0,454,2023-03-17,2023,3,1,Enable Impactful Communities,Electronics,Luxury,
4941,1725,294,6,25870512.0,4311752.0,338,2023-09-15,2023,9,3,E-Enable Strategic Functionalities,Clothing,Luxury,
4942,986,242,2,4640444.0,2320222.0,424,2024-05-18,2024,5,2,Reinvent Real-Time Architectures,Sports,Luxury,Nhiên Xuân Đặng
4943,73,79,10,30956910.0,3095691.0,225,2023-03-02,2023,3,1,Syndicate Rich Initiatives,Clothing,Luxury,
4944,544,261,1,1904074.0,1904074.0,15,2024-10-30,2024,10,4,Exploit Back-End Markets,Sports,Premium,Hoàng Hoàng
4945,1069,137,14,19280702.0,1377193.0,428,2023-09-23,2023,9,3,Enable Web-Enabled E-Markets,Books,Premium,
4946,1432,80,1,1340100.0,1340100.0,435,2023-04-26,2023,4,2,Cultivate Web-Enabled Info-Mediaries,Sports,Premium,Khoa Mai
4947,508,145,12,44082984.0,3673582.0,70,2023-01-09,2023,1,1,Incentivize B2B Roi,Electronics,Luxury,
4948,1113,67,10,47584510.0,4758451.0,258,2023-10-17,2023,10,4,Disintermediate Cutting-Edge Roi,Furniture,Luxury,
4949,1883,12,11,19378436.0,1761676.0,79,2024-01-04,2024,1,1,Synthesize Cross-Platform Applications,Sports,Premium,
4950,224,117,15,11146950.0,743130.0,146,2024-04-08,2024,4,2,Incubate Innovative Vortals,Electronics,Premium,
4951,1440,137,11,15149123.0,1377193.0,108,2023-08-10,2023,8,3,Enable Web-Enabled E-Markets,Books,Premium,
4952,1273,180,9,13317264.0,1479696.0,61,2024-09-30,2024,9,3,E-Enable Collaborative Technologies,Food,Premium,Chị Linh Phạm
4953,1415,128,14,37338406.0,2667029.0,207,2023-08-20,2023,8,3,Seize Value-Added Bandwidth,Sports,Luxury,
4954,1411,185,4,5154252.0,1288563.0,117,2024-02-28,2024,2,1,Disintermediate Strategic Deliverables,Clothing,Premium,Bác Phúc Mai
4955,1169,140,16,57360272.0,3585017.0,154,2024-02-15,2024,2,1,Generate 24/365 Eyeballs,Food,Luxury,
4956,145,185,9,11597067.0,1288563.0,67,2024-05-28,2024,5,2,Disintermediate Strategic Deliverables,Clothing,Premium,
4957,1093,48,9,23135535.0,2570615.0,489,2023-06-03,2023,6,2,Scale Global E-Tailers,Clothing,Luxury,
4958,297,122,2,8989096.0,4494548.0,82,2024-05-09,2024,5,2,Empower Robust Relationships,Books,Luxury,Bác Quang Đặng
4959,748,129,14,64753808.0,4625272.0,439,2023-04-28,2023,4,2,Synthesize Customized E-Markets,Furniture,Luxury,
4960,128,50,14,35845236.0,2560374.0,208,2023-10-14,2023,10,4,Visualize One-To-One E-Business,Books,Luxury,Ngọc Bùi
4961,1446,38,19,14770011.0,777369.0,55,2024-03-21,2024,3,1,Brand Clicks-And-Mortar Portals,Books,Premium,
4962,471,237,12,14161404.0,1180117.0,40,2023-01-07,2023,1,1,Engineer E-Business Technologies,Sports,Premium,
4963,1159,147,6,17979132.0,2996522.0,254,2024-11-28,2024,11,4,Disintermediate Cutting-Edge Info-Mediaries,Electronics,Luxury,
4964,1138,26,1,2805039.0,2805039.0,288,2023-09-17,2023,9,3,Maximize Holistic E-Business,Food,Luxury,Hải Đức Phạm
4965,1063,75,7,23597707.0,3371101.0,37,2024-03-26,2024,3,1,Maximize Cutting-Edge Paradigms,Electronics,Luxury,
4966,917,180,16,23675136.0,1479696.0,55,2024-10-27,2024,10,4,E-Enable Collaborative Technologies,Food,Premium,
4967,1892,213,3,6795384.0,2265128.0,50,2024-06-28,2024,6,2,Repurpose Cutting-Edge Interfaces,Sports,Luxury,
4968,1662,70,16,39275664.0,2454729.0,206,2023-11-04,2023,11,4,Utilize Next-Generation Schemas,Food,Luxury,Quang Bùi
4969,170,109,7,10440584.0,1491512.0,36,2024-12-19,2024,12,4,Incubate World-Class Systems,Food,Premium,Cô Nhật Trần
4970,1971,8,20,98330460.0,4916523.0,433,2023-01-13,2023,1,1,Extend Interactive Web-Readiness,Books,Luxury,Cô Mai Trần
4971,1489,157,9,20607066.0,2289674.0,476,2023-04-08,2023,4,2,Cultivate Integrated Portals,Books,Luxury,Chị Phương Hoàng
4972,1309,65,15,46408230.0,3093882.0,249,2023-02-18,2023,2,1,Integrate Proactive Interfaces,Clothing,Luxury,Bà Yến Trần
4973,1418,172,11,40737818.0,3703438.0,16,2024-08-19,2024,8,3,Seize Virtual Functionalities,Sports,Luxury,
4974,1806,133,13,31972109.0,2459393.0,238,2024-12-12,2024,12,4,E-Enable Sticky Relationships,Furniture,Luxury,Trọng Văn Nguyễn
4975,1851,198,20,19534260.0,976713.0,407,2024-01-29,2024,1,1,Orchestrate Leading-Edge Schemas,Sports,Premium,
4976,1617,122,4,17978192.0,4494548.0,26,2024-06-17,2024,6,2,Empower Robust Relationships,Books,Luxury,
4977,913,49,1,385056.0,385056.0,22,2024-05-17,2024,5,2,Transition Impactful Info-Mediaries,Food,Mid,
4978,1197,133,18,44269074.0,2459393.0,227,2024-05-25,2024,5,2,E-Enable Sticky Relationships,Furniture,Luxury,Thành Thị Bùi
4979,723,177,12,5513664.0,459472.0,471,2023-08-07,2023,8,3,Strategize Back-End Synergies,Sports,Mid,
4980,74,277,8,33380872.0,4172609.0,430,2024-05-07,2024,5,2,Maximize Dynamic Content,Clothing,Luxury,Phương Văn Nguyễn
4981,145,153,10,3179300.0,317930.0,67,2024-05-28,2024,5,2,Repurpose Turn-Key Relationships,Sports,Mid,
4982,486,246,19,41439494.0,2181026.0,48,2024-12-08,2024,12,4,Matrix Back-End E-Commerce,Furniture,Luxury,
4983,1072,226,18,42453018.0,2358501.0,329,2023-12-23,2023,12,4,Evolve Rich Experiences,Electronics,Luxury,Khoa Thế Dương
4984,354,30,20,26469480.0,1323474.0,450,2023-09-16,2023,9,3,Benchmark Customized Partnerships,Clothing,Premium,
4985,1470,54,1,1976399.0,1976399.0,89,2024-01-22,2024,1,1,Benchmark Killer Paradigms,Clothing,Premium,Nhật Hải Trần
4986,356,281,17,63570565.0,3739445.0,245,2024-05-31,2024,5,2,Strategize World-Class Content,Books,Luxury,An Xuân Lê
4987,1824,118,17,11413409.0,671377.0,415,2023-05-21,2023,5,2,Incentivize Seamless Technologies,Electronics,Premium,
4988,1051,185,5,6442815.0,1288563.0,302,2023-08-12,2023,8,3,Disintermediate Strategic Deliverables,Clothing,Premium,Tú Mai
4989,1683,96,1,3527183.0,3527183.0,353,2024-05-09,2024,5,2,Orchestrate Magnetic Eyeballs,Books,Luxury,
4990,1517,277,13,54243917.0,4172609.0,417,2024-02-07,2024,2,1,Maximize Dynamic Content,Clothing,Luxury,
4991,1221,220,10,38576440.0,3857644.0,108,2023-09-17,2023,9,3,Generate Killer Mindshare,Sports,Luxury,
4992,1565,19,17,20335893.0,1196229.0,6,2023-01-22,2023,1,1,Strategize B2B Partnerships,Clothing,Premium,Quý cô Chi Phạm
4993,1796,35,15,38752995.0,2583533.0,368,2023-07-20,2023,7,3,Syndicate Compelling Web Services,Books,Luxury,Thảo Trần
4994,1561,260,12,13479576.0,1123298.0,178,2023-07-24,2023,7,3,Revolutionize Frictionless Web Services,Clothing,Premium,
4995,912,131,2,2684214.0,1342107.0,271,2023-02-23,2023,2,1,Harness B2B Portals,Clothing,Premium,Hạnh Phú Vũ
4996,57,103,6,26187846.0,4364641.0,21,2023-08-18,2023,8,3,Strategize Web-Enabled Action-Items,Sports,Luxury,Châu Đặng
4997,918,166,8,22323960.0,2790495.0,474,2023-11-17,2023,11,4,Seize Virtual Vortals,Food,Luxury,Quang Đức Đặng
4998,777,296,13,15477761.0,1190597.0,3,2024-06-03,2024,6,2,Target Proactive Relationships,Clothing,Premium,Bảo Tấn Phạm
4999,223,145,6,22041492.0,3673582.0,82,2024-02-28,2024,2,1,Incentivize B2B Roi,Electronics,Luxury,Bác Quang Đặng
5000,340,16,16,18608192.0,1163012.0,162,2024-03-08,2024,3,1,Streamline Killer Relationships,Sports,Premium,Dũng Mai
