OrderDetailID,OrderID,ProductID,Quantity,Price
1,2494,357,2,2237922.0
2,58,195,4,18352012.0
3,1731,132,3,3790869.0
4,2148,39,3,5446272.0
5,2742,12,12,44530356.0
6,341,236,9,41087889.0
7,2451,167,7,34274947.0
8,486,327,8,13195888.0
9,1478,323,5,8496095.0
10,1854,361,20,55087320.0
11,1689,235,1,2377975.0
12,2644,120,7,14827288.0
13,964,346,6,17865348.0
14,755,321,5,16535300.0
15,2079,491,17,11572716.0
16,2041,429,17,34645541.0
17,1883,248,12,36899436.0
18,2237,335,1,4520530.0
19,675,475,17,73339105.0
20,873,19,2,9830984.0
21,2834,62,7,34938554.0
22,654,321,15,49605900.0
23,2563,347,19,72275012.0
24,2821,155,20,23768760.0
25,2186,447,15,40044465.0
26,85,285,14,48548150.0
27,2785,302,18,8212248.0
28,2315,368,18,17298594.0
29,2711,69,14,6670664.0
30,1721,32,4,18633080.0
31,1510,409,6,20006610.0
32,397,389,5,4378385.0
33,1946,77,20,60283780.0
34,263,167,12,58757052.0
35,2630,263,1,121275.0
36,2203,160,2,1752414.0
37,2286,196,17,20069350.0
38,80,423,5,17486600.0
39,1622,111,9,33357006.0
40,2901,226,1,391552.0
41,2858,17,4,15563580.0
42,1014,55,10,36790850.0
43,2404,206,15,9152160.0
44,1967,103,1,1633925.0
45,1665,91,3,11923614.0
46,1407,413,20,33506780.0
47,2391,45,6,11560974.0
48,634,187,4,13500252.0
49,627,170,4,12531400.0
50,2979,82,7,6454994.0
51,951,99,19,70831563.0
52,984,42,7,7418439.0
53,1687,96,7,34976494.0
54,611,491,9,6126732.0
55,724,224,13,10753964.0
56,2314,375,2,3121098.0
57,2727,470,8,20709224.0
58,508,147,8,32213432.0
59,323,488,8,27091136.0
60,1523,122,10,4262300.0
61,2583,202,12,16503540.0
62,2,319,10,32127990.0
63,829,261,2,3694178.0
64,75,112,8,8449152.0
65,1298,221,16,33304288.0
66,313,404,13,57360719.0
67,2187,377,8,25251416.0
68,1598,258,12,32558388.0
69,229,68,11,23772815.0
70,2387,196,17,20069350.0
71,2702,256,15,18106050.0
72,1938,456,8,34128712.0
73,450,10,12,52140816.0
74,2638,495,3,4327209.0
75,1979,150,15,30580470.0
76,646,130,19,66693686.0
77,2429,281,19,24174764.0
78,1261,482,18,33593580.0
79,1621,427,12,14828436.0
80,1520,80,4,18844460.0
81,1795,280,9,9875430.0
82,2108,360,16,18548096.0
83,1809,411,14,8995728.0
84,1955,189,13,28486861.0
85,1168,495,7,10096821.0
86,535,231,15,19593675.0
87,2191,82,4,3688568.0
88,2540,284,10,44424940.0
89,2728,230,9,23988726.0
90,2610,137,13,7402473.0
91,2022,45,9,17341461.0
92,1127,371,18,65323962.0
93,2778,395,6,7281006.0
94,996,164,9,4149099.0
95,1043,380,20,36083300.0
96,2460,97,16,64340224.0
97,1188,349,6,3562806.0
98,555,135,7,11816658.0
99,2186,323,19,32285161.0
100,291,26,10,17866260.0
101,1595,215,1,692708.0
102,1852,336,15,62639220.0
103,768,363,10,30802660.0
104,1776,61,10,5752390.0
105,386,446,7,28057869.0
106,725,155,13,15449694.0
107,255,270,9,16905690.0
108,1743,230,12,31984968.0
109,1051,156,16,4786784.0
110,2030,273,17,68507926.0
111,306,397,14,32730320.0
112,2946,383,16,27034480.0
113,322,240,4,4903996.0
114,1085,300,6,28163730.0
115,667,172,1,1472304.0
116,2787,196,18,21249900.0
117,717,162,6,9450144.0
118,2978,8,7,18769590.0
119,1985,399,20,59973280.0
120,56,329,15,38622870.0
121,1849,67,4,2978416.0
122,2400,455,2,3858870.0
123,836,114,6,21880896.0
124,968,41,6,16372728.0
125,2419,278,9,16138089.0
126,2750,36,19,2674041.0
127,1804,471,6,21890610.0
128,1722,101,16,30855024.0
129,1463,90,15,40556460.0
130,940,160,17,14895519.0
131,1894,439,2,751204.0
132,1266,222,19,56524601.0
133,868,315,17,62122658.0
134,1006,404,18,79422534.0
135,999,34,3,8357835.0
136,1040,6,15,29494770.0
137,2028,30,18,63271440.0
138,937,498,7,24992562.0
139,935,418,2,5244748.0
140,2661,153,19,70922972.0
141,2227,194,12,52833936.0
142,1621,280,14,15361780.0
143,98,195,1,4588003.0
144,1743,278,10,17931210.0
145,2165,122,5,2131150.0
146,491,110,9,37468926.0
147,176,64,19,31048166.0
148,1575,102,4,14355892.0
149,1198,478,2,8542456.0
150,1362,480,18,74482056.0
151,1825,378,15,45177705.0
152,1616,304,7,15857121.0
153,2228,100,12,11257632.0
154,402,70,17,5404538.0
155,793,66,1,3369527.0
156,1087,394,19,19141151.0
157,867,68,16,34578640.0
158,2088,27,20,1298000.0
159,1147,308,18,24852222.0
160,533,373,16,32501536.0
161,2428,472,8,8178528.0
162,907,179,8,15535392.0
163,547,349,16,9500816.0
164,36,427,9,11121327.0
165,453,380,20,36083300.0
166,265,48,12,50338332.0
167,1127,450,20,17313300.0
168,1997,423,10,34973200.0
169,1099,289,20,9741220.0
170,255,311,1,3045658.0
171,1763,445,14,41671084.0
172,545,80,17,80088955.0
173,1342,450,2,1731330.0
174,793,144,7,31055346.0
175,1469,27,2,129800.0
176,769,449,1,1666228.0
177,1948,61,12,6902868.0
178,2835,125,3,9328104.0
179,1377,453,16,39235280.0
180,1543,221,20,41630360.0
181,49,219,16,56150464.0
182,1563,91,2,7949076.0
183,799,180,14,36825404.0
184,956,249,11,53276597.0
185,2605,10,19,82556292.0
186,1509,426,8,9937448.0
187,1652,66,11,37064797.0
188,568,451,6,29502564.0
189,1025,27,18,1168200.0
190,2122,360,5,5796280.0
191,2798,499,11,51652711.0
192,1209,22,13,3934853.0
193,2516,481,18,16244406.0
194,71,259,13,44359198.0
195,2724,131,3,1368786.0
196,1523,20,4,6281476.0
197,2340,164,14,6454154.0
198,1033,207,13,38771707.0
199,2471,75,14,20166384.0
200,2467,110,3,12489642.0
201,892,413,16,26805424.0
202,2072,52,20,57309140.0
203,2906,203,8,33235656.0
204,1549,184,12,3133920.0
205,1941,343,15,14680215.0
206,1837,454,14,22294286.0
207,2995,281,9,11451204.0
208,2606,272,2,2822388.0
209,824,136,11,46913625.0
210,2182,432,18,69895836.0
211,2571,467,9,20390436.0
212,681,401,17,28712728.0
213,115,289,5,2435305.0
214,894,279,9,20726046.0
215,2744,419,11,47480631.0
216,1728,428,9,39722715.0
217,261,63,18,53370918.0
218,1023,459,15,15179865.0
219,939,480,20,82757840.0
220,1263,290,4,7805280.0
221,1638,149,20,7920260.0
222,2676,179,18,34954632.0
223,1091,340,11,29929735.0
224,2863,7,1,2320330.0
225,1600,320,14,47762372.0
226,418,46,8,13775760.0
227,2275,429,18,36683514.0
228,2788,423,14,48962480.0
229,1241,21,20,89038240.0
230,2026,433,3,3057276.0
231,151,75,5,7202280.0
232,110,188,5,21738940.0
233,2795,294,1,2385186.0
234,1045,188,4,17391152.0
235,1529,245,17,21312883.0
236,250,490,2,708242.0
237,1264,225,18,56686932.0
238,873,75,8,11523648.0
239,977,101,15,28926585.0
240,76,370,18,57449250.0
241,1621,417,12,2018208.0
242,1618,314,10,28634490.0
243,815,486,19,91016764.0
244,1379,182,20,95936200.0
245,1633,298,8,14072576.0
246,2870,335,4,18082120.0
247,1819,415,19,46500467.0
248,990,244,16,27714624.0
249,1405,320,5,17057990.0
250,44,240,20,24519980.0
251,57,281,14,17812984.0
252,944,468,12,18757164.0
253,1094,435,6,21826200.0
254,1982,258,1,2713199.0
255,828,189,5,10956485.0
256,1321,361,12,33052392.0
257,35,421,5,11814705.0
258,1945,351,13,3992950.0
259,498,179,14,27186936.0
260,1,374,12,46779408.0
261,2525,41,2,5457576.0
262,2239,35,10,47180930.0
263,1598,295,3,12740607.0
264,2999,216,7,28162596.0
265,79,94,6,14747262.0
266,2012,310,18,72109872.0
267,227,404,17,75010171.0
268,774,457,7,27250433.0
269,2462,463,3,13255128.0
270,2707,400,3,2045703.0
271,1834,390,16,77278000.0
272,2449,13,20,55699540.0
273,1508,353,11,36380751.0
274,145,125,3,9328104.0
275,2725,57,11,13774728.0
276,2273,334,13,15999893.0
277,2225,396,18,31997664.0
278,512,30,13,45696040.0
279,793,56,6,20791872.0
280,2047,252,4,13806792.0
281,2108,266,8,22559080.0
282,1966,84,15,11468595.0
283,1078,379,12,40582056.0
284,2194,6,16,31461088.0
285,229,92,13,8523749.0
286,1959,280,3,3291810.0
287,841,331,3,930717.0
288,2257,115,10,1396670.0
289,2934,248,5,15374765.0
290,2271,68,18,38900970.0
291,598,321,17,56220020.0
292,493,259,5,17061230.0
293,261,137,5,2847105.0
294,1870,464,16,41866768.0
295,2568,417,8,1345472.0
296,602,59,4,10543204.0
297,651,67,14,10424456.0
298,853,161,11,40059514.0
299,1415,286,19,88844114.0
300,1627,425,5,23590640.0
301,193,422,17,47144094.0
302,2633,89,18,79588224.0
303,1535,187,15,50625945.0
304,2285,298,7,12313504.0
305,733,275,17,21339692.0
306,2535,423,16,55957120.0
307,2052,159,3,8427507.0
308,1141,411,7,4497864.0
309,2307,44,11,21318638.0
310,946,384,15,20080950.0
311,274,60,11,26725281.0
312,641,444,12,6168612.0
313,1101,104,16,33362464.0
314,482,319,6,19276794.0
315,1,353,15,49610115.0
316,2257,239,4,9726788.0
317,2288,286,14,65464084.0
318,2770,135,19,32073786.0
319,2540,431,17,69094630.0
320,1453,267,7,9154313.0
321,463,133,18,49499946.0
322,1928,161,5,18208870.0
323,2278,444,15,7710765.0
324,556,353,1,3307341.0
325,1148,134,11,26259013.0
326,2172,17,6,23345370.0
327,2825,356,3,5269080.0
328,24,67,7,5212228.0
329,2829,266,1,2819885.0
330,1497,144,16,70983648.0
331,647,143,15,15869520.0
332,2416,26,7,12506382.0
333,1348,189,1,2191297.0
334,878,127,8,21327544.0
335,2619,1,4,10759552.0
336,2960,335,17,76849010.0
337,1784,279,19,43754986.0
338,2414,363,7,21561862.0
339,785,338,3,6869019.0
340,86,376,2,2593952.0
341,1241,416,9,38665017.0
342,1431,277,18,35637498.0
343,283,159,5,14045845.0
344,2064,77,9,27127701.0
345,2060,310,2,8012208.0
346,2337,458,4,18447776.0
347,2493,116,8,9920208.0
348,76,470,8,20709224.0
349,2609,254,13,46963111.0
350,1022,122,6,2557380.0
351,1090,404,19,83834897.0
352,2304,449,7,11663596.0
353,895,383,18,30413790.0
354,2901,492,1,4830337.0
355,2414,407,8,26779384.0
356,1289,306,2,4532476.0
357,1320,138,18,21948642.0
358,514,345,5,16832440.0
359,1138,81,11,28889817.0
360,516,377,4,12625708.0
361,773,41,18,49118184.0
362,1574,458,14,64567216.0
363,915,366,8,2676568.0
364,884,114,12,43761792.0
365,1651,421,9,21266469.0
366,2673,119,10,39622080.0
367,2969,79,18,65190420.0
368,695,128,12,55577592.0
369,863,142,1,2329111.0
370,2095,449,3,4998684.0
371,2832,46,4,6887880.0
372,2343,434,19,80088648.0
373,168,27,19,1233100.0
374,2062,436,8,25863616.0
375,1294,17,9,35018055.0
376,2533,307,9,201150.0
377,2734,411,4,2570208.0
378,1053,191,1,3595155.0
379,277,151,5,15508860.0
380,1101,47,12,53996040.0
381,1422,214,6,24793440.0
382,1172,436,7,22630664.0
383,2455,227,11,12649571.0
384,405,106,8,30182024.0
385,2992,476,2,3974760.0
386,1799,27,20,1298000.0
387,1798,100,1,938136.0
388,102,423,2,6994640.0
389,1700,153,18,67190184.0
390,2784,201,9,33085548.0
391,2183,407,8,26779384.0
392,1027,462,11,7445570.0
393,251,451,3,14751282.0
394,2671,480,1,4137892.0
395,2486,451,14,68839316.0
396,477,105,16,11634480.0
397,1563,474,4,12973700.0
398,233,306,17,38526046.0
399,2862,450,14,12119310.0
400,1811,2,7,2927463.0
401,1014,483,18,52118496.0
402,210,419,11,47480631.0
403,6,324,11,49435958.0
404,2184,183,3,1299642.0
405,943,123,10,42940490.0
406,82,127,5,13329715.0
407,399,325,13,43653324.0
408,1052,353,7,23151387.0
409,698,150,3,6116094.0
410,1938,393,20,70660440.0
411,1353,37,13,36968334.0
412,516,159,16,44946704.0
413,873,466,20,71928460.0
414,1090,182,15,71952150.0
415,2663,317,14,56374976.0
416,1112,11,3,1941135.0
417,933,472,20,20446320.0
418,2955,198,12,49911564.0
419,1716,343,8,7829448.0
420,2900,46,8,13775760.0
421,1513,398,9,18682101.0
422,1032,110,5,20816070.0
423,138,262,2,6227786.0
424,958,457,18,70072542.0
425,2020,196,19,22430450.0
426,598,239,1,2431697.0
427,2420,369,12,51706380.0
428,2205,5,20,53302180.0
429,1988,47,7,31497690.0
430,1,11,2,1294090.0
431,1771,428,6,26481810.0
432,1660,261,15,27706335.0
433,1554,229,18,75565674.0
434,844,183,3,1299642.0
435,2257,290,4,7805280.0
436,2167,496,9,43923303.0
437,2261,454,20,31848980.0
438,1663,4,16,75530848.0
439,2725,53,9,21253284.0
440,2728,143,8,8463744.0
441,2134,471,5,18242175.0
442,159,120,9,19063656.0
443,1548,83,16,79889648.0
444,2049,344,5,19689625.0
445,1134,333,16,38615200.0
446,840,242,5,17517830.0
447,529,388,4,5238764.0
448,625,320,12,40939176.0
449,864,416,16,68737808.0
450,2028,230,18,47977452.0
451,1260,394,9,9066861.0
452,1709,40,1,587768.0
453,73,460,20,5087680.0
454,1036,108,7,24398752.0
455,2124,430,18,81365202.0
456,855,302,12,5474832.0
457,2108,345,15,50497320.0
458,2680,299,13,7186556.0
459,1709,280,19,20848130.0
460,2548,270,8,15027280.0
461,2572,463,4,17673504.0
462,1337,343,6,5872086.0
463,1763,482,5,9331550.0
464,2823,160,13,11390691.0
465,1805,92,1,655673.0
466,1210,422,4,11092728.0
467,2883,183,18,7797852.0
468,201,451,7,34419658.0
469,2012,498,19,67836954.0
470,407,302,20,9124720.0
471,1977,207,15,44736585.0
472,1142,246,10,36826560.0
473,1741,81,4,10505388.0
474,2283,381,2,1990838.0
475,2004,282,3,4491744.0
476,2025,349,17,10094617.0
477,2567,236,16,73045136.0
478,520,284,6,26654964.0
479,1885,201,15,55142580.0
480,1107,284,16,71079904.0
481,1597,196,1,1180550.0
482,1609,467,8,18124832.0
483,959,374,6,23389704.0
484,2521,370,17,54257625.0
485,1221,213,19,50170507.0
486,1124,10,19,82556292.0
487,386,401,1,1688984.0
488,556,97,8,32170112.0
489,143,376,3,3890928.0
490,2359,480,17,70344164.0
491,1341,406,20,73305980.0
492,1692,145,2,1111704.0
493,729,141,10,27371750.0
494,2018,85,11,2297944.0
495,574,10,11,47795748.0
496,2940,79,14,50703660.0
497,2100,308,6,8284074.0
498,2222,150,4,8154792.0
499,1659,398,10,20757890.0
500,1321,450,15,12984975.0
501,1411,1,20,53797760.0
502,150,498,1,3570366.0
503,1523,463,18,79530768.0
504,2790,228,3,2757516.0
505,2489,78,1,2356648.0
506,1019,146,18,66938148.0
507,2776,207,9,26841951.0
508,1324,68,11,23772815.0
509,1071,437,1,2338297.0
510,2779,359,8,24988384.0
511,1610,449,11,18328508.0
512,2425,225,6,18895644.0
513,1327,150,7,14270886.0
514,2091,365,7,20737052.0
515,2822,164,9,4149099.0
516,1299,233,1,82040.0
517,62,237,8,14216232.0
518,747,112,19,20066736.0
519,878,55,15,55186275.0
520,2415,429,5,10189865.0
521,383,464,11,28783403.0
522,2522,368,3,2883099.0
523,2710,266,18,50757930.0
524,1007,170,12,37594200.0
525,2692,396,13,23109424.0
526,2933,483,9,26059248.0
527,287,198,4,16637188.0
528,1466,317,17,68455328.0
529,1477,348,6,27471012.0
530,2487,164,15,6915165.0
531,2456,498,5,17851830.0
532,2643,296,1,2003373.0
533,1056,148,10,39072850.0
534,1916,472,16,16357056.0
535,2440,432,6,23298612.0
536,1193,493,13,58964126.0
537,344,96,7,34976494.0
538,2968,466,3,10789269.0
539,1110,260,8,37814624.0
540,96,220,16,56996784.0
541,2782,11,10,6470450.0
542,1394,408,7,32697028.0
543,2267,220,9,32060691.0
544,851,9,14,64060780.0
545,2427,367,11,20287960.0
546,2456,488,10,33863920.0
547,573,67,16,11913664.0
548,1430,111,12,44476008.0
549,680,453,5,12261025.0
550,1611,429,13,26493649.0
551,2063,375,1,1560549.0
552,1597,31,5,4681295.0
553,105,341,10,2892590.0
554,2280,161,19,69193706.0
555,822,15,16,4170144.0
556,2087,325,15,50369220.0
557,451,352,11,15200603.0
558,2162,218,3,5247234.0
559,143,153,8,29862304.0
560,553,341,2,578518.0
561,2160,443,8,2896136.0
562,2543,46,16,27551520.0
563,776,306,10,22662380.0
564,2011,288,18,68264892.0
565,2679,497,17,4224211.0
566,30,199,2,5522996.0
567,494,396,19,33775312.0
568,1159,133,5,13749985.0
569,2747,228,2,1838344.0
570,1921,416,12,51553356.0
571,2930,369,1,4308865.0
572,753,460,8,2035072.0
573,2922,80,1,4711115.0
574,1382,295,3,12740607.0
575,1475,399,18,53975952.0
576,1670,21,14,62326768.0
577,1549,254,18,65025846.0
578,944,397,13,30392440.0
579,267,184,2,522320.0
580,2251,203,14,58162398.0
581,1871,350,18,17062668.0
582,2349,220,2,7124598.0
583,1506,60,17,41302707.0
584,1894,458,12,55343328.0
585,1996,286,5,23380030.0
586,2830,46,5,8609850.0
587,589,95,16,34566128.0
588,410,492,19,91776403.0
589,1199,102,14,50245622.0
590,333,247,2,1837292.0
591,2281,469,9,44642700.0
592,2352,475,4,17256260.0
593,1434,157,7,13532260.0
594,2884,257,10,21837260.0
595,2983,230,13,34650382.0
596,61,118,17,48778474.0
597,1490,435,18,65478600.0
598,2555,18,12,33460884.0
599,1958,404,16,70597808.0
600,1986,58,4,9886676.0
601,1423,323,3,5097657.0
602,706,492,10,48303370.0
603,1204,485,14,33126030.0
604,2439,442,6,1722570.0
605,258,352,10,13818730.0
606,2719,443,16,5792272.0
607,2972,458,18,83014992.0
608,1303,439,17,6385234.0
609,2539,404,11,48535993.0
610,133,205,3,2741019.0
611,546,451,15,73756410.0
612,2773,12,12,44530356.0
613,2143,314,15,42951735.0
614,863,153,11,41060668.0
615,2702,132,10,12636230.0
616,2285,158,15,68217375.0
617,1806,385,8,35211312.0
618,804,171,19,4869814.0
619,1040,434,16,67443072.0
620,1972,153,13,48526244.0
621,1643,415,4,9789572.0
622,536,66,19,64021013.0
623,172,186,5,7407090.0
624,2712,453,3,7356615.0
625,2977,176,11,54541223.0
626,2425,250,19,34108192.0
627,1016,490,4,1416484.0
628,1381,179,4,7767696.0
629,1244,321,12,39684720.0
630,140,303,1,3334979.0
631,193,22,4,1210724.0
632,1173,462,14,9476180.0
633,1978,281,6,7634136.0
634,1853,51,8,19123928.0
635,1012,11,19,12293855.0
636,987,61,5,2876195.0
637,599,24,12,52400736.0
638,2801,398,3,6227367.0
639,494,463,11,48602136.0
640,1452,75,19,27368664.0
641,1469,239,8,19453576.0
642,2561,392,19,61434790.0
643,70,358,8,17200464.0
644,1149,243,13,10946767.0
645,2538,383,3,5068965.0
646,573,243,19,15999121.0
647,958,226,2,783104.0
648,2665,332,9,448965.0
649,2243,488,2,6772784.0
650,2606,491,5,3403740.0
651,2529,39,1,1815424.0
652,761,268,13,50471226.0
653,1526,297,8,19376008.0
654,2712,80,12,56533380.0
655,1475,139,20,93906180.0
656,1340,167,9,44067789.0
657,1785,261,10,18470890.0
658,245,144,18,79856604.0
659,1510,497,19,4721177.0
660,2027,311,16,48730528.0
661,732,168,17,48521094.0
662,1225,128,14,64840524.0
663,2222,253,9,18374841.0
664,2800,8,6,16088220.0
665,375,158,8,36382600.0
666,2882,391,20,85824800.0
667,1374,283,7,7377496.0
668,743,283,11,11593208.0
669,1615,388,19,24884129.0
670,2530,319,1,3212799.0
671,782,265,5,23293665.0
672,2369,169,1,4300480.0
673,1771,138,10,12193690.0
674,2654,218,20,34981560.0
675,2158,457,18,70072542.0
676,2648,471,4,14593740.0
677,2630,25,1,3455286.0
678,1668,101,7,13499073.0
679,189,287,1,3591131.0
680,845,310,7,28042728.0
681,835,64,2,3268228.0
682,544,11,7,4529315.0
683,2240,61,12,6902868.0
684,2331,260,17,80356076.0
685,237,301,14,49594720.0
686,1309,285,15,52015875.0
687,1282,168,4,11416728.0
688,96,396,7,12443536.0
689,815,21,1,4451912.0
690,2550,471,1,3648435.0
691,826,437,16,37412752.0
692,2138,362,3,270894.0
693,1216,47,20,89993400.0
694,1554,340,10,27208850.0
695,2135,353,10,33073410.0
696,1257,442,11,3158045.0
697,2137,331,20,6204780.0
698,828,231,11,14368695.0
699,426,167,8,39171368.0
700,1894,180,12,31564632.0
701,4,219,7,24565828.0
702,810,415,9,22026537.0
703,1795,22,20,6053620.0
704,2661,154,20,67690760.0
705,1335,198,3,12477891.0
706,1100,494,13,25891021.0
707,711,307,2,44700.0
708,2155,463,15,66275640.0
709,2649,127,16,42655088.0
710,1160,454,13,20701837.0
711,2494,331,5,1551195.0
712,2769,326,3,11293593.0
713,2800,459,16,16191856.0
714,5,473,13,56501666.0
715,1379,225,20,62985480.0
716,309,11,6,3882270.0
717,1714,394,5,5037145.0
718,1088,228,10,9191720.0
719,706,315,1,3654274.0
720,1823,330,2,5063192.0
721,1006,452,15,32338575.0
722,262,493,2,9071404.0
723,81,253,9,18374841.0
724,2821,468,9,14067873.0
725,753,196,18,21249900.0
726,1456,340,15,40813275.0
727,931,27,17,1103300.0
728,1602,442,4,1148380.0
729,2802,350,20,18958520.0
730,529,121,10,28028090.0
731,2965,311,18,54821844.0
732,301,10,4,17380272.0
733,628,265,16,74539728.0
734,2235,460,19,4833296.0
735,2125,296,10,20033730.0
736,2180,415,18,44053074.0
737,2734,243,20,16841180.0
738,2875,494,19,37840723.0
739,882,347,7,26627636.0
740,2543,251,16,72505280.0
741,1924,330,15,37973940.0
742,2809,84,10,7645730.0
743,93,3,2,5484084.0
744,2342,249,16,77493232.0
745,1803,445,15,44647590.0
746,2959,477,6,22580898.0
747,2750,348,16,73256032.0
748,1619,462,15,10153050.0
749,129,259,3,10236738.0
750,1920,317,9,36241056.0
751,1635,106,11,41500283.0
752,1129,257,14,30572164.0
753,575,37,18,51186924.0
754,250,394,17,17126293.0
755,2238,158,8,36382600.0
756,1239,54,20,29341240.0
757,476,260,1,4726828.0
758,1894,241,13,16351686.0
759,1419,257,12,26204712.0
760,2695,177,14,46776814.0
761,815,491,19,12934212.0
762,185,138,11,13413059.0
763,2386,127,12,31991316.0
764,2999,419,16,69062736.0
765,2538,38,14,32592294.0
766,382,479,9,32410179.0
767,422,298,9,15831648.0
768,390,272,18,25401492.0
769,318,447,3,8008893.0
770,1308,75,14,20166384.0
771,1271,495,14,20193642.0
772,67,50,1,4450781.0
773,2882,9,14,64060780.0
774,845,242,5,17517830.0
775,563,379,16,54109408.0
776,643,238,3,4326627.0
777,2896,341,3,867777.0
778,2563,58,15,37075035.0
779,1958,451,10,49170940.0
780,209,398,2,4151578.0
781,2008,166,1,2034570.0
782,2140,102,1,3588973.0
783,2830,489,4,18865368.0
784,2830,267,7,9154313.0
785,672,451,20,98341880.0
786,2096,203,9,37390113.0
787,320,323,16,27187504.0
788,535,359,15,46853220.0
789,647,470,17,44007101.0
790,1087,123,3,12882147.0
791,2343,102,7,25122811.0
792,871,474,11,35677675.0
793,370,208,3,14105970.0
794,296,52,16,45847312.0
795,2487,295,19,80690511.0
796,381,442,16,4593520.0
797,2445,20,18,28266642.0
798,1322,48,10,41948610.0
799,2364,478,6,25627368.0
800,1720,149,15,5940195.0
801,831,114,6,21880896.0
802,397,133,2,5499994.0
803,1635,219,19,66678676.0
804,977,487,19,32066718.0
805,2131,489,1,4716342.0
806,1057,134,5,11935915.0
807,2393,339,10,8220120.0
808,2350,421,20,47258820.0
809,903,252,6,20710188.0
810,1260,3,18,49356756.0
811,1308,308,15,20710185.0
812,1310,318,1,3443150.0
813,1859,348,11,50363522.0
814,840,418,5,13111870.0
815,2545,224,20,16544560.0
816,2800,179,16,31070784.0
817,1339,367,18,33198480.0
818,2564,472,9,9200844.0
819,2033,437,12,28059564.0
820,2548,62,9,44920998.0
821,1618,238,18,25959762.0
822,2015,268,10,38824020.0
823,1065,148,12,46887420.0
824,1724,235,4,9511900.0
825,2166,132,17,21481591.0
826,472,267,11,14385349.0
827,1422,495,20,28848060.0
828,2449,109,19,83236929.0
829,2228,334,8,9846088.0
830,534,159,14,39328366.0
831,2620,243,7,5894413.0
832,2826,498,15,53555490.0
833,1152,271,19,68224535.0
834,745,387,18,30818970.0
835,1552,464,16,41866768.0
836,2958,356,20,35127200.0
837,2247,388,6,7858146.0
838,133,468,5,7815485.0
839,671,228,8,7353376.0
840,2661,132,4,5054492.0
841,2896,43,3,11028675.0
842,162,494,1,1991617.0
843,404,327,20,32989720.0
844,1882,313,2,3086308.0
845,2943,21,5,22259560.0
846,1431,40,2,1175536.0
847,806,482,10,18663100.0
848,806,201,12,44114064.0
849,1344,9,19,86939630.0
850,2742,242,4,14014264.0
851,2555,235,3,7133925.0
852,170,5,5,13325545.0
853,2166,461,16,70021296.0
854,1520,272,8,11289552.0
855,466,50,2,8901562.0
856,2908,396,11,19554128.0
857,475,108,18,62739648.0
858,2063,270,3,5635230.0
859,581,365,11,32586796.0
860,2352,237,19,33763551.0
861,2744,174,20,2073360.0
862,1387,152,17,81857397.0
863,1248,168,2,5708364.0
864,1782,436,1,3232952.0
865,2750,416,2,8592226.0
866,551,479,8,28809048.0
867,1714,354,1,2980570.0
868,2251,263,8,970200.0
869,523,108,7,24398752.0
870,804,451,20,98341880.0
871,1308,295,14,59456166.0
872,1345,264,14,65544290.0
873,1895,434,1,4215192.0
874,2724,111,7,25944338.0
875,435,409,18,60019830.0
876,1115,278,8,14344968.0
877,2054,432,2,7766204.0
878,1286,440,20,74178840.0
879,722,66,4,13478108.0
880,2826,382,18,73690254.0
881,2535,78,11,25923128.0
882,1815,84,20,15291460.0
883,55,407,10,33474230.0
884,1475,231,14,18287430.0
885,2207,310,19,76115976.0
886,2704,212,6,4750380.0
887,2419,313,19,29319926.0
888,1423,432,20,77662040.0
889,2022,257,8,17469808.0
890,1330,208,7,32913930.0
891,2642,181,5,6972950.0
892,2519,370,12,38299500.0
893,1146,358,20,43001160.0
894,1357,447,6,16017786.0
895,349,154,1,3384538.0
896,1109,406,2,7330598.0
897,1919,142,17,39594887.0
898,2554,159,3,8427507.0
899,651,92,19,12457787.0
900,2081,141,14,38320450.0
901,293,497,16,3975728.0
902,1786,145,12,6670224.0
903,2752,335,20,90410600.0
904,1222,40,11,6465448.0
905,873,118,9,25823898.0
906,353,329,3,7724574.0
907,1723,223,19,35688308.0
908,2516,498,6,21422196.0
909,1262,366,1,334571.0
910,2172,81,6,15758082.0
911,1794,288,9,34132446.0
912,1350,183,7,3032498.0
913,2296,314,15,42951735.0
914,1611,148,10,39072850.0
915,1735,382,13,53220739.0
916,2367,14,9,2188989.0
917,861,430,14,63284046.0
918,2392,447,9,24026679.0
919,102,112,8,8449152.0
920,1069,409,5,16672175.0
921,736,237,8,14216232.0
922,1074,331,17,5274063.0
923,2430,183,10,4332140.0
924,1170,491,3,2042244.0
925,1162,356,9,15807240.0
926,757,361,6,16526196.0
927,1196,478,19,81153332.0
928,2578,130,7,24571358.0
929,726,350,9,8531334.0
930,450,372,18,89547948.0
931,1284,424,6,116028.0
932,1098,442,11,3158045.0
933,641,416,3,12888339.0
934,2557,201,2,7352344.0
935,1708,223,11,20661652.0
936,1656,21,10,44519120.0
937,742,32,8,37266160.0
938,2464,290,1,1951320.0
939,2087,435,12,43652400.0
940,2281,255,14,36516424.0
941,2067,35,10,47180930.0
942,1946,382,20,81878060.0
943,1783,476,19,37760220.0
944,566,473,14,60847948.0
945,2171,284,9,39982446.0
946,2029,122,3,1278690.0
947,726,371,4,14516436.0
948,690,497,20,4969660.0
949,240,184,20,5223200.0
950,2481,47,5,22498350.0
951,1205,437,1,2338297.0
952,2425,333,2,4826900.0
953,233,255,5,13041580.0
954,1887,37,1,2843718.0
955,2962,202,20,27505900.0
956,559,278,8,14344968.0
957,1961,144,8,35491824.0
958,2890,282,7,10480736.0
959,54,471,10,36484350.0
960,2784,361,4,11017464.0
961,1473,151,1,3101772.0
962,2053,420,15,44260380.0
963,299,422,6,16639092.0
964,1083,313,7,10802078.0
965,1095,120,5,10590920.0
966,436,318,10,34431500.0
967,650,241,12,15093864.0
968,2140,42,15,15896655.0
969,978,311,17,51776186.0
970,9,102,19,68190487.0
971,43,239,9,21885273.0
972,1132,344,5,19689625.0
973,557,423,11,38470520.0
974,2123,230,17,45312038.0
975,1108,118,7,20085254.0
976,2751,55,13,47828105.0
977,2720,49,10,45202510.0
978,2036,467,19,43046476.0
979,2405,84,6,4587438.0
980,2851,406,13,47648887.0
981,2324,199,14,38660972.0
982,75,428,9,39722715.0
983,918,236,12,54783852.0
984,877,13,12,33419724.0
985,1613,394,9,9066861.0
986,2286,410,19,65549563.0
987,1396,381,13,12940447.0
988,2834,52,3,8596371.0
989,187,468,8,12504776.0
990,538,234,2,2543934.0
991,2932,205,14,12791422.0
992,1653,79,18,65190420.0
993,511,381,14,13935866.0
994,632,384,2,2677460.0
995,1463,450,11,9522315.0
996,2075,165,11,41944067.0
997,1271,112,14,14786016.0
998,2291,208,18,84635820.0
999,1957,177,3,10023603.0
1000,289,471,15,54726525.0
1001,805,444,16,8224816.0
1002,196,380,16,28866640.0
1003,883,12,20,74217260.0
1004,2417,224,13,10753964.0
1005,2003,429,5,10189865.0
1006,2949,469,14,69444200.0
1007,1635,19,20,98309840.0
1008,2326,352,3,4145619.0
1009,2208,394,19,19141151.0
1010,282,269,10,48569900.0
1011,2290,65,7,13434414.0
1012,294,178,15,8397270.0
1013,787,277,4,7919444.0
1014,2394,461,15,65644965.0
1015,2984,48,10,41948610.0
1016,1048,20,18,28266642.0
1017,1391,215,15,10390620.0
1018,385,480,19,78619948.0
1019,2573,480,13,53792596.0
1020,2285,234,19,24167373.0
1021,343,210,4,19414432.0
1022,1433,212,12,9500760.0
1023,2805,197,19,91102055.0
1024,1104,434,15,63227880.0
1025,2776,350,20,18958520.0
1026,607,355,3,14311449.0
1027,1123,257,19,41490794.0
1028,1989,155,14,16638132.0
1029,571,46,17,29273490.0
1030,2628,424,13,251394.0
1031,2968,481,2,1804934.0
1032,2785,400,19,12956119.0
1033,2002,67,8,5956832.0
1034,2760,372,6,29849316.0
1035,522,175,18,35119854.0
1036,1632,68,9,19450485.0
1037,1973,212,14,11084220.0
1038,2208,458,14,64567216.0
1039,2972,133,6,16499982.0
1040,924,172,10,14723040.0
1041,2781,101,8,15427512.0
1042,2849,169,17,73108160.0
1043,1836,471,6,21890610.0
1044,1323,174,16,1658688.0
1045,2737,417,19,3195496.0
1046,2928,346,2,5955116.0
1047,2842,377,12,37877124.0
1048,664,22,12,3632172.0
1049,551,477,5,18817415.0
1050,872,404,13,57360719.0
1051,2135,460,11,2798224.0
1052,2849,57,12,15026976.0
1053,2363,389,3,2627031.0
1054,2703,24,15,65500920.0
1055,2751,59,10,26358010.0
1056,166,5,9,23985981.0
1057,685,97,14,56297696.0
1058,1897,234,9,11447703.0
1059,137,450,1,865665.0
1060,534,425,20,94362560.0
1061,512,461,20,87526620.0
1062,3,316,7,25337858.0
1063,1008,224,19,15717332.0
1064,157,99,14,52191678.0
1065,758,153,6,22396728.0
1066,851,213,7,18483871.0
1067,117,67,2,1489208.0
1068,1339,34,6,16715670.0
1069,1745,422,16,44370912.0
1070,1761,344,18,70882650.0
1071,860,334,10,12307610.0
1072,62,358,4,8600232.0
1073,1979,72,20,60129320.0
1074,1628,303,14,46689706.0
1075,1539,83,16,79889648.0
1076,2887,371,20,72582180.0
1077,2759,7,20,46406600.0
1078,1947,402,17,18740885.0
1079,1743,342,11,18141519.0
1080,1217,311,12,36547896.0
1081,1616,320,12,40939176.0
1082,2112,73,12,4552404.0
1083,231,195,14,64232042.0
1084,866,494,1,1991617.0
1085,1859,203,10,41544570.0
1086,43,284,3,13327482.0
1087,2169,16,9,6484239.0
1088,432,258,2,5426398.0
1089,1620,356,3,5269080.0
1090,1835,485,8,18929160.0
1091,886,102,3,10766919.0
1092,234,217,18,8343144.0
1093,1665,160,15,13143105.0
1094,1988,46,1,1721970.0
1095,1482,291,20,66962520.0
1096,1153,7,7,16242310.0
1097,20,430,12,54243468.0
1098,2324,355,1,4770483.0
1099,353,425,15,70771920.0
1100,1783,287,4,14364524.0
1101,1593,46,7,12053790.0
1102,410,366,11,3680281.0
1103,2056,175,7,13657721.0
1104,1738,338,7,16027711.0
1105,2049,456,9,38394801.0
1106,1626,89,11,48637248.0
1107,581,1,14,37658432.0
1108,330,150,7,14270886.0
1109,827,65,4,7676808.0
1110,15,409,20,66688700.0
1111,494,232,4,5381512.0
1112,677,113,17,10967142.0
1113,668,6,5,9831590.0
1114,419,381,16,15926704.0
1115,2521,149,7,2772091.0
1116,435,2,15,6273135.0
1117,444,311,12,36547896.0
1118,305,105,5,3635775.0
1119,1628,28,19,72996841.0
1120,806,480,3,12413676.0
1121,1133,353,15,49610115.0
1122,864,382,14,57314642.0
1123,2037,111,1,3706334.0
1124,296,37,13,36968334.0
1125,812,195,15,68820045.0
1126,2868,494,1,1991617.0
1127,664,38,4,9312084.0
1128,1503,421,14,33081174.0
1129,425,445,2,5953012.0
1130,1895,187,1,3375063.0
1131,523,180,12,31564632.0
1132,1279,72,14,42090524.0
1133,1361,204,9,11890098.0
1134,2513,105,13,9453015.0
1135,1504,336,16,66815168.0
1136,2924,40,12,7053216.0
1137,2028,335,1,4520530.0
1138,1587,225,17,53537658.0
1139,515,413,2,3350678.0
1140,1408,14,2,486442.0
1141,2759,448,18,72066708.0
1142,1411,459,14,14167874.0
1143,1562,276,2,513828.0
1144,825,28,18,69154902.0
1145,808,415,5,12236965.0
1146,7,440,9,33380478.0
1147,167,39,6,10892544.0
1148,1100,341,7,2024813.0
1149,1161,34,6,16715670.0
1150,521,276,6,1541484.0
1151,2497,422,19,52690458.0
1152,1937,214,14,57851360.0
1153,293,485,3,7098435.0
1154,1878,344,11,43317175.0
1155,1288,281,6,7634136.0
1156,2941,174,8,829344.0
1157,823,52,10,28654570.0
1158,2536,92,15,9835095.0
1159,1986,134,7,16710281.0
1160,750,383,16,27034480.0
1161,604,45,14,26975606.0
1162,142,181,9,12551310.0
1163,197,465,10,4603520.0
1164,346,53,11,25976236.0
1165,2768,216,7,28162596.0
1166,1566,494,2,3983234.0
1167,1887,405,6,16639548.0
1168,2131,364,11,25945777.0
1169,2069,263,9,1091475.0
1170,1638,417,5,840920.0
1171,2595,452,3,6467715.0
1172,177,457,11,42822109.0
1173,788,369,13,56015245.0
1174,1754,246,11,40509216.0
1175,1328,227,10,11499610.0
1176,2159,237,8,14216232.0
1177,880,233,16,1312640.0
1178,965,319,12,38553588.0
1179,1950,155,7,8319066.0
1180,654,227,16,18399376.0
1181,264,215,14,9697912.0
1182,1103,233,18,1476720.0
1183,982,21,3,13355736.0
1184,1930,71,9,16692336.0
1185,1451,480,3,12413676.0
1186,23,446,6,24049602.0
1187,2058,173,13,51300600.0
1188,2160,342,9,14843061.0
1189,2616,379,9,30436542.0
1190,310,467,14,31718456.0
1191,2829,463,16,70694016.0
1192,611,202,8,11002360.0
1193,1630,265,9,41928597.0
1194,629,188,8,34782304.0
1195,1672,117,20,34675160.0
1196,1185,405,4,11093032.0
1197,445,129,2,7957184.0
1198,824,468,18,28135746.0
1199,2466,27,8,519200.0
1200,2928,359,9,28111932.0
1201,372,98,10,18628980.0
1202,1498,247,17,15616982.0
1203,2719,75,19,27368664.0
1204,302,326,10,37645310.0
1205,1085,369,15,64632975.0
1206,1967,383,16,27034480.0
1207,701,358,14,30100812.0
1208,1436,282,4,5988992.0
1209,2452,457,19,73965461.0
1210,319,422,9,24958638.0
1211,2455,277,9,17818749.0
1212,832,177,4,13364804.0
1213,2661,154,19,64306222.0
1214,1978,428,3,13240905.0
1215,2098,476,11,21861180.0
1216,951,101,10,19284390.0
1217,2285,279,13,29937622.0
1218,2935,294,3,7155558.0
1219,2245,465,10,4603520.0
1220,2170,492,19,91776403.0
1221,1976,121,1,2802809.0
1222,2897,137,6,3416526.0
1223,902,162,9,14175216.0
1224,999,45,11,21195119.0
1225,2515,225,19,59836206.0
1226,261,120,2,4236368.0
1227,2985,237,14,24878406.0
1228,2252,466,1,3596423.0
1229,2334,173,1,3946200.0
1230,820,227,2,2299922.0
1231,936,440,5,18544710.0
1232,1413,234,13,16535571.0
1233,2590,403,8,30737424.0
1234,2472,188,15,65216820.0
1235,1865,285,10,34677250.0
1236,86,78,18,42419664.0
1237,1826,229,3,12594279.0
1238,909,324,10,44941780.0
1239,1358,125,13,40421784.0
1240,2028,26,7,12506382.0
1241,223,117,12,20805096.0
1242,1628,255,4,10433264.0
1243,870,428,5,22068175.0
1244,288,47,1,4499670.0
1245,2331,144,6,26618868.0
1246,1196,287,20,71822620.0
1247,2521,231,2,2612490.0
1248,1683,450,11,9522315.0
1249,593,116,5,6200130.0
1250,927,188,17,73912396.0
1251,2848,293,16,74562928.0
1252,404,56,19,65840928.0
1253,846,211,1,969821.0
1254,533,421,13,30718233.0
1255,2890,139,12,56343708.0
1256,1989,214,17,70248080.0
1257,1691,476,4,7949520.0
1258,1928,105,8,5817240.0
1259,1962,54,4,5868248.0
1260,2439,336,20,83518960.0
1261,446,443,15,5430255.0
1262,1322,468,11,17194067.0
1263,945,498,17,60696222.0
1264,909,31,10,9362590.0
1265,2120,137,15,8541315.0
1266,308,210,17,82511336.0
1267,141,318,5,17215750.0
1268,716,310,11,44067144.0
1269,1675,309,6,11139528.0
1270,62,345,13,43764344.0
1271,128,445,18,53577108.0
1272,589,255,2,5216632.0
1273,715,4,8,37765424.0
1274,1343,110,20,83264280.0
1275,157,441,16,7648160.0
1276,1080,419,14,60429894.0
1277,2566,476,15,29810700.0
1278,1535,243,14,11788826.0
1279,2279,126,4,13486384.0
1280,2019,144,16,70983648.0
1281,1456,103,13,21241025.0
1282,797,270,14,26297740.0
1283,1831,59,6,15814806.0
1284,2140,106,18,67909554.0
1285,344,143,2,2115936.0
1286,1584,46,8,13775760.0
1287,1031,342,17,28036893.0
1288,2183,88,1,1024875.0
1289,2531,342,11,18141519.0
1290,2301,326,5,18822655.0
1291,2713,140,9,43815960.0
1292,240,68,7,15128155.0
1293,1208,32,12,55899240.0
1294,722,218,2,3498156.0
1295,2654,200,19,30987499.0
1296,1878,180,9,23673474.0
1297,2201,245,10,12536990.0
1298,1748,165,17,64822649.0
1299,1168,491,14,9530472.0
1300,2315,201,13,47790236.0
1301,377,44,14,27132812.0
1302,2464,261,18,33247602.0
1303,944,245,15,18805485.0
1304,718,336,2,8351896.0
1305,1059,219,10,35094040.0
1306,1452,457,16,62286704.0
1307,315,426,10,12421810.0
1308,973,426,2,2484362.0
1309,2835,201,17,62494924.0
1310,869,406,1,3665299.0
1311,2574,253,16,32666384.0
1312,969,98,2,3725796.0
1313,1684,129,5,19892960.0
1314,2478,417,5,840920.0
1315,338,297,7,16954007.0
1316,143,198,19,79026643.0
1317,2052,405,16,44372128.0
1318,524,256,3,3621210.0
1319,1445,319,8,25702392.0
1320,2861,447,20,53392620.0
1321,2579,69,19,9053044.0
1322,1180,393,18,63594396.0
1323,1714,402,5,5512025.0
1324,2085,384,11,14726030.0
1325,2045,277,16,31677776.0
1326,2739,49,17,76844267.0
1327,418,400,3,2045703.0
1328,1615,55,9,33111765.0
1329,363,319,6,19276794.0
1330,1557,377,4,12625708.0
1331,2786,479,14,50415834.0
1332,311,448,12,48044472.0
1333,2073,414,15,72190485.0
1334,1896,481,1,902467.0
1335,422,291,9,30133134.0
1336,1897,125,11,34203048.0
1337,2867,256,16,19313120.0
1338,1915,49,4,18081004.0
1339,2653,267,14,18308626.0
1340,2227,398,15,31136835.0
1341,2563,286,20,93520120.0
1342,828,384,2,2677460.0
1343,1700,293,4,18640732.0
1344,2354,404,18,79422534.0
1345,2820,137,2,1138842.0
1346,1979,93,18,47102688.0
1347,1207,33,5,9005670.0
1348,1987,286,14,65464084.0
1349,563,7,9,20882970.0
1350,1882,400,19,12956119.0
1351,1719,169,6,25802880.0
1352,797,343,10,9786810.0
1353,2662,132,6,7581738.0
1354,633,32,17,79190590.0
1355,1116,177,9,30070809.0
1356,960,481,6,5414802.0
1357,878,195,10,45880030.0
1358,1546,55,4,14716340.0
1359,478,483,16,46327552.0
1360,879,425,10,47181280.0
1361,2303,341,2,578518.0
1362,2344,74,20,8382000.0
1363,2799,483,7,20268304.0
1364,1437,233,16,1312640.0
1365,2770,220,10,35622990.0
1366,1727,154,15,50768070.0
1367,2466,428,1,4413635.0
1368,783,40,3,1763304.0
1369,825,427,12,14828436.0
1370,536,260,13,61448764.0
1371,1335,345,3,10099464.0
1372,1018,358,6,12900348.0
1373,595,317,16,64428544.0
1374,848,316,9,32577246.0
1375,285,331,5,1551195.0
1376,36,323,14,23789066.0
1377,2671,106,4,15091012.0
1378,1723,218,11,19239858.0
1379,1268,363,6,18481596.0
1380,1143,363,2,6160532.0
1381,2080,287,13,46684703.0
1382,1998,95,6,12962298.0
1383,1572,165,10,38130970.0
1384,2974,152,1,4815141.0
1385,888,253,9,18374841.0
1386,865,488,17,57568664.0
1387,2869,88,12,12298500.0
1388,2736,378,2,6023694.0
1389,409,159,18,50565042.0
1390,2130,272,4,5644776.0
1391,750,260,20,94536560.0
1392,1262,40,20,11755360.0
1393,2535,236,16,73045136.0
1394,2155,235,18,42803550.0
1395,2427,208,2,9403980.0
1396,499,47,19,85493730.0
1397,1832,434,13,54797496.0
1398,2734,333,10,24134500.0
1399,611,280,10,10972700.0
1400,428,156,6,1795044.0
1401,2514,204,7,9247854.0
1402,556,479,8,28809048.0
1403,2653,245,15,18805485.0
1404,1001,458,16,73791104.0
1405,2780,432,13,50480326.0
1406,368,308,12,16568148.0
1407,75,92,20,13113460.0
1408,1131,119,18,71319744.0
1409,1907,233,5,410200.0
1410,2616,381,1,995419.0
1411,1253,191,15,53927325.0
1412,24,317,5,20133920.0
1413,575,401,12,20267808.0
1414,1379,274,17,8518649.0
1415,2595,227,5,5749805.0
1416,1867,197,9,43153605.0
1417,1136,99,7,26095839.0
1418,870,342,15,24738435.0
1419,2354,22,16,4842896.0
1420,73,475,5,21570325.0
1421,2493,293,8,37281464.0
1422,550,178,16,8957088.0
1423,348,141,1,2737175.0
1424,903,448,10,40037060.0
1425,1033,20,11,17274059.0
1426,2056,387,14,23970310.0
1427,2254,41,16,43660608.0
1428,609,383,6,10137930.0
1429,2964,267,19,24847421.0
1430,2692,498,4,14281464.0
1431,73,270,11,20662510.0
1432,977,64,17,27779938.0
1433,2246,143,16,16927488.0
1434,507,19,18,88478856.0
1435,1333,163,2,8004732.0
1436,1444,373,19,38595574.0
1437,2623,257,1,2183726.0
1438,450,263,4,485100.0
1439,414,215,20,13854160.0
1440,1499,110,9,37468926.0
1441,2574,323,13,22089847.0
1442,1818,455,5,9647175.0
1443,2950,215,18,12468744.0
1444,1940,442,19,5454805.0
1445,1102,121,9,25225281.0
1446,307,409,2,6668870.0
1447,727,364,10,23587070.0
1448,2296,412,12,51766608.0
1449,790,296,16,32053968.0
1450,1191,45,15,28902435.0
1451,2708,490,15,5311815.0
1452,1588,125,6,18656208.0
1453,563,240,4,4903996.0
1454,811,222,9,26774811.0
1455,1998,269,5,24284950.0
1456,130,127,18,47986974.0
1457,1229,420,1,2950692.0
1458,530,301,19,67307120.0
1459,2352,403,15,57632670.0
1460,1932,126,7,23601172.0
1461,1195,106,9,33954777.0
1462,2551,169,17,73108160.0
1463,1062,404,12,52948356.0
1464,2731,113,2,1290252.0
1465,1978,386,19,19027455.0
1466,1629,78,3,7069944.0
1467,2195,470,15,38829795.0
1468,467,161,15,54626610.0
1469,1784,253,10,20416490.0
1470,1390,37,13,36968334.0
1471,473,358,20,43001160.0
1472,2116,281,14,17812984.0
1473,2815,79,1,3621690.0
1474,2019,121,8,22422472.0
1475,1716,340,16,43534160.0
1476,1117,41,13,35474244.0
1477,1856,60,5,12147855.0
1478,1345,304,14,31714242.0
1479,2243,74,13,5448300.0
1480,899,338,8,18317384.0
1481,1197,142,12,27949332.0
1482,937,34,5,13929725.0
1483,1923,358,3,6450174.0
1484,717,184,12,3133920.0
1485,661,255,19,49558004.0
1486,82,337,3,1145553.0
1487,815,290,13,25367160.0
1488,371,215,9,6234372.0
1489,680,476,3,5962140.0
1490,2011,125,5,15546840.0
1491,1035,345,16,53863808.0
1492,2601,348,6,27471012.0
1493,469,143,3,3173904.0
1494,2675,63,2,5930102.0
1495,2346,307,9,201150.0
1496,293,497,3,745449.0
1497,2208,305,5,22102750.0
1498,1631,61,6,3451434.0
1499,1617,91,4,15898152.0
1500,422,256,3,3621210.0
1501,284,366,14,4683994.0
1502,303,88,11,11273625.0
1503,1145,181,1,1394590.0
1504,2150,92,19,12457787.0
1505,1392,367,17,31354120.0
1506,2951,467,2,4531208.0
1507,1892,308,6,8284074.0
1508,1502,258,3,8139597.0
1509,21,199,11,30376478.0
1510,821,169,16,68807680.0
1511,1764,480,17,70344164.0
1512,1481,95,5,10801915.0
1513,989,120,4,8472736.0
1514,2674,249,8,38746616.0
1515,1370,206,19,11592736.0
1516,1525,270,14,26297740.0
1517,276,487,3,5063166.0
1518,942,182,3,14390430.0
1519,1773,294,12,28622232.0
1520,1373,385,18,79225452.0
1521,1238,225,17,53537658.0
1522,1927,369,17,73250705.0
1523,2881,371,19,68953071.0
1524,2309,50,18,80114058.0
1525,1348,109,2,8761782.0
1526,1934,166,2,4069140.0
1527,2282,442,15,4306425.0
1528,2163,428,15,66204525.0
1529,1836,122,6,2557380.0
1530,761,29,19,68369334.0
1531,2243,34,3,8357835.0
1532,996,384,13,17403490.0
1533,1161,375,2,3121098.0
1534,1864,432,3,11649306.0
1535,11,359,19,59347412.0
1536,8,164,19,8759209.0
1537,492,460,12,3052608.0
1538,1838,281,9,11451204.0
1539,1070,191,17,61117635.0
1540,658,303,8,26679832.0
1541,355,57,2,2504496.0
1542,1217,335,5,22602650.0
1543,1963,239,5,12158485.0
1544,1356,290,13,25367160.0
1545,431,160,2,1752414.0
1546,466,223,11,20661652.0
1547,599,480,15,62068380.0
1548,2435,482,10,18663100.0
1549,1634,167,19,93031999.0
1550,586,463,4,17673504.0
1551,2794,26,19,33945894.0
1552,1784,462,13,8799310.0
1553,647,432,18,69895836.0
1554,810,374,5,19491420.0
1555,2578,179,7,13593468.0
1556,565,414,18,86628582.0
1557,1147,298,9,15831648.0
1558,332,433,9,9171828.0
1559,2773,102,18,64601514.0
1560,1579,95,19,41047277.0
1561,254,148,12,46887420.0
1562,599,172,11,16195344.0
1563,441,494,12,23899404.0
1564,313,399,20,59973280.0
1565,1197,209,18,42620976.0
1566,2698,409,13,43347655.0
1567,1809,153,6,22396728.0
1568,185,314,7,20044143.0
1569,2477,257,20,43674520.0
1570,2026,12,16,59373808.0
1571,2332,115,19,2653673.0
1572,911,419,14,60429894.0
1573,1451,68,8,17289320.0
1574,1621,404,6,26474178.0
1575,2171,202,16,22004720.0
1576,1461,416,11,47257243.0
1577,2878,438,13,25106913.0
1578,285,133,1,2749997.0
1579,390,206,6,3660864.0
1580,1604,296,2,4006746.0
1581,1684,356,16,28101760.0
1582,1278,130,13,45632522.0
1583,408,167,17,83239157.0
1584,1358,124,15,71865750.0
1585,404,134,17,40582111.0
1586,2663,71,14,25965856.0
1587,1352,54,3,4401186.0
1588,1458,262,1,3113893.0
1589,1830,347,13,49451324.0
1590,89,152,13,62596833.0
1591,1641,483,11,31850192.0
1592,1473,361,20,55087320.0
1593,2694,368,8,7688264.0
1594,744,370,5,15958125.0
1595,1726,356,8,14050880.0
1596,815,283,2,2107856.0
1597,1988,115,15,2095005.0
1598,2704,356,12,21076320.0
1599,1855,423,1,3497320.0
1600,1516,142,17,39594887.0
1601,1839,97,15,60318960.0
1602,1590,399,3,8995992.0
1603,2631,454,10,15924490.0
1604,2218,25,19,65650434.0
1605,1350,148,10,39072850.0
1606,2014,177,13,43435613.0
1607,2336,148,9,35165565.0
1608,666,499,13,61044113.0
1609,1926,405,15,41598870.0
1610,1606,301,17,60222160.0
1611,2794,82,17,15676414.0
1612,1063,53,19,44868044.0
1613,2594,51,14,33466874.0
1614,1359,246,8,29461248.0
1615,2710,384,12,16064760.0
1616,2969,370,2,6383250.0
1617,1431,47,14,62995380.0
1618,166,100,20,18762720.0
1619,1880,78,6,14139888.0
1620,254,306,9,20396142.0
1621,1554,313,15,23147310.0
1622,2063,109,8,35047128.0
1623,2522,22,10,3026810.0
1624,2106,191,17,61117635.0
1625,1458,279,3,6908682.0
1626,1965,415,11,26921323.0
1627,330,7,5,11601650.0
1628,2239,133,4,10999988.0
1629,2648,442,2,574190.0
1630,2491,176,17,84290981.0
1631,122,55,1,3679085.0
1632,2279,229,4,16792372.0
1633,2400,76,14,60429502.0
1634,1293,279,13,29937622.0
1635,2203,314,15,42951735.0
1636,1452,347,8,30431584.0
1637,928,14,16,3891536.0
1638,1395,104,3,6255462.0
1639,202,496,19,92726973.0
1640,1965,445,1,2976506.0
1641,518,439,12,4507224.0
1642,888,112,8,8449152.0
1643,1974,247,18,16535628.0
1644,2328,207,10,29824390.0
1645,1464,137,10,5694210.0
1646,385,10,5,21725340.0
1647,2739,63,14,41510714.0
1648,397,162,20,31500480.0
1649,511,234,8,10175736.0
1650,449,277,3,5939583.0
1651,1949,194,8,35222624.0
1652,1002,357,8,8951688.0
1653,1861,213,20,52811060.0
1654,746,154,13,43998994.0
1655,1877,81,2,5252694.0
1656,703,315,18,65776932.0
1657,2620,86,1,3021284.0
1658,2435,128,20,92629320.0
1659,496,5,12,31981308.0
1660,91,72,18,54116388.0
1661,187,143,10,10579680.0
1662,1499,347,10,38039480.0
1663,186,32,9,41924430.0
1664,1902,92,10,6556730.0
1665,707,252,3,10355094.0
1666,2074,439,16,6009632.0
1667,2915,2,12,5018508.0
1668,659,287,10,35911310.0
1669,2853,303,11,36684769.0
1670,1050,458,11,50731384.0
1671,2577,339,13,10686156.0
1672,1587,296,18,36060714.0
1673,1146,127,9,23993487.0
1674,2440,131,4,1825048.0
1675,1924,297,8,19376008.0
1676,1345,493,7,31749914.0
1677,1263,147,14,56373506.0
1678,1296,193,1,4282959.0
1679,1689,61,20,11504780.0
1680,468,398,7,14530523.0
1681,431,500,1,1839104.0
1682,72,364,17,40098019.0
1683,344,323,8,13593752.0
1684,2134,30,14,49211120.0
1685,2677,460,10,2543840.0
1686,661,466,5,17982115.0
1687,1850,21,10,44519120.0
1688,1366,63,7,20755357.0
1689,864,489,19,89610498.0
1690,219,286,2,9352012.0
1691,1406,455,18,34729830.0
1692,97,119,11,43584288.0
1693,2362,335,13,58766890.0
1694,754,50,16,71212496.0
1695,1104,400,3,2045703.0
1696,2702,353,18,59532138.0
1697,2618,66,17,57281959.0
1698,191,117,16,27740128.0
1699,278,474,15,48651375.0
1700,740,320,10,34115980.0
1701,166,238,10,14422090.0
1702,2873,401,19,32090696.0
1703,2894,387,2,3424330.0
1704,437,138,7,8535583.0
1705,2945,350,8,7583408.0
1706,2536,292,12,59757648.0
1707,1867,219,12,42112848.0
1708,2816,371,13,47178417.0
1709,2492,235,13,30913675.0
1710,1869,307,11,245850.0
1711,545,353,14,46302774.0
1712,2439,108,2,6971072.0
1713,630,334,9,11076849.0
1714,1159,337,6,2291106.0
1715,523,426,15,18632715.0
1716,1067,134,7,16710281.0
1717,2238,456,18,76789602.0
1718,1963,113,17,10967142.0
1719,1752,77,1,3014189.0
1720,1096,339,6,4932072.0
1721,218,450,13,11253645.0
1722,2797,15,19,4952046.0
1723,1100,250,10,17951680.0
1724,2677,309,15,27848820.0
1725,1785,271,20,71815300.0
1726,1182,72,2,6012932.0
1727,361,360,7,8114792.0
1728,1753,30,2,7030160.0
1729,2808,446,20,80165340.0
1730,2880,432,13,50480326.0
1731,1043,18,9,25095663.0
1732,2672,168,11,31396002.0
1733,2025,356,3,5269080.0
1734,2739,125,14,43531152.0
1735,2003,162,17,26775408.0
1736,1183,421,7,16540587.0
1737,1618,308,2,2761358.0
1738,2855,69,19,9053044.0
1739,946,464,1,2616673.0
1740,1870,126,11,37087556.0
1741,2489,435,20,72754000.0
1742,2316,176,16,79332688.0
1743,2909,353,15,49610115.0
1744,873,20,2,3140738.0
1745,2122,448,9,36033354.0
1746,1411,407,2,6694846.0
1747,1329,79,9,32595210.0
1748,2823,461,13,56892303.0
1749,1385,310,18,72109872.0
1750,1074,176,7,34708051.0
1751,2134,23,16,13590496.0
1752,1370,112,15,15842160.0
1753,2239,195,3,13764009.0
1754,2206,317,18,72482112.0
1755,2095,40,12,7053216.0
1756,435,185,15,54971025.0
1757,1413,114,14,51055424.0
1758,1315,72,2,6012932.0
1759,1509,476,15,29810700.0
1760,1724,27,6,389400.0
1761,2933,5,11,29316199.0
1762,2909,69,20,9529520.0
1763,2754,420,5,14753460.0
1764,2385,74,11,4610100.0
1765,862,161,14,50984836.0
1766,568,37,12,34124616.0
1767,2228,328,5,6466030.0
1768,1028,189,19,41634643.0
1769,1035,103,10,16339250.0
1770,1557,468,18,28135746.0
1771,407,465,7,3222464.0
1772,2968,47,20,89993400.0
1773,53,256,4,4828280.0
1774,2131,426,11,13663991.0
1775,2653,174,1,103668.0
1776,1911,61,6,3451434.0
1777,488,84,20,15291460.0
1778,2973,392,4,12933640.0
1779,2281,135,6,10128564.0
1780,226,83,8,39944824.0
1781,746,54,12,17604744.0
1782,2133,17,17,66145215.0
1783,1371,234,5,6359835.0
1784,2606,458,11,50731384.0
1785,1422,85,6,1253424.0
1786,205,407,6,20084538.0
1787,1268,210,8,38828864.0
1788,933,357,10,11189610.0
1789,512,374,10,38982840.0
1790,2718,111,2,7412668.0
1791,538,302,20,9124720.0
1792,2027,107,11,17550709.0
1793,2267,367,15,27665400.0
1794,177,37,2,5687436.0
1795,2026,32,6,27949620.0
1796,736,435,18,65478600.0
1797,1356,22,3,908043.0
1798,874,118,11,31562542.0
1799,2364,492,5,24151685.0
1800,2526,487,6,10126332.0
1801,2747,307,17,379950.0
1802,108,18,7,19518849.0
1803,2313,47,9,40497030.0
1804,692,29,8,28787088.0
1805,2141,353,13,42995433.0
1806,416,70,19,6040366.0
1807,2317,123,1,4294049.0
1808,791,444,4,2056204.0
1809,1108,443,17,6154289.0
1810,298,161,11,40059514.0
1811,2848,91,7,27821766.0
1812,2206,138,6,7316214.0
1813,1040,485,16,37858320.0
1814,1214,490,14,4957694.0
1815,2345,493,5,22678510.0
1816,526,224,4,3308912.0
1817,506,287,2,7182262.0
1818,1148,492,7,33812359.0
1819,1422,293,10,46601830.0
1820,913,11,5,3235225.0
1821,2882,53,13,30699188.0
1822,171,219,13,45622252.0
1823,1491,304,11,24918333.0
1824,2276,182,12,57561720.0
1825,1002,158,5,22739125.0
1826,1478,69,15,7147140.0
1827,1590,171,20,5126120.0
1828,1018,364,15,35380605.0
1829,2273,93,15,39252240.0
1830,2431,141,4,10948700.0
1831,1176,399,2,5997328.0
1832,1678,279,9,20726046.0
1833,2046,190,19,87386510.0
1834,2705,494,12,23899404.0
1835,1344,142,11,25620221.0
1836,267,483,19,55013968.0
1837,1001,266,20,56397700.0
1838,1382,227,5,5749805.0
1839,313,226,3,1174656.0
1840,583,247,20,18372920.0
1841,1328,188,11,47825668.0
1842,2356,425,1,4718128.0
1843,2657,221,18,37467324.0
1844,1066,59,13,34265413.0
1845,843,238,15,21633135.0
1846,762,58,6,14830014.0
1847,256,257,12,26204712.0
1848,214,340,14,38092390.0
1849,447,115,5,698335.0
1850,2493,313,19,29319926.0
1851,1264,209,15,35517480.0
1852,2624,200,13,21201973.0
1853,94,298,12,21108864.0
1854,330,383,12,20275860.0
1855,1425,454,4,6369796.0
1856,2998,444,4,2056204.0
1857,1671,226,13,5090176.0
1858,928,334,7,8615327.0
1859,147,26,11,19652886.0
1860,1497,2,17,7109553.0
1861,1810,275,14,17573864.0
1862,656,246,13,47874528.0
1863,1006,271,8,28726120.0
1864,692,237,10,17770290.0
1865,2060,261,18,33247602.0
1866,2106,208,8,37615920.0
1867,317,195,16,73408048.0
1868,1255,370,3,9574875.0
1869,346,214,20,82644800.0
1870,1068,306,10,22662380.0
1871,1530,255,15,39124740.0
1872,2436,236,4,18261284.0
1873,2653,338,14,32055422.0
1874,342,362,12,1083576.0
1875,1949,179,7,13593468.0
1876,1216,3,17,46614714.0
1877,20,93,7,18317712.0
1878,757,58,5,12358345.0
1879,1037,100,19,17824584.0
1880,1956,98,18,33532164.0
1881,2446,258,18,48837582.0
1882,1838,138,14,17071166.0
1883,1768,206,16,9762304.0
1884,2415,208,15,70529850.0
1885,2426,365,19,56286284.0
1886,2482,70,11,3497054.0
1887,2267,85,18,3760272.0
1888,912,73,16,6069872.0
1889,2366,220,7,24936093.0
1890,1426,265,20,93174660.0
1891,772,195,10,45880030.0
1892,2745,163,16,64037856.0
1893,2639,97,7,28148848.0
1894,1703,200,4,6523684.0
1895,1895,156,8,2393392.0
1896,279,212,8,6333840.0
1897,2611,211,1,969821.0
1898,1597,349,14,8313214.0
1899,2716,242,10,35035660.0
1900,569,383,8,13517240.0
1901,1893,151,2,6203544.0
1902,2511,337,16,6109616.0
1903,21,259,4,13648984.0
1904,402,368,6,5766198.0
1905,1666,108,4,13942144.0
1906,1997,459,14,14167874.0
1907,52,495,19,27405657.0
1908,929,223,5,9391660.0
1909,601,123,16,68704784.0
1910,2975,497,1,248483.0
1911,608,440,19,70469898.0
1912,2172,453,20,49044100.0
1913,53,486,11,52693916.0
1914,1116,65,4,7676808.0
1915,475,355,8,38163864.0
1916,2524,490,2,708242.0
1917,893,184,13,3395080.0
1918,2111,481,18,16244406.0
1919,2283,111,8,29650672.0
1920,1683,313,20,30863080.0
1921,528,449,6,9997368.0
1922,1754,357,4,4475844.0
1923,2668,148,18,70331130.0
1924,370,155,7,8319066.0
1925,601,125,19,59077992.0
1926,2074,427,12,14828436.0
1927,1857,429,9,18341757.0
1928,1477,86,7,21148988.0
1929,1126,405,5,13866290.0
1930,2779,301,15,53137200.0
1931,988,409,4,13337740.0
1932,77,89,5,22107840.0
1933,1555,120,13,27536392.0
1934,2952,233,5,410200.0
1935,1570,10,7,30415476.0
1936,1314,427,10,12357030.0
1937,1813,95,17,36726511.0
1938,1210,130,7,24571358.0
1939,2782,37,14,39812052.0
1940,345,233,16,1312640.0
1941,2782,202,3,4125885.0
1942,1390,227,7,8049727.0
1943,2258,92,10,6556730.0
1944,962,87,20,2455800.0
1945,8,469,6,29761800.0
1946,782,372,12,59698632.0
1947,2623,303,17,56694643.0
1948,1673,220,3,10686897.0
1949,1995,188,17,73912396.0
1950,2953,494,18,35849106.0
1951,2756,418,15,39335610.0
1952,1504,385,11,48415554.0
1953,1924,54,1,1467062.0
1954,2576,256,10,12070700.0
1955,1476,54,19,27874178.0
1956,2625,423,8,27978560.0
1957,2765,9,13,59485010.0
1958,1195,282,5,7486240.0
1959,2922,241,19,23898618.0
1960,2015,385,16,70422624.0
1961,2857,298,9,15831648.0
1962,1381,491,5,3403740.0
1963,795,424,15,290070.0
1964,125,398,6,12454734.0
1965,2974,304,4,9061212.0
1966,2618,117,2,3467516.0
1967,123,35,13,61335209.0
1968,1178,172,6,8833824.0
1969,163,153,13,48526244.0
1970,2343,214,15,61983600.0
1971,2662,128,17,78734922.0
1972,1243,188,3,13043364.0
1973,2154,250,20,35903360.0
1974,2129,199,6,16568988.0
1975,2532,207,10,29824390.0
1976,1164,360,4,4637024.0
1977,2669,339,7,5754084.0
1978,2973,207,3,8947317.0
1979,1406,382,18,73690254.0
1980,656,381,8,7963352.0
1981,129,89,19,84009792.0
1982,1429,228,6,5515032.0
1983,435,369,11,47397515.0
1984,1424,223,12,22539984.0
1985,163,233,16,1312640.0
1986,2188,486,19,91016764.0
1987,2650,196,19,22430450.0
1988,581,123,1,4294049.0
1989,656,39,14,25415936.0
1990,1097,474,13,42164525.0
1991,1255,359,14,43729672.0
1992,1944,374,16,62372544.0
1993,834,387,20,34243300.0
1994,665,2,13,5436717.0
1995,1570,78,14,32993072.0
1996,2505,477,6,22580898.0
1997,1207,237,16,28432464.0
1998,190,116,12,14880312.0
1999,372,205,14,12791422.0
2000,2799,385,12,52816968.0
2001,897,139,4,18781236.0
2002,2257,431,14,56901460.0
2003,161,127,15,39989145.0
2004,1500,216,9,36209052.0
2005,2601,413,8,13402712.0
2006,680,390,15,72448125.0
2007,2536,189,8,17530376.0
2008,498,229,17,71367581.0
2009,780,13,6,16709862.0
2010,1179,304,7,15857121.0
2011,375,277,15,29697915.0
2012,2491,280,17,18653590.0
2013,2961,264,11,51499085.0
2014,78,199,12,33137976.0
2015,1243,90,1,2703764.0
2016,334,280,20,21945400.0
2017,2208,82,4,3688568.0
2018,2253,8,18,48264660.0
2019,2455,72,13,39084058.0
2020,2912,345,7,23565416.0
2021,2785,391,3,12873720.0
2022,1535,145,7,3890964.0
2023,1905,213,13,34327189.0
2024,789,74,3,1257300.0
2025,1933,439,7,2629214.0
2026,1216,274,2,1002194.0
2027,993,145,6,3335112.0
2028,2072,77,17,51241213.0
2029,2216,245,5,6268495.0
2030,628,49,9,40682259.0
2031,2143,37,18,51186924.0
2032,1027,323,2,3398438.0
2033,2143,319,5,16063995.0
2034,2656,26,12,21439512.0
2035,1934,335,6,27123180.0
2036,1288,260,18,85082904.0
2037,1139,205,20,18273460.0
2038,2643,426,13,16148353.0
2039,2768,310,7,28042728.0
2040,2184,144,9,39928302.0
2041,2439,476,4,7949520.0
2042,2165,12,8,29686904.0
2043,507,233,7,574280.0
2044,1963,27,14,908600.0
2045,2292,109,5,21904455.0
2046,1186,394,18,18133722.0
2047,1691,352,15,20728095.0
2048,1801,268,19,73765638.0
2049,193,191,11,39546705.0
2050,2873,86,17,51361828.0
2051,2603,495,15,21636045.0
2052,812,44,1,1938058.0
2053,1636,412,1,4313884.0
2054,1589,169,20,86009600.0
2055,2829,219,6,21056424.0
2056,2271,391,14,60077360.0
2057,2474,8,17,45583290.0
2058,60,234,9,11447703.0
2059,2727,107,7,11168633.0
2060,1623,106,16,60364048.0
2061,1486,347,5,19019740.0
2062,2625,178,17,9516906.0
2063,2598,288,4,15169976.0
2064,682,363,10,30802660.0
2065,794,273,6,24179268.0
2066,235,337,19,7255169.0
2067,581,8,19,50946030.0
2068,498,334,1,1230761.0
2069,506,496,9,43923303.0
2070,518,295,17,72196773.0
2071,2572,98,14,26080572.0
2072,2208,302,8,3649888.0
2073,2234,217,13,6025604.0
2074,2045,220,6,21373794.0
2075,682,438,6,11587806.0
2076,1795,294,17,40548162.0
2077,520,51,15,35857365.0
2078,1785,16,9,6484239.0
2079,263,169,6,25802880.0
2080,1462,461,20,87526620.0
2081,211,477,8,30107864.0
2082,2067,25,12,41463432.0
2083,2976,225,5,15746370.0
2084,84,82,13,11987846.0
2085,2870,459,14,14167874.0
2086,2398,289,17,8280037.0
2087,1671,124,4,19164200.0
2088,321,150,4,8154792.0
2089,2970,23,4,3397624.0
2090,1689,422,14,38824548.0
2091,985,500,2,3678208.0
2092,2498,291,7,23436882.0
2093,2434,207,15,44736585.0
2094,491,371,8,29032872.0
2095,1416,120,14,29654576.0
2096,982,183,8,3465712.0
2097,803,99,18,67103586.0
2098,461,296,10,20033730.0
2099,401,232,2,2690756.0
2100,1287,157,20,38663600.0
2101,1025,431,1,4064390.0
2102,2768,414,4,19250796.0
2103,123,106,8,30182024.0
2104,1217,452,2,4311810.0
2105,1614,118,15,43039830.0
2106,1371,184,20,5223200.0
2107,2202,469,18,89285400.0
2108,2334,23,7,5945842.0
2109,1265,183,18,7797852.0
2110,1198,330,10,25315960.0
2111,463,389,16,14010832.0
2112,450,170,6,18797100.0
2113,800,84,8,6116584.0
2114,1954,93,10,26168160.0
2115,2261,293,8,37281464.0
2116,2285,331,11,3412629.0
2117,2449,29,20,71967720.0
2118,1587,333,18,43442100.0
2119,341,114,4,14587264.0
2120,454,8,16,42901920.0
2121,1584,18,19,52979733.0
2122,137,349,5,2969005.0
2123,2568,162,19,29925456.0
2124,32,121,18,50450562.0
2125,1182,137,9,5124789.0
2126,499,271,1,3590765.0
2127,1527,390,19,91767625.0
2128,213,120,19,40245496.0
2129,327,206,8,4881152.0
2130,1573,200,10,16309210.0
2131,2160,359,8,24988384.0
2132,343,163,2,8004732.0
2133,2864,283,15,15808920.0
2134,1857,454,13,20701837.0
2135,577,142,11,25620221.0
2136,2183,60,15,36443565.0
2137,2352,413,18,30156102.0
2138,2895,235,10,23779750.0
2139,817,429,19,38721487.0
2140,1700,345,18,60596784.0
2141,2017,440,12,44507304.0
2142,377,6,10,19663180.0
2143,2451,275,9,11297484.0
2144,1955,385,7,30809898.0
2145,1271,176,3,14874879.0
2146,1017,241,17,21382974.0
2147,1297,340,3,8162655.0
2148,1186,300,17,79797235.0
2149,1665,395,3,3640503.0
2150,2498,426,8,9937448.0
2151,2426,339,12,9864144.0
2152,1252,20,15,23555535.0
2153,1540,312,15,50501220.0
2154,1325,165,10,38130970.0
2155,18,440,17,63052014.0
2156,997,366,14,4683994.0
2157,1914,260,18,85082904.0
2158,1437,165,12,45757164.0
2159,2337,280,4,4389080.0
2160,1686,305,18,79569900.0
2161,112,260,20,94536560.0
2162,1328,141,2,5474350.0
2163,1165,76,19,82011467.0
2164,677,422,5,13865910.0
2165,2163,237,1,1777029.0
2166,2290,80,2,9422230.0
2167,2358,378,9,27106623.0
2168,2898,363,8,24642128.0
2169,124,238,10,14422090.0
2170,522,126,16,53945536.0
2171,67,205,10,9136730.0
2172,1046,238,6,8653254.0
2173,2795,420,8,23605536.0
2174,2846,500,7,12873728.0
2175,1030,311,2,6091316.0
2176,1429,250,6,10771008.0
2177,378,221,17,35385806.0
2178,2869,391,5,21456200.0
2179,2823,139,5,23476545.0
2180,2553,224,11,9099508.0
2181,2349,120,17,36009128.0
2182,1698,383,12,20275860.0
2183,928,46,9,15497730.0
2184,356,88,13,13323375.0
2185,2781,387,18,30818970.0
2186,516,160,12,10514484.0
2187,2868,161,14,50984836.0
2188,2829,190,4,18397160.0
2189,2589,471,13,47429655.0
2190,2714,2,19,7945971.0
2191,1149,212,6,4750380.0
2192,1525,397,8,18703040.0
2193,1383,336,4,16703792.0
2194,474,282,19,28447712.0
2195,2306,439,16,6009632.0
2196,226,357,1,1118961.0
2197,1927,110,19,79101066.0
2198,919,84,11,8410303.0
2199,866,324,19,85389382.0
2200,169,129,18,71614656.0
2201,597,225,7,22044918.0
2202,386,101,17,32783463.0
2203,399,423,3,10491960.0
2204,2338,322,2,2179858.0
2205,1032,380,15,27062475.0
2206,1514,57,18,22540464.0
2207,863,326,19,71526089.0
2208,1518,404,6,26474178.0
2209,2409,498,1,3570366.0
2210,118,500,6,11034624.0
2211,2812,395,4,4854004.0
2212,549,46,8,13775760.0
2213,884,132,9,11372607.0
2214,1132,257,15,32755890.0
2215,511,324,17,76401026.0
2216,1564,436,14,45261328.0
2217,2389,74,10,4191000.0
2218,29,378,16,48189552.0
2219,1458,484,19,1786589.0
2220,875,270,17,31932970.0
2221,2772,368,1,961033.0
2222,2088,88,2,2049750.0
2223,1909,60,13,31584423.0
2224,2765,55,9,33111765.0
2225,2517,9,15,68636550.0
2226,2838,408,7,32697028.0
2227,643,109,1,4380891.0
2228,2386,492,12,57964044.0
2229,1315,123,6,25764294.0
2230,1534,98,20,37257960.0
2231,1306,112,5,5280720.0
2232,2860,478,15,64068420.0
2233,1876,268,19,73765638.0
2234,1041,466,6,21578538.0
2235,1842,16,1,720471.0
2236,703,236,11,50218531.0
2237,1455,78,2,4713296.0
2238,2220,117,19,32941402.0
2239,1890,40,13,7640984.0
2240,2020,154,14,47383532.0
2241,226,157,12,23198160.0
2242,1596,378,8,24094776.0
2243,603,247,4,3674584.0
2244,829,245,11,13790689.0
2245,745,301,14,49594720.0
2246,893,439,7,2629214.0
2247,1713,260,16,75629248.0
2248,2387,266,6,16919310.0
2249,848,29,10,35983860.0
2250,118,328,17,21984502.0
2251,2725,267,18,23539662.0
2252,2495,313,7,10802078.0
2253,2855,179,7,13593468.0
2254,808,145,12,6670224.0
2255,1091,493,8,36285616.0
2256,332,389,13,11383801.0
2257,2461,240,7,8581993.0
2258,1132,322,9,9809361.0
2259,2216,468,6,9378582.0
2260,2742,198,13,54070861.0
2261,2940,345,13,43764344.0
2262,1255,271,10,35907650.0
2263,1703,80,1,4711115.0
2264,223,285,15,52015875.0
2265,2351,400,20,13638020.0
2266,2250,374,14,54575976.0
2267,763,417,3,504552.0
2268,2032,128,20,92629320.0
2269,435,227,19,21849259.0
2270,2473,76,1,4316393.0
2271,1210,445,11,32741566.0
2272,1296,259,12,40946952.0
2273,2966,328,5,6466030.0
2274,1940,349,17,10094617.0
2275,165,177,1,3341201.0
2276,210,218,14,24487092.0
2277,920,402,11,12126455.0
2278,1786,1,9,24208992.0
2279,296,242,7,24524962.0
2280,2369,94,7,17205139.0
2281,2168,323,16,27187504.0
2282,1513,348,20,91570040.0
2283,2087,92,7,4589711.0
2284,1396,35,12,56617116.0
2285,1077,302,19,8668484.0
2286,2007,130,1,3510194.0
2287,2476,174,14,1451352.0
2288,801,219,12,42112848.0
2289,1909,462,15,10153050.0
2290,672,192,20,20623800.0
2291,237,255,13,33908108.0
2292,317,169,20,86009600.0
2293,278,61,15,8628585.0
2294,408,174,2,207336.0
2295,2572,203,9,37390113.0
2296,2554,397,18,42081840.0
2297,2193,178,12,6717816.0
2298,1803,415,5,12236965.0
2299,2391,190,13,59790770.0
2300,1611,257,17,37123342.0
2301,1227,223,9,16904988.0
2302,1942,330,7,17721172.0
2303,136,396,19,33775312.0
2304,900,485,3,7098435.0
2305,497,21,3,13355736.0
2306,2195,459,16,16191856.0
2307,124,298,10,17590720.0
2308,2778,102,13,46656649.0
2309,2383,126,14,47202344.0
2310,738,204,4,5284488.0
2311,1519,157,12,23198160.0
2312,2146,70,17,5404538.0
2313,1668,485,13,30759885.0
2314,2045,453,20,49044100.0
2315,2918,483,9,26059248.0
2316,2326,108,2,6971072.0
2317,1938,350,10,9479260.0
2318,359,66,17,57281959.0
2319,2634,402,9,9921645.0
2320,138,475,16,69025040.0
2321,1228,154,15,50768070.0
2322,722,5,1,2665109.0
2323,345,350,20,18958520.0
2324,2429,406,5,18326495.0
2325,1752,94,2,4915754.0
2326,617,384,9,12048570.0
2327,764,296,3,6010119.0
2328,1984,158,13,59121725.0
2329,1550,246,17,62605152.0
2330,1041,203,4,16617828.0
2331,1662,399,10,29986640.0
2332,2343,100,8,7505088.0
2333,1873,290,11,21464520.0
2334,1142,209,3,7103496.0
2335,1599,109,18,78856038.0
2336,2974,483,9,26059248.0
2337,2065,41,4,10915152.0
2338,725,241,10,12578220.0
2339,456,295,12,50962428.0
2340,2313,337,4,1527404.0
2341,1709,179,14,27186936.0
2342,2897,345,6,20198928.0
2343,740,339,14,11508168.0
2344,18,176,1,4958293.0
2345,2274,219,16,56150464.0
2346,1197,109,18,78856038.0
2347,2770,374,10,38982840.0
2348,63,449,20,33324560.0
2349,9,136,8,34119000.0
2350,2297,35,7,33026651.0
2351,2222,422,2,5546364.0
2352,838,359,7,21864836.0
2353,2201,265,2,9317466.0
2354,1187,61,19,10929541.0
2355,1860,48,9,37753749.0
2356,2544,407,2,6694846.0
2357,606,354,13,38747410.0
2358,295,226,12,4698624.0
2359,1980,456,5,21330445.0
2360,239,461,11,48139641.0
2361,1867,8,14,37539180.0
2362,2414,250,15,26927520.0
2363,1158,337,14,5345914.0
2364,1965,333,18,43442100.0
2365,2446,214,4,16528960.0
2366,1959,393,4,14132088.0
2367,560,408,7,32697028.0
2368,498,231,11,14368695.0
2369,1816,72,14,42090524.0
2370,1937,1,20,53797760.0
2371,730,331,1,310239.0
2372,761,288,1,3792494.0
2373,998,65,14,26868828.0
2374,2927,399,2,5997328.0
2375,1818,409,6,20006610.0
2376,2312,400,10,6819010.0
2377,136,95,4,8641532.0
2378,279,397,2,4675760.0
2379,34,390,17,82107875.0
2380,2684,471,20,72968700.0
2381,737,224,14,11581192.0
2382,1242,268,14,54353628.0
2383,2510,256,7,8449490.0
2384,277,363,14,43123724.0
2385,309,36,12,1688868.0
2386,2483,294,11,26237046.0
2387,355,262,8,24911144.0
2388,700,242,13,45546358.0
2389,1428,230,16,42646624.0
2390,1801,312,16,53867968.0
2391,283,397,15,35068200.0
2392,2233,291,6,20088756.0
2393,813,353,10,33073410.0
2394,2156,444,20,10281020.0
2395,2776,490,2,708242.0
2396,2533,32,12,55899240.0
2397,1690,313,9,13888386.0
2398,1705,482,9,16796790.0
2399,771,164,17,7837187.0
2400,2746,178,9,5038362.0
2401,837,29,10,35983860.0
2402,1777,158,3,13643475.0
2403,2986,319,7,22489593.0
2404,505,348,6,27471012.0
2405,2095,472,18,18401688.0
2406,1959,106,18,67909554.0
2407,2940,48,8,33558888.0
2408,1441,89,14,61901952.0
2409,428,117,1,1733758.0
2410,1827,304,16,36244848.0
2411,898,261,7,12929623.0
2412,2391,336,7,29231636.0
2413,453,420,3,8852076.0
2414,2364,120,8,16945472.0
2415,1077,403,11,42263958.0
2416,2920,106,17,64136801.0
2417,1240,443,9,3258153.0
2418,2329,96,9,44969778.0
2419,1209,96,19,94936198.0
2420,758,123,9,38646441.0
2421,1706,385,2,8802828.0
2422,1087,182,4,19187240.0
2423,1119,26,5,8933130.0
2424,2944,463,14,61857264.0
2425,86,263,12,1455300.0
2426,189,447,16,42714096.0
2427,485,419,9,38847789.0
2428,889,493,15,68035530.0
2429,2361,210,15,72804120.0
2430,981,303,6,20009874.0
2431,771,296,8,16026984.0
2432,364,122,13,5540990.0
2433,899,175,19,37070957.0
2434,267,139,17,79820253.0
2435,738,94,14,34410278.0
2436,1906,70,16,5086624.0
2437,1159,169,14,60206720.0
2438,2430,307,6,134100.0
2439,697,59,9,23722209.0
2440,1103,252,8,27613584.0
2441,1611,330,13,32910748.0
2442,2090,498,5,17851830.0
2443,897,335,5,22602650.0
2444,1369,130,7,24571358.0
2445,2564,461,18,78773958.0
2446,2917,202,5,6876475.0
2447,2257,152,2,9630282.0
2448,2444,141,9,24634575.0
2449,2397,500,6,11034624.0
2450,1159,429,2,4075946.0
2451,721,485,11,26027595.0
2452,638,353,18,59532138.0
2453,1738,454,2,3184898.0
2454,182,19,17,83563364.0
2455,1904,32,8,37266160.0
2456,2678,27,10,649000.0
2457,1223,219,12,42112848.0
2458,385,246,1,3682656.0
2459,1696,309,9,16709292.0
2460,453,107,4,6382076.0
2461,652,181,14,19524260.0
2462,2060,401,4,6755936.0
2463,1573,265,18,83857194.0
2464,2567,154,14,47383532.0
2465,2878,337,14,5345914.0
2466,1046,486,14,67064984.0
2467,2041,406,5,18326495.0
2468,861,491,6,4084488.0
2469,2022,456,10,42660890.0
2470,2265,337,6,2291106.0
2471,2317,336,7,29231636.0
2472,109,306,14,31727332.0
2473,967,294,1,2385186.0
2474,2782,327,15,24742290.0
2475,1165,67,14,10424456.0
2476,1421,353,20,66146820.0
2477,1947,157,18,34797240.0
2478,2064,51,8,19123928.0
2479,353,129,7,27850144.0
2480,825,198,12,49911564.0
2481,2846,425,15,70771920.0
2482,211,138,10,12193690.0
2483,2947,129,6,23871552.0
2484,2360,77,3,9042567.0
2485,1725,50,14,62310934.0
2486,2722,347,5,19019740.0
2487,2292,352,1,1381873.0
2488,2038,353,20,66146820.0
2489,1935,307,17,379950.0
2490,1745,175,15,29266545.0
2491,627,43,9,33086025.0
2492,226,200,1,1630921.0
2493,2442,360,3,3477768.0
2494,2832,369,17,73250705.0
2495,2989,292,1,4979804.0
2496,94,21,18,80134416.0
2497,1566,73,3,1138101.0
2498,2729,324,16,71906848.0
2499,1907,460,6,1526304.0
2500,2077,225,5,15746370.0
2501,574,445,6,17859036.0
2502,2090,109,2,8761782.0
2503,670,256,5,6035350.0
2504,582,194,4,17611312.0
2505,244,255,15,39124740.0
2506,1289,161,19,69193706.0
2507,1301,259,12,40946952.0
2508,1398,209,13,30781816.0
2509,2017,58,4,9886676.0
2510,456,342,12,19790748.0
2511,2591,374,4,15593136.0
2512,1090,272,9,12700746.0
2513,1945,388,9,11787219.0
2514,1026,171,20,5126120.0
2515,946,21,7,31163384.0
2516,1571,453,4,9808820.0
2517,1997,467,4,9062416.0
2518,967,165,12,45757164.0
2519,2362,487,1,1687722.0
2520,2770,400,20,13638020.0
2521,1215,367,17,31354120.0
2522,1778,343,19,18594939.0
2523,2107,408,3,14013012.0
2524,2521,48,10,41948610.0
2525,2810,114,19,69289504.0
2526,875,360,6,6955536.0
2527,597,22,15,4540215.0
2528,2421,132,2,2527246.0
2529,1171,69,13,6194188.0
2530,2365,47,16,71994720.0
2531,763,128,14,64840524.0
2532,676,462,17,11506790.0
2533,1684,150,20,40773960.0
2534,1171,458,15,69179160.0
2535,1430,381,13,12940447.0
2536,2269,137,19,10818999.0
2537,2193,325,19,63801012.0
2538,2767,14,1,243221.0
2539,1645,419,12,51797052.0
2540,1540,443,17,6154289.0
2541,1557,255,4,10433264.0
2542,2035,413,4,6701356.0
2543,506,370,9,28724625.0
2544,2811,145,5,2779260.0
2545,2930,273,16,64478048.0
2546,398,317,10,40267840.0
2547,2337,72,3,9019398.0
2548,1135,390,16,77278000.0
2549,2913,489,10,47163420.0
2550,16,80,4,18844460.0
2551,1421,232,17,22871426.0
2552,1082,282,18,26950464.0
2553,657,219,1,3509404.0
2554,1270,86,7,21148988.0
2555,2906,367,16,29509760.0
2556,1783,214,16,66115840.0
2557,1697,177,6,20047206.0
2558,2172,239,2,4863394.0
2559,396,293,8,37281464.0
2560,2069,310,2,8012208.0
2561,620,131,19,8668978.0
2562,662,367,9,16599240.0
2563,2222,266,20,56397700.0
2564,1477,313,13,20061002.0
2565,649,41,15,40931820.0
2566,2284,245,12,15044388.0
2567,2806,52,15,42981855.0
2568,2931,126,18,60688728.0
2569,1189,289,2,974122.0
2570,666,497,18,4472694.0
2571,1833,181,20,27891800.0
2572,1580,34,1,2785945.0
2573,2447,161,13,47343062.0
2574,264,383,2,3379310.0
2575,1459,175,11,21462133.0
2576,1029,210,2,9707216.0
2577,2357,453,17,41687485.0
2578,2520,29,14,50377404.0
2579,1885,187,7,23625441.0
2580,1047,408,16,74736064.0
2581,261,124,6,28746300.0
2582,136,392,9,29100690.0
2583,1805,444,2,1028102.0
2584,1048,246,17,62605152.0
2585,2768,481,6,5414802.0
2586,874,22,15,4540215.0
2587,1065,260,4,18907312.0
2588,2485,12,11,40819493.0
2589,573,370,14,44682750.0
2590,49,167,9,44067789.0
2591,705,312,19,63968212.0
2592,2608,103,4,6535700.0
2593,518,359,13,40606124.0
2594,1563,115,7,977669.0
2595,1334,168,3,8562546.0
2596,308,168,16,45666912.0
2597,1298,116,20,24800520.0
2598,1173,186,15,22221270.0
2599,355,360,3,3477768.0
2600,2746,270,9,16905690.0
2601,426,439,4,1502408.0
2602,1987,131,6,2737572.0
2603,2556,442,11,3158045.0
2604,2563,397,19,44419720.0
2605,1477,36,8,1125912.0
2606,2591,419,16,69062736.0
2607,922,130,17,59673298.0
2608,1403,305,13,57467150.0
2609,1718,321,6,19842360.0
2610,1148,354,10,29805700.0
2611,494,121,2,5605618.0
2612,1727,376,13,16860688.0
2613,2525,421,13,30718233.0
2614,265,469,7,34722100.0
2615,2112,78,1,2356648.0
2616,325,15,4,1042536.0
2617,1181,224,19,15717332.0
2618,476,71,9,16692336.0
2619,2527,361,13,35806758.0
2620,2737,340,13,35371505.0
2621,397,448,13,52048178.0
2622,402,287,13,46684703.0
2623,1630,24,19,82967832.0
2624,2799,37,18,51186924.0
2625,2557,17,15,58363425.0
2626,799,314,4,11453796.0
2627,2100,437,5,11691485.0
2628,2851,178,7,3918726.0
2629,170,367,12,22132320.0
2630,2134,254,19,68638393.0
2631,146,452,15,32338575.0
2632,956,99,8,29823816.0
2633,1683,234,8,10175736.0
2634,2070,209,2,4735664.0
2635,2958,202,6,8251770.0
2636,2568,259,19,64832674.0
2637,59,195,12,55056036.0
2638,1096,296,20,40067460.0
2639,1724,342,8,13193832.0
2640,1614,489,19,89610498.0
2641,1512,143,19,20101392.0
2642,904,10,2,8690136.0
2643,858,470,16,41418448.0
2644,2342,65,2,3838404.0
2645,889,388,4,5238764.0
2646,1861,131,15,6843930.0
2647,123,328,10,12932060.0
2648,1535,367,20,36887200.0
2649,2769,255,14,36516424.0
2650,1253,71,15,27820560.0
2651,93,248,17,52274201.0
2652,1877,61,1,575239.0
2653,2163,487,8,13501776.0
2654,985,107,14,22337266.0
2655,493,67,12,8935248.0
2656,957,126,20,67431920.0
2657,2654,62,5,24956110.0
2658,805,128,18,83366388.0
2659,1978,183,13,5631782.0
2660,2364,315,6,21925644.0
2661,415,115,5,698335.0
2662,35,413,6,10052034.0
2663,1087,140,6,29210640.0
2664,317,338,18,41214114.0
2665,355,195,7,32116021.0
2666,1316,257,1,2183726.0
2667,2904,28,16,61471024.0
2668,691,301,9,31882320.0
2669,458,275,8,10042208.0
2670,1696,432,10,38831020.0
2671,298,349,15,8907015.0
2672,2089,159,9,25282521.0
2673,2064,31,5,4681295.0
2674,2451,182,18,86342580.0
2675,925,296,6,12020238.0
2676,1931,96,15,74949630.0
2677,911,244,18,31178952.0
2678,1280,25,18,62195148.0
2679,2668,263,17,2061675.0
2680,1151,349,1,593801.0
2681,178,167,9,44067789.0
2682,2033,85,8,1671232.0
2683,720,227,10,11499610.0
2684,1117,193,5,21414795.0
2685,1500,317,10,40267840.0
2686,1226,393,15,52995330.0
2687,975,112,16,16898304.0
2688,1798,285,16,55483600.0
2689,1137,188,19,82607972.0
2690,238,443,13,4706221.0
2691,1179,261,6,11082534.0
2692,617,393,14,49462308.0
2693,28,207,6,17894634.0
2694,2919,65,5,9596010.0
2695,2904,57,3,3756744.0
2696,2106,18,13,36249291.0
2697,2917,190,4,18397160.0
2698,1800,437,7,16368079.0
2699,486,222,8,23799832.0
2700,2450,110,15,62448210.0
2701,2100,264,19,88952965.0
2702,2438,60,1,2429571.0
2703,1235,201,3,11028516.0
2704,2080,485,10,23661450.0
2705,406,284,20,88849880.0
2706,1395,115,7,977669.0
2707,1343,153,5,18663940.0
2708,453,251,11,49847380.0
2709,2821,120,17,36009128.0
2710,2683,90,17,45963988.0
2711,1158,374,4,15593136.0
2712,2773,101,15,28926585.0
2713,1570,31,2,1872518.0
2714,1706,418,11,28846114.0
2715,846,476,7,13911660.0
2716,2634,296,20,40067460.0
2717,1664,21,9,40067208.0
2718,409,372,8,39799088.0
2719,15,382,19,77784157.0
2720,2767,235,12,28535700.0
2721,2852,414,15,72190485.0
2722,2698,388,2,2619382.0
2723,167,490,2,708242.0
2724,1521,196,20,23611000.0
2725,1710,286,5,23380030.0
2726,1424,77,2,6028378.0
2727,247,51,7,16733437.0
2728,202,208,3,14105970.0
2729,2054,103,9,14705325.0
2730,111,170,7,21929950.0
2731,1411,311,11,33502238.0
2732,2832,97,9,36191376.0
2733,617,343,14,13701534.0
2734,1814,144,8,35491824.0
2735,1733,495,3,4327209.0
2736,920,191,8,28761240.0
2737,2704,162,10,15750240.0
2738,218,387,4,6848660.0
2739,561,18,3,8365221.0
2740,556,315,12,43851288.0
2741,656,323,11,18691409.0
2742,1888,171,18,4613508.0
2743,2555,422,7,19412274.0
2744,626,93,3,7850448.0
2745,935,339,16,13152192.0
2746,960,240,3,3677997.0
2747,780,482,8,14930480.0
2748,1751,38,2,4656042.0
2749,1414,162,17,26775408.0
2750,233,71,15,27820560.0
2751,456,202,1,1375295.0
2752,1797,113,13,8386638.0
2753,2557,429,14,28531622.0
2754,184,494,2,3983234.0
2755,2684,361,2,5508732.0
2756,1215,176,2,9916586.0
2757,550,79,15,54325350.0
2758,62,366,8,2676568.0
2759,2621,434,4,16860768.0
2760,998,250,10,17951680.0
2761,1736,45,7,13487803.0
2762,1820,476,17,33785460.0
2763,2240,258,18,48837582.0
2764,1613,239,16,38907152.0
2765,2709,487,13,21940386.0
2766,951,171,9,2306754.0
2767,1778,437,12,28059564.0
2768,2246,335,2,9041060.0
2769,526,246,3,11047968.0
2770,738,361,3,8263098.0
2771,1682,22,2,605362.0
2772,1030,252,16,55227168.0
2773,888,440,12,44507304.0
2774,970,119,18,71319744.0
2775,2043,155,19,22580322.0
2776,2597,470,5,12943265.0
2777,102,297,4,9688004.0
2778,2497,267,19,24847421.0
2779,2736,303,13,43354727.0
2780,316,203,11,45699027.0
2781,2088,67,1,744604.0
2782,1100,195,11,50468033.0
2783,1460,39,18,32677632.0
2784,2805,305,11,48626050.0
2785,1979,411,20,12851040.0
2786,653,5,10,26651090.0
2787,800,39,13,23600512.0
2788,873,236,17,77610457.0
2789,1035,298,2,3518144.0
2790,2912,306,3,6798714.0
2791,1344,360,6,6955536.0
2792,902,145,1,555852.0
2793,171,34,5,13929725.0
2794,1255,362,7,632086.0
2795,2823,140,13,63289720.0
2796,1627,438,12,23175612.0
2797,2102,449,20,33324560.0
2798,2581,55,9,33111765.0
2799,2749,386,17,17024565.0
2800,1220,184,15,3917400.0
2801,524,346,4,11910232.0
2802,718,422,11,30505002.0
2803,1360,77,20,60283780.0
2804,1616,186,16,23702688.0
2805,2079,432,13,50480326.0
2806,1252,285,14,48548150.0
2807,1802,235,18,42803550.0
2808,2501,429,10,20379730.0
2809,297,168,20,57083640.0
2810,2979,116,17,21080442.0
2811,501,159,10,28091690.0
2812,29,191,9,32356395.0
2813,993,362,1,90298.0
2814,201,36,15,2111085.0
2815,2107,269,14,67997860.0
2816,1354,237,18,31986522.0
2817,1876,229,13,54575209.0
2818,388,439,6,2253612.0
2819,430,17,16,62254320.0
2820,1935,64,16,26145824.0
2821,2928,196,10,11805500.0
2822,2799,55,10,36790850.0
2823,2413,218,14,24487092.0
2824,2982,43,12,44114700.0
2825,1295,181,17,23708030.0
2826,2821,472,4,4089264.0
2827,1140,114,19,69289504.0
2828,347,342,10,16492290.0
2829,978,295,5,21234345.0
2830,1977,301,16,56679680.0
2831,944,313,2,3086308.0
2832,2147,495,8,11539224.0
2833,142,407,14,46863922.0
2834,2335,172,16,23556864.0
2835,2729,221,15,31222770.0
2836,916,455,8,15435480.0
2837,1912,458,11,50731384.0
2838,1576,206,5,3050720.0
2839,307,461,9,39386979.0
2840,1091,300,20,93879100.0
2841,303,473,17,73886794.0
2842,2536,389,8,7005416.0
2843,1727,491,2,1361496.0
2844,2977,305,14,61887700.0
2845,1969,421,14,33081174.0
2846,1769,491,1,680748.0
2847,1425,199,19,52468462.0
2848,187,204,5,6605610.0
2849,2965,341,18,5206662.0
2850,2737,97,18,72382752.0
2851,2939,144,5,22182390.0
2852,2978,269,6,29141940.0
2853,2319,20,18,28266642.0
2854,2018,126,17,57317132.0
2855,770,93,20,52336320.0
2856,1359,107,16,25528304.0
2857,2300,108,3,10456608.0
2858,894,313,9,13888386.0
2859,1437,408,19,88749076.0
2860,2287,400,13,8864713.0
2861,1884,443,1,362017.0
2862,2615,369,18,77559570.0
2863,1199,379,3,10145514.0
2864,609,492,7,33812359.0
2865,217,250,3,5385504.0
2866,2596,250,19,34108192.0
2867,12,453,6,14713230.0
2868,723,462,13,8799310.0
2869,1944,101,16,30855024.0
2870,1624,207,15,44736585.0
2871,1518,332,12,598620.0
2872,1380,76,5,21581965.0
2873,1241,450,12,10387980.0
2874,916,429,11,22417703.0
2875,408,213,9,23764977.0
2876,2530,215,9,6234372.0
2877,535,489,11,51879762.0
2878,510,488,6,20318352.0
2879,1468,322,10,10899290.0
2880,1194,368,12,11532396.0
2881,2540,230,20,53308280.0
2882,799,410,12,41399724.0
2883,1498,71,7,12982928.0
2884,1841,254,10,36125470.0
2885,1656,438,7,13519107.0
2886,1278,273,17,68507926.0
2887,1368,363,13,40043458.0
2888,293,325,8,26863584.0
2889,1518,399,12,35983968.0
2890,1537,21,10,44519120.0
2891,1255,239,1,2431697.0
2892,1838,104,14,29192156.0
2893,2450,424,11,212718.0
2894,1470,134,9,21484647.0
2895,2670,19,15,73732380.0
2896,1132,218,18,31483404.0
2897,2684,85,6,1253424.0
2898,1329,12,13,48241219.0
2899,2190,61,5,2876195.0
2900,276,241,18,22640796.0
2901,56,225,18,56686932.0
2902,1387,213,4,10562212.0
2903,985,407,15,50211345.0
2904,1816,295,2,8493738.0
2905,871,299,15,8292180.0
2906,1660,182,5,23984050.0
2907,2964,206,4,2440576.0
2908,986,156,13,3889262.0
2909,26,250,12,21542016.0
2910,2668,36,14,1970346.0
2911,1410,350,4,3791704.0
2912,1688,78,15,35349720.0
2913,2693,27,12,778800.0
2914,1736,233,5,410200.0
2915,811,402,11,12126455.0
2916,769,398,15,31136835.0
2917,2420,48,15,62922915.0
2918,452,337,20,7637020.0
2919,1754,206,13,7931872.0
2920,2737,100,11,10319496.0
2921,1056,464,11,28783403.0
2922,419,260,2,9453656.0
2923,62,475,11,47454715.0
2924,114,377,8,25251416.0
2925,2705,238,10,14422090.0
2926,756,359,14,43729672.0
2927,2313,423,16,55957120.0
2928,685,18,7,19518849.0
2929,2969,120,10,21181840.0
2930,1881,205,19,17359787.0
2931,2019,237,2,3554058.0
2932,1800,134,4,9548732.0
2933,2064,43,5,18381125.0
2934,1751,474,9,29190825.0
2935,506,357,16,17903376.0
2936,2356,440,13,48216246.0
2937,1727,469,12,59523600.0
2938,1475,217,10,4635080.0
2939,1939,170,18,56391300.0
2940,2199,250,15,26927520.0
2941,378,459,6,6071946.0
2942,609,470,2,5177306.0
2943,2241,57,3,3756744.0
2944,1268,44,19,36823102.0
2945,1146,83,14,69903442.0
2946,1630,218,20,34981560.0
2947,1689,10,6,26070408.0
2948,223,64,8,13072912.0
2949,2463,290,9,17561880.0
2950,2959,373,19,38595574.0
2951,2791,340,3,8162655.0
2952,661,422,14,38824548.0
2953,80,460,13,3306992.0
2954,2679,453,16,39235280.0
2955,1013,142,4,9316444.0
2956,2546,274,7,3507679.0
2957,1062,60,13,31584423.0
2958,621,302,2,912472.0
2959,2172,344,16,63006800.0
2960,583,322,16,17438864.0
2961,2412,87,9,1105110.0
2962,983,90,9,24333876.0
2963,71,99,1,3727977.0
2964,1907,249,4,19373308.0
2965,936,92,17,11146441.0
2966,2357,60,2,4859142.0
2967,1836,492,13,62794381.0
2968,188,5,6,15990654.0
2969,1829,383,13,21965515.0
2970,129,438,10,19313010.0
2971,1003,137,20,11388420.0
2972,631,237,6,10662174.0
2973,2841,61,11,6327629.0
2974,591,71,9,16692336.0
2975,2259,211,8,7758568.0
2976,896,417,20,3363680.0
2977,2191,487,12,20252664.0
2978,1627,183,11,4765354.0
2979,2737,317,18,72482112.0
2980,2764,412,3,12941652.0
2981,2417,98,8,14903184.0
2982,2692,387,13,22258145.0
2983,383,231,10,13062450.0
2984,632,464,7,18316711.0
2985,1820,207,13,38771707.0
2986,1851,270,2,3756820.0
2987,1346,101,20,38568780.0
2988,1155,341,4,1157036.0
2989,2973,395,12,14562012.0
2990,1588,302,3,1368708.0
2991,754,284,18,79964892.0
2992,1489,285,17,58951325.0
2993,1029,213,2,5281106.0
2994,1419,376,19,24642544.0
2995,1463,12,9,33397767.0
2996,1703,354,6,17883420.0
2997,1206,278,3,5379363.0
2998,1626,50,16,71212496.0
2999,302,3,18,49356756.0
3000,1808,379,17,57491246.0
3001,331,104,16,33362464.0
3002,2924,266,1,2819885.0
3003,1638,354,14,41727980.0
3004,1465,35,1,4718093.0
3005,1298,342,9,14843061.0
3006,2304,308,6,8284074.0
3007,696,440,11,40798362.0
3008,307,312,8,26933984.0
3009,976,260,8,37814624.0
3010,2817,2,17,7109553.0
3011,1824,15,15,3909510.0
3012,2333,487,13,21940386.0
3013,439,277,3,5939583.0
3014,879,393,4,14132088.0
3015,2596,347,9,34235532.0
3016,1349,420,16,47211072.0
3017,75,114,13,47408608.0
3018,2383,333,13,31374850.0
3019,2609,189,6,13147782.0
3020,682,250,2,3590336.0
3021,1237,344,8,31503400.0
3022,468,157,20,38663600.0
3023,1475,319,1,3212799.0
3024,394,483,15,43432080.0
3025,1146,237,11,19547319.0
3026,860,380,20,36083300.0
3027,2959,463,4,17673504.0
3028,785,144,3,13309434.0
3029,2249,253,2,4083298.0
3030,2766,488,17,57568664.0
3031,2400,239,4,9726788.0
3032,1600,243,7,5894413.0
3033,2253,359,17,53100316.0
3034,2712,75,2,2880912.0
3035,1204,145,6,3335112.0
3036,2548,460,13,3306992.0
3037,1175,243,14,11788826.0
3038,1533,16,9,6484239.0
3039,1439,393,16,56528352.0
3040,2785,91,6,23847228.0
3041,986,402,8,8819240.0
3042,2388,58,9,22245021.0
3043,931,497,18,4472694.0
3044,746,41,7,19101516.0
3045,1770,382,20,81878060.0
3046,30,418,12,31468488.0
3047,2170,68,8,17289320.0
3048,1295,100,17,15948312.0
3049,875,174,19,1969692.0
3050,2153,310,3,12018312.0
3051,2204,339,18,14796216.0
3052,2278,39,5,9077120.0
3053,230,140,6,29210640.0
3054,996,389,9,7881093.0
3055,1499,200,14,22832894.0
3056,2707,34,19,52932955.0
3057,945,141,3,8211525.0
3058,2737,30,1,3515080.0
3059,2285,480,20,82757840.0
3060,1103,160,1,876207.0
3061,2673,245,16,20059184.0
3062,456,209,10,23678320.0
3063,1825,88,19,19472625.0
3064,1503,150,14,28541772.0
3065,560,297,11,26642011.0
3066,2720,34,4,11143780.0
3067,2928,332,19,947815.0
3068,1792,165,19,72448843.0
3069,1496,231,6,7837470.0
3070,2809,287,11,39502441.0
3071,1376,482,6,11197860.0
3072,113,437,14,32736158.0
3073,791,32,18,83848860.0
3074,225,407,13,43516499.0
3075,2416,324,10,44941780.0
3076,373,74,5,2095500.0
3077,1368,338,14,32055422.0
3078,623,59,20,52716020.0
3079,1899,137,15,8541315.0
3080,1442,54,20,29341240.0
3081,1291,160,14,12266898.0
3082,1936,293,14,65242562.0
3083,1590,7,13,30164290.0
3084,1734,256,4,4828280.0
3085,2080,73,20,7587340.0
3086,395,220,5,17811495.0
3087,1028,78,6,14139888.0
3088,1977,111,20,74126680.0
3089,1765,381,2,1990838.0
3090,2242,218,20,34981560.0
3091,376,142,2,4658222.0
3092,1987,307,7,156450.0
3093,364,279,9,20726046.0
3094,334,90,14,37852696.0
3095,2368,486,17,81436052.0
3096,371,139,14,65734326.0
3097,1475,104,6,12510924.0
3098,1948,294,17,40548162.0
3099,1025,329,2,5149716.0
3100,2150,51,10,23904910.0
3101,1118,359,4,12494192.0
3102,1999,322,1,1089929.0
3103,139,111,7,25944338.0
3104,1433,220,16,56996784.0
3105,1782,155,2,2376876.0
3106,956,499,13,61044113.0
3107,444,453,13,31878665.0
3108,2466,266,12,33838620.0
3109,798,26,10,17866260.0
3110,15,486,14,67064984.0
3111,700,327,17,28041262.0
3112,637,406,1,3665299.0
3113,1334,118,18,51647796.0
3114,2125,268,12,46588824.0
3115,1946,22,9,2724129.0
3116,67,477,4,15053932.0
3117,2924,419,10,43164210.0
3118,2196,338,3,6869019.0
3119,842,138,3,3658107.0
3120,1558,232,16,21526048.0
3121,2968,317,19,76508896.0
3122,2109,122,14,5967220.0
3123,2547,431,11,44708290.0
3124,1981,406,7,25657093.0
3125,628,399,12,35983968.0
3126,2446,288,6,22754964.0
3127,2422,165,13,49570261.0
3128,2249,212,5,3958650.0
3129,200,344,15,59068875.0
3130,1874,233,13,1066520.0
3131,2478,61,15,8628585.0
3132,1521,490,1,354121.0
3133,949,264,2,9363470.0
3134,878,282,2,2994496.0
3135,1721,176,7,34708051.0
3136,35,223,14,26296648.0
3137,1974,44,5,9690290.0
3138,2568,77,5,15070945.0
3139,747,170,3,9398550.0
3140,1789,92,4,2622692.0
3141,2857,138,1,1219369.0
3142,2866,63,12,35580612.0
3143,2075,114,20,72936320.0
3144,2703,146,12,44625432.0
3145,2643,461,14,61268634.0
3146,704,266,4,11279540.0
3147,980,228,16,14706752.0
3148,1190,476,14,27823320.0
3149,2247,386,8,8011560.0
3150,1252,289,20,9741220.0
3151,698,453,19,46591895.0
3152,1053,448,13,52048178.0
3153,1482,108,14,48797504.0
3154,1132,29,12,43180632.0
3155,2164,163,14,56033124.0
3156,2460,300,17,79797235.0
3157,395,412,17,73336028.0
3158,1379,161,4,14567096.0
3159,333,329,2,5149716.0
3160,885,372,13,64673518.0
3161,928,302,1,456236.0
3162,2566,335,15,67807950.0
3163,540,322,14,15259006.0
3164,283,232,16,21526048.0
3165,662,390,3,14489625.0
3166,802,274,4,2004388.0
3167,2876,105,17,12361635.0
3168,2174,379,15,50727570.0
3169,2303,238,9,12979881.0
3170,129,45,4,7707316.0
3171,403,464,7,18316711.0
3172,1649,387,19,32531135.0
3173,1613,320,12,40939176.0
3174,2294,368,5,4805165.0
3175,1175,109,8,35047128.0
3176,2014,253,4,8166596.0
3177,2880,409,3,10003305.0
3178,135,324,9,40447602.0
3179,2361,488,6,20318352.0
3180,42,155,12,14261256.0
3181,37,430,3,13560867.0
3182,2598,233,13,1066520.0
3183,2720,425,14,66053792.0
3184,145,234,20,25439340.0
3185,2608,383,5,8448275.0
3186,487,385,11,48415554.0
3187,2720,314,20,57268980.0
3188,1825,242,16,56057056.0
3189,1719,433,9,9171828.0
3190,1416,101,10,19284390.0
3191,1440,176,3,14874879.0
3192,2664,372,12,59698632.0
3193,2003,212,9,7125570.0
3194,2307,136,1,4264875.0
3195,1752,474,6,19460550.0
3196,2417,442,13,3732235.0
3197,2105,199,14,38660972.0
3198,481,229,9,37782837.0
3199,1000,448,6,24022236.0
3200,15,118,6,17215932.0
3201,1800,306,15,33993570.0
3202,1749,282,1,1497248.0
3203,1644,232,5,6726890.0
3204,1055,400,10,6819010.0
3205,2860,4,1,4720678.0
3206,2942,380,10,18041650.0
3207,2812,347,7,26627636.0
3208,1326,180,12,31564632.0
3209,2035,362,20,1805960.0
3210,1229,114,1,3646816.0
3211,2379,132,5,6318115.0
3212,2077,285,12,41612700.0
3213,1825,162,6,9450144.0
3214,955,390,14,67618250.0
3215,1534,95,8,17283064.0
3216,1441,294,13,31007418.0
3217,2158,221,20,41630360.0
3218,810,249,16,77493232.0
3219,1461,359,18,56223864.0
3220,1992,326,10,37645310.0
3221,81,399,8,23989312.0
3222,1172,313,4,6172616.0
3223,663,47,13,58495710.0
3224,1029,46,1,1721970.0
3225,341,295,3,12740607.0
3226,2729,462,19,12860530.0
3227,2947,402,11,12126455.0
3228,1114,452,11,23714955.0
3229,2977,316,9,32577246.0
3230,2840,175,1,1951103.0
3231,1367,49,12,54243012.0
3232,2838,338,8,18317384.0
3233,4,260,11,51995108.0
3234,766,460,19,4833296.0
3235,1135,53,2,4722952.0
3236,1319,71,15,27820560.0
3237,2804,119,3,11886624.0
3238,1357,180,15,39455790.0
3239,2441,466,16,57542768.0
3240,1437,427,15,18535545.0
3241,1684,58,8,19773352.0
3242,674,151,16,49628352.0
3243,489,374,10,38982840.0
3244,2599,278,1,1793121.0
3245,2379,50,19,84564839.0
3246,1352,486,10,47903560.0
3247,684,13,15,41774655.0
3248,2560,279,17,39149198.0
3249,997,445,12,35718072.0
3250,880,398,10,20757890.0
3251,1241,111,7,25944338.0
3252,2050,453,6,14713230.0
3253,905,317,5,20133920.0
3254,2426,448,8,32029648.0
3255,2749,127,16,42655088.0
3256,980,69,8,3811808.0
3257,780,154,20,67690760.0
3258,1511,35,15,70771395.0
3259,1149,206,15,9152160.0
3260,1222,171,19,4869814.0
3261,1531,329,11,28323438.0
3262,2647,426,14,17390534.0
3263,411,117,8,13870064.0
3264,641,351,16,4914400.0
3265,531,488,16,54182272.0
3266,2160,261,7,12929623.0
3267,1520,84,1,764573.0
3268,833,356,7,12294520.0
3269,1433,376,20,25939520.0
3270,2237,351,16,4914400.0
3271,1604,320,20,68231960.0
3272,118,252,6,20710188.0
3273,113,239,1,2431697.0
3274,56,197,18,86307210.0
3275,2543,92,15,9835095.0
3276,2468,36,9,1266651.0
3277,109,387,20,34243300.0
3278,1098,218,18,31483404.0
3279,2254,92,4,2622692.0
3280,1300,123,8,34352392.0
3281,1680,496,7,34162569.0
3282,2128,160,3,2628621.0
3283,2505,469,10,49603000.0
3284,2762,85,8,1671232.0
3285,2682,163,9,36021294.0
3286,1995,412,7,30197188.0
3287,2909,326,18,67761558.0
3288,1933,108,14,48797504.0
3289,2503,417,16,2690944.0
3290,2679,132,5,6318115.0
3291,694,115,20,2793340.0
3292,1222,399,18,53975952.0
3293,870,437,17,39751049.0
3294,1807,149,3,1188039.0
3295,2990,361,9,24789294.0
3296,1491,343,7,6850767.0
3297,1262,398,3,6227367.0
3298,2351,211,3,2909463.0
3299,2350,44,5,9690290.0
3300,578,311,18,54821844.0
3301,619,348,5,22892510.0
3302,663,215,7,4848956.0
3303,2142,452,7,15091335.0
3304,509,309,13,24135644.0
3305,2306,89,12,53058816.0
3306,2850,489,17,80177814.0
3307,2628,403,6,23053068.0
3308,2866,238,10,14422090.0
3309,627,284,10,44424940.0
3310,180,478,7,29898596.0
3311,2323,464,17,44483441.0
3312,360,118,17,48778474.0
3313,2211,191,8,28761240.0
3314,2055,159,10,28091690.0
3315,970,151,9,27915948.0
3316,1955,2,15,6273135.0
3317,234,96,1,4996642.0
3318,1347,471,12,43781220.0
3319,999,409,19,63354265.0
3320,1617,353,20,66146820.0
3321,272,303,1,3334979.0
3322,995,29,13,46779018.0
3323,1550,40,1,587768.0
3324,711,187,20,67501260.0
3325,1189,187,13,43875819.0
3326,1602,325,20,67158960.0
3327,1581,413,16,26805424.0
3328,1818,136,8,34119000.0
3329,748,215,19,13161452.0
3330,728,68,13,28095145.0
3331,2142,81,20,52526940.0
3332,1247,353,5,16536705.0
3333,2120,214,5,20661200.0
3334,1702,401,18,30401712.0
3335,2982,475,10,43140650.0
3336,1987,408,9,42039036.0
3337,521,412,14,60394376.0
3338,2834,18,19,52979733.0
3339,927,211,10,9698210.0
3340,1801,294,15,35777790.0
3341,255,218,16,27985248.0
3342,320,27,8,519200.0
3343,1512,223,12,22539984.0
3344,2946,157,6,11599080.0
3345,1573,36,6,844434.0
3346,273,175,18,35119854.0
3347,1641,135,14,23633316.0
3348,1031,194,2,8805656.0
3349,475,314,20,57268980.0
3350,963,102,18,64601514.0
3351,1058,261,5,9235445.0
3352,1771,341,7,2024813.0
3353,1332,169,11,47305280.0
3354,912,222,18,53549622.0
3355,1374,392,14,45267740.0
3356,2679,442,9,2583855.0
3357,336,349,5,2969005.0
3358,2391,477,16,60215728.0
3359,1965,490,7,2478847.0
3360,1304,403,16,61474848.0
3361,1095,139,12,56343708.0
3362,1135,500,8,14712832.0
3363,1561,420,14,41309688.0
3364,355,108,20,69710720.0
3365,2783,56,6,20791872.0
3366,707,462,8,5414960.0
3367,280,11,7,4529315.0
3368,753,446,14,56115738.0
3369,1059,397,6,14027280.0
3370,874,226,1,391552.0
3371,1032,343,2,1957362.0
3372,1400,344,12,47255100.0
3373,2261,397,4,9351520.0
3374,2974,473,13,56501666.0
3375,2137,276,20,5138280.0
3376,279,384,18,24097140.0
3377,597,269,3,14570970.0
3378,396,282,14,20961472.0
3379,1543,332,12,598620.0
3380,2333,477,3,11290449.0
3381,2248,54,11,16137682.0
3382,2209,223,8,15026656.0
3383,2564,466,15,53946345.0
3384,1771,356,4,7025440.0
3385,1828,429,16,32607568.0
3386,1260,21,20,89038240.0
3387,607,351,10,3071500.0
3388,1183,465,8,3682816.0
3389,419,33,4,7204536.0
3390,2255,399,14,41981296.0
3391,2092,357,4,4475844.0
3392,2353,461,13,56892303.0
3393,1318,351,9,2764350.0
3394,2744,313,12,18517848.0
3395,2686,403,17,65317026.0
3396,2927,471,6,21890610.0
3397,2271,96,9,44969778.0
3398,2380,367,14,25821040.0
3399,589,414,14,67377786.0
3400,939,33,9,16210206.0
3401,2248,359,3,9370644.0
3402,1356,128,16,74103456.0
3403,2149,456,11,46926979.0
3404,1696,450,8,6925320.0
3405,1116,181,14,19524260.0
3406,2028,337,2,763702.0
3407,2828,6,2,3932636.0
3408,1524,120,9,19063656.0
3409,1055,460,18,4578912.0
3410,1775,23,4,3397624.0
3411,1274,232,1,1345378.0
3412,975,399,12,35983968.0
3413,779,2,2,836418.0
3414,2009,264,15,70226025.0
3415,2023,458,9,41507496.0
3416,1421,443,15,5430255.0
3417,1278,127,17,45321031.0
3418,2977,329,4,10299432.0
3419,2377,434,7,29506344.0
3420,1883,249,18,87179886.0
3421,2311,403,7,26895246.0
3422,2206,152,5,24075705.0
3423,2105,102,1,3588973.0
3424,1489,141,8,21897400.0
3425,2891,268,7,27176814.0
3426,1982,113,1,645126.0
3427,2711,499,17,79826917.0
3428,625,426,8,9937448.0
3429,2859,378,6,18071082.0
3430,509,276,14,3596796.0
3431,516,251,20,90631600.0
3432,2493,333,8,19307600.0
3433,2916,406,17,62310083.0
3434,825,435,14,50927800.0
3435,1364,340,6,16325310.0
3436,1373,221,2,4163036.0
3437,2350,214,6,24793440.0
3438,1694,190,11,50592190.0
3439,516,209,11,26046152.0
3440,1186,409,1,3334435.0
3441,1145,118,4,11477288.0
3442,1360,28,15,57629085.0
3443,495,117,18,31207644.0
3444,700,19,5,24577460.0
3445,2914,147,13,52346827.0
3446,2351,43,11,40438475.0
3447,516,456,11,46926979.0
3448,1319,328,5,6466030.0
3449,2889,440,6,22253652.0
3450,96,75,20,28809120.0
3451,880,241,1,1257822.0
3452,1340,241,14,17609508.0
3453,149,72,3,9019398.0
3454,2206,388,18,23574438.0
3455,400,153,15,55991820.0
3456,1861,288,15,56887410.0
3457,1709,404,19,83834897.0
3458,1250,396,16,28442368.0
3459,1927,423,5,17486600.0
3460,2905,330,13,32910748.0
3461,2875,128,14,64840524.0
3462,1943,366,6,2007426.0
3463,2516,357,17,19022337.0
3464,2787,299,18,9950616.0
3465,83,116,20,24800520.0
3466,1642,484,11,1034341.0
3467,2460,463,12,53020512.0
3468,2744,369,18,77559570.0
3469,1631,400,12,8182812.0
3470,676,248,13,39974389.0
3471,1843,53,9,21253284.0
3472,2661,236,19,86741099.0
3473,1985,297,16,38752016.0
3474,378,174,6,622008.0
3475,786,317,13,52348192.0
3476,2514,8,4,10725480.0
3477,3000,324,10,44941780.0
3478,1312,169,11,47305280.0
3479,1096,274,17,8518649.0
3480,1232,159,18,50565042.0
3481,2794,313,5,7715770.0
3482,852,431,5,20321950.0
3483,2539,29,3,10795158.0
3484,2645,55,19,69902615.0
3485,2062,487,11,18564942.0
3486,2061,207,1,2982439.0
3487,2248,316,14,50675716.0
3488,2912,336,8,33407584.0
3489,315,427,16,19771248.0
3490,2309,95,16,34566128.0
3491,1469,149,16,6336208.0
3492,2031,283,3,3161784.0
3493,982,357,5,5594805.0
3494,1607,164,11,5071121.0
3495,1944,444,13,6682663.0
3496,2854,336,10,41759480.0
3497,277,124,5,23955250.0
3498,2656,136,4,17059500.0
3499,2063,457,8,31143352.0
3500,885,342,15,24738435.0
3501,1358,264,6,28090410.0
3502,671,432,3,11649306.0
3503,2102,478,8,34169824.0
3504,2357,53,2,4722952.0
3505,729,258,8,21705592.0
3506,2528,402,4,4409620.0
3507,1336,83,3,14979309.0
3508,2858,248,3,9224859.0
3509,430,71,1,1854704.0
3510,1407,106,1,3772753.0
3511,1048,388,11,14406601.0
3512,1060,48,8,33558888.0
3513,227,441,16,7648160.0
3514,295,96,7,34976494.0
3515,1460,290,6,11707920.0
3516,1450,371,17,61694853.0
3517,784,339,4,3288048.0
3518,1864,214,6,24793440.0
3519,74,459,19,19227829.0
3520,2658,300,1,4693955.0
3521,1635,248,15,46124295.0
3522,1632,101,9,17355951.0
3523,2313,137,9,5124789.0
3524,1813,270,1,1878410.0
3525,1819,498,13,46414758.0
3526,2701,306,19,43058522.0
3527,249,59,12,31629612.0
3528,510,369,10,43088650.0
3529,656,21,1,4451912.0
3530,1875,164,19,8759209.0
3531,658,101,2,3856878.0
3532,2658,202,5,6876475.0
3533,1910,276,3,770742.0
3534,1396,10,7,30415476.0
3535,31,147,6,24160074.0
3536,201,260,15,70902420.0
3537,1826,435,18,65478600.0
3538,1589,477,7,26344381.0
3539,1559,260,15,70902420.0
3540,2813,65,7,13434414.0
3541,217,128,1,4631466.0
3542,1027,432,11,42714122.0
3543,489,243,3,2526177.0
3544,2770,432,19,73778938.0
3545,1633,74,12,5029200.0
3546,1412,269,20,97139800.0
3547,2550,261,8,14776712.0
3548,635,210,16,77657728.0
3549,880,125,3,9328104.0
3550,580,441,8,3824080.0
3551,376,459,15,15179865.0
3552,412,88,7,7174125.0
3553,791,103,20,32678500.0
3554,2147,402,15,16536075.0
3555,2444,251,18,81568440.0
3556,1723,470,8,20709224.0
3557,2193,338,3,6869019.0
3558,2380,215,20,13854160.0
3559,811,93,12,31401792.0
3560,606,71,3,5564112.0
3561,1717,484,8,752248.0
3562,1308,461,11,48139641.0
3563,666,493,5,22678510.0
3564,2852,345,17,57230296.0
3565,461,469,5,24801500.0
3566,22,80,17,80088955.0
3567,834,65,8,15353616.0
3568,120,245,1,1253699.0
3569,1705,451,4,19668376.0
3570,1826,477,3,11290449.0
3571,517,90,2,5407528.0
3572,480,410,2,6899954.0
3573,2326,241,1,1257822.0
3574,1317,327,8,13195888.0
3575,456,499,9,42261309.0
3576,1521,65,3,5757606.0
3577,1329,144,9,39928302.0
3578,919,319,10,32127990.0
3579,1725,417,4,672736.0
3580,1696,413,19,31831441.0
3581,206,24,19,82967832.0
3582,1044,396,1,1777648.0
3583,16,181,12,16735080.0
3584,2608,410,7,24149839.0
3585,309,43,10,36762250.0
3586,75,87,2,245580.0
3587,31,332,19,947815.0
3588,633,498,17,60696222.0
3589,1188,29,12,43180632.0
3590,2977,117,5,8668790.0
3591,1562,428,16,70618160.0
3592,60,468,12,18757164.0
3593,1630,275,15,18829140.0
3594,133,176,13,64457809.0
3595,224,63,7,20755357.0
3596,1529,495,6,8654418.0
3597,1356,261,6,11082534.0
3598,1309,211,5,4849105.0
3599,2854,343,4,3914724.0
3600,15,11,18,11646810.0
3601,2365,262,5,15569465.0
3602,262,360,15,17388840.0
3603,2951,257,9,19653534.0
3604,842,459,1,1011991.0
3605,2013,65,11,21111222.0
3606,1480,143,7,7405776.0
3607,2534,145,16,8893632.0
3608,670,14,11,2675431.0
3609,350,328,10,12932060.0
3610,2754,484,15,1410465.0
3611,2247,448,10,40037060.0
3612,1352,174,14,1451352.0
3613,378,118,16,45909152.0
3614,1742,4,6,28324068.0
3615,1803,493,1,4535702.0
3616,2179,379,13,43963894.0
3617,475,69,5,2382380.0
3618,547,83,9,44937927.0
3619,419,216,18,72418104.0
3620,1816,406,3,10995897.0
3621,125,298,8,14072576.0
3622,2475,460,17,4324528.0
3623,1464,187,14,47250882.0
3624,1048,55,3,11037255.0
3625,2362,193,8,34263672.0
3626,100,381,16,15926704.0
3627,742,14,16,3891536.0
3628,69,465,3,1381056.0
3629,1833,20,19,29837011.0
3630,1255,115,17,2374339.0
3631,1488,79,7,25351830.0
3632,1394,476,16,31798080.0
3633,2164,263,3,363825.0
3634,802,385,3,13204242.0
3635,1177,366,6,2007426.0
3636,2267,357,5,5594805.0
3637,74,421,1,2362941.0
3638,1734,91,10,39745380.0
3639,1673,167,17,83239157.0
3640,1820,143,4,4231872.0
3641,2758,58,1,2471669.0
3642,2045,86,4,12085136.0
3643,646,493,7,31749914.0
3644,1500,118,7,20085254.0
3645,640,91,19,75516222.0
3646,2601,137,18,10249578.0
3647,767,349,18,10688418.0
3648,646,73,5,1896835.0
3649,54,350,2,1895852.0
3650,2882,177,6,20047206.0
3651,2009,34,4,11143780.0
3652,1063,298,12,21108864.0
3653,285,255,16,41733056.0
3654,986,407,13,43516499.0
3655,2004,219,1,3509404.0
3656,1457,277,3,5939583.0
3657,649,182,13,62358530.0
3658,1870,454,14,22294286.0
3659,593,189,6,13147782.0
3660,1670,261,3,5541267.0
3661,405,357,8,8951688.0
3662,2828,96,18,89939556.0
3663,981,61,16,9203824.0
3664,2489,280,15,16459050.0
3665,2154,182,10,47968100.0
3666,1416,237,8,14216232.0
3667,2910,375,9,14044941.0
3668,2420,118,20,57386440.0
3669,1588,500,9,16551936.0
3670,1709,337,7,2672957.0
3671,2898,291,17,56918142.0
3672,2878,430,2,9040578.0
3673,2265,109,14,61332474.0
3674,1866,282,8,11977984.0
3675,1988,72,1,3006466.0
3676,56,304,20,45306060.0
3677,2531,338,13,29765749.0
3678,1672,15,14,3648876.0
3679,1029,166,19,38656830.0
3680,2795,37,4,11374872.0
3681,2488,212,7,5542110.0
3682,2856,67,8,5956832.0
3683,2041,334,16,19692176.0
3684,2836,85,14,2924656.0
3685,2779,26,8,14293008.0
3686,350,216,12,48278736.0
3687,2241,119,4,15848832.0
3688,2445,417,14,2354576.0
3689,480,413,3,5026017.0
3690,2021,252,15,51775470.0
3691,608,327,14,23092804.0
3692,2887,117,15,26006370.0
3693,880,215,10,6927080.0
3694,2580,182,14,67155340.0
3695,2356,9,3,13727310.0
3696,1111,487,15,25315830.0
3697,702,484,8,752248.0
3698,481,352,17,23491841.0
3699,2818,37,16,45499488.0
3700,1916,446,17,68140539.0
3701,1036,148,4,15629140.0
3702,1138,461,4,17505324.0
3703,740,421,13,30718233.0
3704,1515,398,17,35288413.0
3705,1279,370,3,9574875.0
3706,1243,198,18,74867346.0
3707,522,220,7,24936093.0
3708,2425,233,10,820400.0
3709,1152,284,16,71079904.0
3710,330,180,17,44716562.0
3711,1011,232,12,16144536.0
3712,465,439,1,375602.0
3713,830,52,5,14327285.0
3714,2589,109,4,17523564.0
3715,2677,279,17,39149198.0
3716,444,465,18,8286336.0
3717,1514,39,7,12707968.0
3718,2122,178,3,1679454.0
3719,298,132,2,2527246.0
3720,1956,493,1,4535702.0
3721,2859,414,5,24063495.0
3722,1539,442,19,5454805.0
3723,2262,163,9,36021294.0
3724,165,278,13,23310573.0
3725,811,492,4,19321348.0
3726,2963,313,7,10802078.0
3727,1215,198,1,4159297.0
3728,419,196,9,10624950.0
3729,848,121,3,8408427.0
3730,418,131,4,1825048.0
3731,1157,428,5,22068175.0
3732,2683,239,15,36475455.0
3733,1361,69,11,5241236.0
3734,465,85,20,4178080.0
3735,2128,393,10,35330220.0
3736,1585,359,3,9370644.0
3737,762,18,6,16730442.0
3738,1364,69,9,4288284.0
3739,2358,158,16,72765200.0
3740,305,444,2,1028102.0
3741,657,47,6,26998020.0
3742,2703,385,4,17605656.0
3743,1934,301,15,53137200.0
3744,2106,47,19,85493730.0
3745,2187,226,7,2740864.0
3746,699,441,9,4302090.0
3747,1819,131,8,3650096.0
3748,1621,441,14,6692140.0
3749,2793,189,8,17530376.0
3750,1607,6,14,27528452.0
3751,554,481,20,18049340.0
3752,1919,477,19,71506177.0
3753,1030,281,17,21630052.0
3754,2970,335,4,18082120.0
3755,1389,481,3,2707401.0
3756,456,18,11,30672477.0
3757,1574,295,7,29728083.0
3758,2157,150,18,36696564.0
3759,1356,321,1,3307060.0
3760,2680,22,12,3632172.0
3761,477,28,16,61471024.0
3762,1818,261,1,1847089.0
3763,1893,409,2,6668870.0
3764,1427,445,11,32741566.0
3765,1898,455,15,28941525.0
3766,809,26,6,10719756.0
3767,1847,182,18,86342580.0
3768,10,270,2,3756820.0
3769,1492,167,20,97928420.0
3770,330,341,12,3471108.0
3771,1200,145,10,5558520.0
3772,1807,51,10,23904910.0
3773,2398,215,19,13161452.0
3774,479,236,14,63914494.0
3775,2243,48,17,71312637.0
3776,1320,259,15,51183690.0
3777,78,56,3,10395936.0
3778,2760,196,2,2361100.0
3779,1365,245,7,8775893.0
3780,2529,157,10,19331800.0
3781,998,410,20,68999540.0
3782,963,243,1,842059.0
3783,1485,142,13,30278443.0
3784,571,205,14,12791422.0
3785,1976,491,8,5445984.0
3786,252,404,2,8824726.0
3787,1557,466,5,17982115.0
3788,2155,470,11,28475183.0
3789,339,483,5,14477360.0
3790,1237,133,8,21999976.0
3791,442,239,18,43770546.0
3792,1914,191,1,3595155.0
3793,576,325,13,43653324.0
3794,796,494,19,37840723.0
3795,1219,247,6,5511876.0
3796,2300,22,15,4540215.0
3797,447,184,15,3917400.0
3798,547,365,4,11849744.0
3799,2468,212,3,2375190.0
3800,319,36,2,281478.0
3801,1961,62,2,9982444.0
3802,727,30,19,66786520.0
3803,2444,144,10,44364780.0
3804,540,56,19,65840928.0
3805,1041,460,9,2289456.0
3806,2947,139,16,75124944.0
3807,65,84,15,11468595.0
3808,1591,341,17,4917403.0
3809,1930,1,5,13449440.0
3810,2014,122,9,3836070.0
3811,2759,97,13,52276432.0
3812,24,132,19,24008837.0
3813,1223,273,16,64478048.0
3814,850,440,14,51925188.0
3815,841,17,2,7781790.0
3816,478,356,8,14050880.0
3817,1100,95,19,41047277.0
3818,1394,463,2,8836752.0
3819,1149,448,3,12011118.0
3820,2609,65,1,1919202.0
3821,301,204,12,15853464.0
3822,1668,471,6,21890610.0
3823,2311,53,2,4722952.0
3824,2569,354,17,50669690.0
3825,2693,290,11,21464520.0
3826,1353,450,4,3462660.0
3827,937,485,19,44956755.0
3828,427,146,18,66938148.0
3829,2148,378,11,33130317.0
3830,2124,481,8,7219736.0
3831,508,467,13,29452852.0
3832,1506,290,6,11707920.0
3833,2257,55,8,29432680.0
3834,1969,93,8,20934528.0
3835,751,260,19,89809732.0
3836,1366,9,18,82363860.0
3837,245,419,7,30214947.0
3838,2665,465,15,6905280.0
3839,129,269,11,53426890.0
3840,1185,397,7,16365160.0
3841,1233,395,20,24270020.0
3842,2115,43,15,55143375.0
3843,1547,15,14,3648876.0
3844,2672,219,9,31584636.0
3845,2574,223,12,22539984.0
3846,1099,56,2,6930624.0
3847,1306,113,13,8386638.0
3848,501,359,20,62470960.0
3849,1750,236,20,91306420.0
3850,2541,214,11,45454640.0
3851,2698,471,20,72968700.0
3852,2060,26,16,28586016.0
3853,1965,132,11,13899853.0
3854,1012,406,19,69640681.0
3855,1971,125,13,40421784.0
3856,1589,248,15,46124295.0
3857,924,21,4,17807648.0
3858,2560,318,7,24102050.0
3859,1412,224,6,4963368.0
3860,1407,178,12,6717816.0
3861,67,227,6,6899766.0
3862,2856,157,2,3866360.0
3863,2850,490,14,4957694.0
3864,2261,238,15,21633135.0
3865,2914,451,12,59005128.0
3866,47,468,12,18757164.0
3867,1438,292,1,4979804.0
3868,1841,27,20,1298000.0
3869,1862,432,18,69895836.0
3870,2405,429,3,6113919.0
3871,2838,128,14,64840524.0
3872,2726,474,8,25947400.0
3873,2519,463,3,13255128.0
3874,1559,316,12,43436328.0
3875,1073,160,12,10514484.0
3876,2734,185,16,58635760.0
3877,2694,14,8,1945768.0
3878,2518,369,7,30162055.0
3879,1910,124,1,4791050.0
3880,395,193,8,34263672.0
3881,964,348,4,18314008.0
3882,1629,397,15,35068200.0
3883,1866,307,1,22350.0
3884,2057,396,18,31997664.0
3885,901,117,17,29473886.0
3886,2507,340,11,29929735.0
3887,2013,148,10,39072850.0
3888,1779,23,1,849406.0
3889,1100,403,9,34579602.0
3890,1640,112,4,4224576.0
3891,1772,311,9,27410922.0
3892,625,37,16,45499488.0
3893,2487,466,4,14385692.0
3894,637,36,15,2111085.0
3895,1134,405,16,44372128.0
3896,887,384,16,21419680.0
3897,1891,201,7,25733204.0
3898,1527,62,15,74868330.0
3899,2356,261,20,36941780.0
3900,310,165,4,15252388.0
3901,2587,333,2,4826900.0
3902,2408,496,17,82966239.0
3903,2734,77,8,24113512.0
3904,1706,12,18,66795534.0
3905,2801,474,17,55138225.0
3906,133,1,5,13449440.0
3907,995,466,6,21578538.0
3908,1033,71,12,22256448.0
3909,1037,405,7,19412806.0
3910,1892,253,12,24499788.0
3911,1582,85,1,208904.0
3912,2982,8,10,26813700.0
3913,1652,385,16,70422624.0
3914,417,204,3,3963366.0
3915,1287,210,3,14560824.0
3916,2138,219,2,7018808.0
3917,2731,44,16,31008928.0
3918,2793,360,1,1159256.0
3919,768,156,10,2991740.0
3920,2239,433,16,16305472.0
3921,2459,131,11,5018882.0
3922,68,490,1,354121.0
3923,197,500,19,34942976.0
3924,1019,4,7,33044746.0
3925,2945,317,20,80535680.0
3926,2159,107,3,4786557.0
3927,2366,63,8,23720408.0
3928,358,355,13,62016279.0
3929,424,237,4,7108116.0
3930,2509,263,7,848925.0
3931,1697,172,18,26501472.0
3932,156,170,18,56391300.0
3933,2757,370,10,31916250.0
3934,669,177,4,13364804.0
3935,909,195,13,59644039.0
3936,1448,194,14,61639592.0
3937,2717,82,14,12909988.0
3938,1280,147,1,4026679.0
3939,2532,253,16,32666384.0
3940,2332,490,1,354121.0
3941,1597,207,20,59648780.0
3942,2720,89,3,13264704.0
3943,205,76,9,38847537.0
3944,940,341,20,5785180.0
3945,1179,124,15,71865750.0
3946,1925,191,8,28761240.0
3947,2358,408,5,23355020.0
3948,1800,148,12,46887420.0
3949,1921,76,2,8632786.0
3950,2647,150,7,14270886.0
3951,1885,258,2,5426398.0
3952,730,419,14,60429894.0
3953,700,211,11,10668031.0
3954,2226,381,1,995419.0
3955,1165,121,13,36436517.0
3956,2941,230,8,21323312.0
3957,1657,442,18,5167710.0
3958,308,405,20,55465160.0
3959,1021,247,13,11942398.0
3960,2000,392,2,6466820.0
3961,357,462,1,676870.0
3962,1698,233,3,246120.0
3963,1803,293,10,46601830.0
3964,2186,53,5,11807380.0
3965,1457,173,14,55246800.0
3966,1846,20,8,12562952.0
3967,1446,120,17,36009128.0
3968,2947,260,9,42541452.0
3969,1366,161,20,72835480.0
3970,1359,22,12,3632172.0
3971,2800,243,16,13472944.0
3972,107,434,3,12645576.0
3973,2897,401,7,11822888.0
3974,1342,85,2,417808.0
3975,2945,129,3,11935776.0
3976,2559,166,19,38656830.0
3977,59,223,20,37566640.0
3978,483,360,15,17388840.0
3979,2638,32,14,65215780.0
3980,1306,374,4,15593136.0
3981,1967,415,17,41605681.0
3982,16,426,4,4968724.0
3983,425,227,16,18399376.0
3984,712,11,10,6470450.0
3985,2428,60,17,41302707.0
3986,303,243,4,3368236.0
3987,312,397,4,9351520.0
3988,823,7,1,2320330.0
3989,1576,98,8,14903184.0
3990,1941,420,2,5901384.0
3991,2848,97,7,28148848.0
3992,2265,410,8,27599816.0
3993,2504,402,9,9921645.0
3994,2786,415,9,22026537.0
3995,1326,253,9,18374841.0
3996,1624,72,19,57122854.0
3997,1678,91,10,39745380.0
3998,2750,325,17,57085116.0
3999,1361,281,12,15268272.0
4000,2403,122,15,6393450.0
4001,1571,258,7,18992393.0
4002,1969,273,10,40298780.0
4003,2042,306,20,45324760.0
4004,1140,378,15,45177705.0
4005,2302,478,11,46983508.0
4006,553,83,15,74896545.0
4007,395,201,6,22057032.0
4008,2748,60,6,14577426.0
4009,2511,157,8,15465440.0
4010,2339,393,2,7066044.0
4011,1044,17,5,19454475.0
4012,584,489,20,94326840.0
4013,1917,223,11,20661652.0
4014,1534,337,5,1909255.0
4015,700,58,12,29660028.0
4016,364,369,8,34470920.0
4017,1141,149,3,1188039.0
4018,1821,194,11,48431108.0
4019,55,258,19,51550781.0
4020,1292,84,4,3058292.0
4021,1474,455,17,32800395.0
4022,1861,295,2,8493738.0
4023,140,224,6,4963368.0
4024,741,71,8,14837632.0
4025,1274,276,4,1027656.0
4026,256,44,2,3876116.0
4027,2672,287,20,71822620.0
4028,1015,496,12,58564404.0
4029,869,22,9,2724129.0
4030,2890,472,19,19424004.0
4031,848,233,11,902440.0
4032,2909,478,15,64068420.0
4033,2175,416,3,12888339.0
4034,1472,352,11,15200603.0
4035,80,143,10,10579680.0
4036,158,212,17,13459410.0
4037,759,384,20,26774600.0
4038,71,399,1,2998664.0
4039,260,304,12,27183636.0
4040,2591,455,11,21223785.0
4041,2423,365,6,17774616.0
4042,1061,370,5,15958125.0
4043,31,79,16,57947040.0
4044,2801,302,7,3193652.0
4045,2966,385,4,17605656.0
4046,1630,395,5,6067505.0
4047,578,351,10,3071500.0
4048,1611,401,3,5066952.0
4049,1828,451,10,49170940.0
4050,1728,99,8,29823816.0
4051,1362,397,15,35068200.0
4052,2202,499,4,18782804.0
4053,1854,73,12,4552404.0
4054,1177,180,14,36825404.0
4055,2688,217,3,1390524.0
4056,1333,112,19,20066736.0
4057,2024,220,20,71245980.0
4058,2484,15,11,2866974.0
4059,1723,384,14,18742220.0
4060,2196,117,19,32941402.0
4061,1384,335,1,4520530.0
4062,1711,186,11,16295598.0
4063,2161,319,5,16063995.0
4064,1825,457,11,42822109.0
4065,1984,242,4,14014264.0
4066,2237,96,10,49966420.0
4067,650,312,4,13466992.0
4068,290,220,4,14249196.0
4069,34,332,11,548735.0
4070,2790,30,10,35150800.0
4071,1365,85,1,208904.0
4072,84,138,20,24387380.0
4073,2565,209,5,11839160.0
4074,2139,22,4,1210724.0
4075,1820,144,20,88729560.0
4076,2811,421,11,25992351.0
4077,329,462,18,12183660.0
4078,2648,477,6,22580898.0
4079,1907,476,2,3974760.0
4080,2757,146,10,37187860.0
4081,1021,123,19,81586931.0
4082,1924,407,19,63601037.0
4083,1769,44,1,1938058.0
4084,1105,382,18,73690254.0
4085,2449,487,1,1687722.0
4086,949,250,9,16156512.0
4087,721,130,8,28081552.0
4088,1698,457,5,19464595.0
4089,71,41,12,32745456.0
4090,2243,286,5,23380030.0
4091,2703,133,20,54999940.0
4092,1848,274,2,1002194.0
4093,1784,83,7,34951721.0
4094,1123,81,14,36768858.0
4095,1975,125,11,34203048.0
4096,422,293,9,41941647.0
4097,2670,391,14,60077360.0
4098,1202,181,15,20918850.0
4099,2829,356,12,21076320.0
4100,2147,106,13,49045789.0
4101,1126,189,11,24104267.0
4102,2278,105,18,13088790.0
4103,2745,22,18,5448258.0
4104,429,397,10,23378800.0
4105,2453,73,9,3414303.0
4106,2296,259,17,58008182.0
4107,1831,323,4,6796876.0
4108,680,329,10,25748580.0
4109,2935,399,4,11994656.0
4110,2693,249,13,62963251.0
4111,2872,6,18,35393724.0
4112,2923,408,5,23355020.0
4113,2582,473,9,39116538.0
4114,2120,408,10,46710040.0
4115,155,213,5,13202765.0
4116,2565,360,15,17388840.0
4117,2877,75,1,1440456.0
4118,1038,145,4,2223408.0
4119,1290,374,19,74067396.0
4120,223,332,16,798160.0
4121,8,420,13,38358996.0
4122,813,305,6,26523300.0
4123,1056,17,3,11672685.0
4124,2178,231,19,24818655.0
4125,1160,484,18,1692558.0
4126,1481,88,13,13323375.0
4127,1198,199,2,5522996.0
4128,2968,363,1,3080266.0
4129,2757,247,12,11023752.0
4130,1038,25,12,41463432.0
4131,1983,393,7,24731154.0
4132,1166,129,9,35807328.0
4133,284,103,16,26142800.0
4134,1939,306,7,15863666.0
4135,1802,99,3,11183931.0
4136,2904,381,8,7963352.0
4137,41,159,1,2809169.0
4138,1398,200,1,1630921.0
4139,2740,396,2,3555296.0
4140,2421,151,7,21712404.0
4141,1780,374,6,23389704.0
4142,1304,214,12,49586880.0
4143,2966,201,8,29409376.0
4144,397,181,2,2789180.0
4145,2293,388,11,14406601.0
4146,713,461,2,8752662.0
4147,2778,193,3,12848877.0
4148,981,268,7,27176814.0
4149,934,248,13,39974389.0
4150,2233,417,20,3363680.0
4151,663,383,15,25344825.0
4152,2993,471,3,10945305.0
4153,2626,234,9,11447703.0
4154,2733,419,18,77695578.0
4155,2894,67,15,11169060.0
4156,2762,74,8,3352800.0
4157,734,480,11,45516812.0
4158,2673,372,2,9949772.0
4159,519,248,11,33824483.0
4160,2043,467,18,40780872.0
4161,26,358,10,21500580.0
4162,518,230,18,47977452.0
4163,168,94,13,31952401.0
4164,20,126,10,33715960.0
4165,902,230,11,29319554.0
4166,2895,210,20,97072160.0
4167,1857,203,18,74780226.0
4168,832,5,12,31981308.0
4169,1101,465,20,9207040.0
4170,2467,231,8,10449960.0
4171,107,173,9,35515800.0
4172,2787,433,10,10190920.0
4173,349,362,18,1625364.0
4174,124,143,16,16927488.0
4175,1544,163,13,52030758.0
4176,280,201,8,29409376.0
4177,169,225,2,6298548.0
4178,2415,32,5,23291350.0
4179,446,440,19,70469898.0
4180,34,20,1,1570369.0
4181,956,403,6,23053068.0
4182,2694,5,14,37311526.0
4183,656,397,20,46757600.0
4184,2867,83,2,9986206.0
4185,665,241,1,1257822.0
4186,2121,96,3,14989926.0
4187,109,320,8,27292784.0
4188,2674,454,10,15924490.0
4189,1817,168,3,8562546.0
4190,1684,67,4,2978416.0
4191,1610,357,20,22379220.0
4192,2208,85,19,3969176.0
4193,652,354,1,2980570.0
4194,1954,461,15,65644965.0
4195,597,373,14,28438844.0
4196,375,285,14,48548150.0
4197,2878,268,9,34941618.0
4198,1918,110,13,54121782.0
4199,1201,358,13,27950754.0
4200,1877,244,19,32911116.0
4201,1236,351,14,4300100.0
4202,468,481,14,12634538.0
4203,1065,314,3,8590347.0
4204,1588,281,17,21630052.0
4205,1812,205,10,9136730.0
4206,666,78,11,25923128.0
4207,603,327,1,1649486.0
4208,727,179,8,15535392.0
4209,1779,427,18,22242654.0
4210,2349,148,13,50794705.0
4211,473,419,6,25898526.0
4212,1214,311,10,30456580.0
4213,2073,76,8,34531144.0
4214,1470,340,10,27208850.0
4215,1295,11,13,8411585.0
4216,2731,399,17,50977288.0
4217,2701,442,4,1148380.0
4218,81,321,6,19842360.0
4219,347,284,5,22212470.0
4220,1830,320,13,44350774.0
4221,2527,19,13,63901396.0
4222,778,421,14,33081174.0
4223,1414,314,1,2863449.0
4224,584,235,11,26157725.0
4225,150,402,6,6614430.0
4226,628,205,17,15532441.0
4227,2694,357,1,1118961.0
4228,1070,421,17,40169997.0
4229,168,393,12,42396264.0
4230,749,323,17,28886723.0
4231,966,210,18,87364944.0
4232,2523,458,10,46119440.0
4233,176,331,14,4343346.0
4234,2696,343,10,9786810.0
4235,1670,201,10,36761720.0
4236,1497,157,6,11599080.0
4237,2033,146,15,55781790.0
4238,2316,327,1,1649486.0
4239,415,263,4,485100.0
4240,167,420,19,56063148.0
4241,427,371,9,32661981.0
4242,2866,481,18,16244406.0
4243,1453,184,10,2611600.0
4244,2690,114,11,40114976.0
4245,1446,77,3,9042567.0
4246,2403,496,17,82966239.0
4247,713,45,19,36609751.0
4248,405,476,10,19873800.0
4249,2378,445,9,26788554.0
4250,1761,251,17,77036860.0
4251,278,334,17,20922937.0
4252,2278,274,13,6514261.0
4253,1753,454,2,3184898.0
4254,1744,476,2,3974760.0
4255,1540,382,13,53220739.0
4256,1228,401,9,15200856.0
4257,1189,395,18,21843018.0
4258,1901,201,1,3676172.0
4259,1307,279,17,39149198.0
4260,1128,358,20,43001160.0
4261,2887,30,13,45696040.0
4262,2024,55,10,36790850.0
4263,1420,377,2,6312854.0
4264,957,412,14,60394376.0
4265,1131,454,17,27071633.0
4266,1174,453,2,4904410.0
4267,286,475,16,69025040.0
4268,1737,313,7,10802078.0
4269,1877,137,2,1138842.0
4270,478,428,19,83859065.0
4271,2051,459,3,3035973.0
4272,1689,361,10,27543660.0
4273,267,487,14,23628108.0
4274,2280,6,20,39326360.0
4275,1418,274,11,5512067.0
4276,1238,418,5,13111870.0
4277,2013,360,18,20866608.0
4278,230,348,19,86991538.0
4279,2938,1,2,5379776.0
4280,952,408,18,84078072.0
4281,1379,1,8,21519104.0
4282,1402,342,14,23089206.0
4283,606,164,18,8298198.0
4284,1984,500,18,33103872.0
4285,2973,118,5,14346610.0
4286,2033,277,4,7919444.0
4287,1089,352,12,16582476.0
4288,2165,267,8,10462072.0
4289,946,99,9,33551793.0
4290,1510,104,10,20851540.0
4291,1229,331,10,3102390.0
4292,2507,450,6,5193990.0
4293,111,353,2,6614682.0
4294,2051,367,10,18443600.0
4295,2786,258,2,5426398.0
4296,1924,480,6,24827352.0
4297,2489,42,20,21195540.0
4298,2633,380,19,34279135.0
4299,2363,316,8,28957552.0
4300,1898,371,18,65323962.0
4301,1534,453,18,44139690.0
4302,2044,85,20,4178080.0
4303,1698,434,8,33721536.0
4304,1932,25,3,10365858.0
4305,165,349,5,2969005.0
4306,1298,388,16,20955056.0
4307,2931,4,15,70810170.0
4308,347,440,17,63052014.0
4309,2139,146,7,26031502.0
4310,287,14,3,729663.0
4311,2864,288,14,53094916.0
4312,598,130,1,3510194.0
4313,156,92,6,3934038.0
4314,2145,411,1,642552.0
4315,963,39,13,23600512.0
4316,2507,123,19,81586931.0
4317,1623,410,12,41399724.0
4318,931,149,6,2376078.0
4319,2817,478,3,12813684.0
4320,1317,198,14,58230158.0
4321,2148,410,20,68999540.0
4322,2295,188,4,17391152.0
4323,1483,184,2,522320.0
4324,2281,493,14,63499828.0
4325,217,155,13,15449694.0
4326,1137,17,8,31127160.0
4327,1588,449,14,23327192.0
4328,2440,384,3,4016190.0
4329,196,383,18,30413790.0
4330,682,443,4,1448068.0
4331,1142,441,6,2868060.0
4332,2301,230,1,2665414.0
4333,362,300,17,79797235.0
4334,2519,112,18,19010592.0
4335,1999,334,9,11076849.0
4336,1716,258,18,48837582.0
4337,1032,186,9,13332762.0
4338,2657,203,20,83089140.0
4339,525,81,6,15758082.0
4340,249,428,3,13240905.0
4341,2016,336,9,37583532.0
4342,54,339,5,4110060.0
4343,1382,102,5,17944865.0
4344,1205,193,20,85659180.0
4345,1730,280,13,14264510.0
4346,1183,9,1,4575770.0
4347,2849,131,18,8212716.0
4348,1505,8,19,50946030.0
4349,282,265,5,23293665.0
4350,770,120,4,8472736.0
4351,1348,310,14,56085456.0
4352,2217,475,9,38826585.0
4353,454,336,9,37583532.0
4354,1863,113,20,12902520.0
4355,1319,72,11,33071126.0
4356,1836,3,3,8226126.0
4357,2986,134,17,40582111.0
4358,39,136,5,21324375.0
4359,2446,91,18,71541684.0
4360,1694,305,5,22102750.0
4361,420,230,18,47977452.0
4362,2913,304,17,38510151.0
4363,2166,308,12,16568148.0
4364,1222,216,11,44255508.0
4365,2048,92,15,9835095.0
4366,1211,313,7,10802078.0
4367,1591,436,2,6465904.0
4368,648,409,7,23341045.0
4369,2639,442,11,3158045.0
4370,2591,142,5,11645555.0
4371,894,327,20,32989720.0
4372,337,447,2,5339262.0
4373,2819,141,15,41057625.0
4374,284,197,18,86307210.0
4375,2817,272,16,22579104.0
4376,934,64,9,14707026.0
4377,1485,21,11,48971032.0
4378,743,244,3,5196492.0
4379,2564,265,3,13976199.0
4380,2066,58,2,4943338.0
4381,1445,97,15,60318960.0
4382,634,282,13,19464224.0
4383,2725,215,3,2078124.0
4384,1761,188,6,26086728.0
4385,737,399,19,56974616.0
4386,2098,477,9,33871347.0
4387,821,396,8,14221184.0
4388,2125,152,11,52966551.0
4389,1822,129,19,75593248.0
4390,1870,112,18,19010592.0
4391,2398,246,20,73653120.0
4392,2898,135,20,33761880.0
4393,1742,337,18,6873318.0
4394,911,487,20,33754440.0
4395,1280,298,1,1759072.0
4396,1911,85,17,3551368.0
4397,1748,346,6,17865348.0
4398,2892,455,6,11576610.0
4399,102,370,18,57449250.0
4400,1438,211,17,16486957.0
4401,2637,63,8,23720408.0
4402,2831,466,11,39560653.0
4403,460,336,3,12527844.0
4404,2587,378,2,6023694.0
4405,2729,447,3,8008893.0
4406,1894,442,11,3158045.0
4407,91,86,10,30212840.0
4408,2217,341,15,4338885.0
4409,1578,187,1,3375063.0
4410,2235,250,7,12566176.0
4411,731,161,8,29134192.0
4412,1898,273,14,56418292.0
4413,753,208,1,4701990.0
4414,861,8,11,29495070.0
4415,764,441,5,2390050.0
4416,2720,161,11,40059514.0
4417,2010,396,9,15998832.0
4418,2611,336,18,75167064.0
4419,69,211,17,16486957.0
4420,1598,294,8,19081488.0
4421,1909,107,3,4786557.0
4422,1422,155,14,16638132.0
4423,173,48,13,54533193.0
4424,2449,260,10,47268280.0
4425,936,283,4,4215712.0
4426,2957,66,12,40434324.0
4427,554,475,7,30198455.0
4428,2332,216,9,36209052.0
4429,2447,96,10,49966420.0
4430,630,491,8,5445984.0
4431,1818,458,7,32283608.0
4432,1792,370,18,57449250.0
4433,358,325,10,33579480.0
4434,2329,149,1,396013.0
4435,88,37,7,19906026.0
4436,1792,86,14,42297976.0
4437,1986,449,17,28325876.0
4438,1042,274,4,2004388.0
4439,2436,287,6,21546786.0
4440,942,205,3,2741019.0
4441,1811,405,6,16639548.0
4442,1825,236,18,82175778.0
4443,2490,443,4,1448068.0
4444,67,451,20,98341880.0
4445,2606,219,9,31584636.0
4446,2079,498,6,21422196.0
4447,1290,164,16,7376176.0
4448,2590,415,12,29368716.0
4449,2732,321,5,16535300.0
4450,327,235,3,7133925.0
4451,524,326,7,26351717.0
4452,2434,181,14,19524260.0
4453,2964,309,14,25992232.0
4454,2590,157,13,25131340.0
4455,2861,17,1,3890895.0
4456,690,195,3,13764009.0
4457,1647,269,16,77711840.0
4458,2745,129,18,71614656.0
4459,1244,308,1,1380679.0
4460,2157,230,2,5330828.0
4461,1546,102,2,7177946.0
4462,2641,48,19,79702359.0
4463,2628,65,11,21111222.0
4464,2772,259,15,51183690.0
4465,1650,461,1,4376331.0
4466,2129,10,9,39105612.0
4467,1640,183,18,7797852.0
4468,783,343,4,3914724.0
4469,1886,356,16,28101760.0
4470,2419,71,16,29675264.0
4471,1129,412,8,34511072.0
4472,2359,436,9,29096568.0
4473,2618,349,19,11282219.0
4474,580,258,12,32558388.0
4475,2782,473,17,73886794.0
4476,2118,172,8,11778432.0
4477,907,217,1,463508.0
4478,2800,200,13,21201973.0
4479,2370,140,4,19473760.0
4480,2865,71,20,37094080.0
4481,323,192,3,3093570.0
4482,679,408,4,18684016.0
4483,1516,379,4,13527352.0
4484,2172,214,1,4132240.0
4485,2812,361,8,22034928.0
4486,530,232,4,5381512.0
4487,1871,322,20,21798580.0
4488,1641,417,1,168184.0
4489,1813,447,3,8008893.0
4490,2389,32,8,37266160.0
4491,2165,403,16,61474848.0
4492,442,212,17,13459410.0
4493,2967,431,18,73159020.0
4494,6,22,10,3026810.0
4495,521,73,4,1517468.0
4496,1065,167,19,93031999.0
4497,1504,467,7,15859228.0
4498,593,19,16,78647872.0
4499,852,94,13,31952401.0
4500,860,37,12,34124616.0
4501,2946,142,5,11645555.0
4502,18,288,1,3792494.0
4503,1580,390,6,28979250.0
4504,1143,34,14,39003230.0
4505,2221,338,13,29765749.0
4506,1818,201,6,22057032.0
4507,2095,265,14,65222262.0
4508,2906,353,14,46302774.0
4509,2220,367,14,25821040.0
4510,707,233,15,1230600.0
4511,161,477,16,60215728.0
4512,2557,39,5,9077120.0
4513,2577,210,7,33975256.0
4514,2645,59,18,47444418.0
4515,436,262,12,37366716.0
4516,1003,3,3,8226126.0
4517,121,220,13,46309887.0
4518,2225,150,15,30580470.0
4519,1005,319,9,28915191.0
4520,2234,365,15,44436540.0
4521,2274,400,6,4091406.0
4522,2854,317,11,44294624.0
4523,264,261,10,18470890.0
4524,1837,101,12,23141268.0
4525,1445,484,19,1786589.0
4526,1072,54,7,10269434.0
4527,2296,370,8,25533000.0
4528,1037,450,1,865665.0
4529,722,9,10,45757700.0
4530,1244,236,1,4565321.0
4531,2434,476,10,19873800.0
4532,661,280,8,8778160.0
4533,265,475,7,30198455.0
4534,663,17,19,73927005.0
4535,2421,125,15,46640520.0
4536,1193,196,13,15347150.0
4537,1727,151,17,52730124.0
4538,2045,239,10,24316970.0
4539,599,193,3,12848877.0
4540,2813,290,5,9756600.0
4541,2958,44,6,11628348.0
4542,1085,111,4,14825336.0
4543,1692,216,8,32185824.0
4544,2505,6,13,25562134.0
4545,711,372,1,4974886.0
4546,2931,386,19,19027455.0
4547,1708,334,11,13538371.0
4548,2221,334,15,18461415.0
4549,633,398,15,31136835.0
4550,300,279,2,4605788.0
4551,175,358,11,23650638.0
4552,416,336,12,50111376.0
4553,1946,36,13,1829607.0
4554,2069,125,3,9328104.0
4555,2709,351,1,307150.0
4556,2543,455,15,28941525.0
4557,1700,166,12,24414840.0
4558,2786,242,15,52553490.0
4559,642,175,8,15608824.0
4560,873,273,8,32239024.0
4561,6,14,9,2188989.0
4562,1489,194,2,8805656.0
4563,1176,458,2,9223888.0
4564,1312,85,7,1462328.0
4565,2080,160,12,10514484.0
4566,1727,494,8,15932936.0
4567,2870,327,14,23092804.0
4568,1871,154,11,37229918.0
4569,410,451,8,39336752.0
4570,1080,451,3,14751282.0
4571,526,494,19,37840723.0
4572,1023,87,15,1841850.0
4573,1312,15,5,1303170.0
4574,2501,465,20,9207040.0
4575,1717,124,9,43119450.0
4576,1287,200,7,11416447.0
4577,1287,207,20,59648780.0
4578,587,92,14,9179422.0
4579,495,122,8,3409840.0
4580,2245,107,8,12764152.0
4581,1358,173,10,39462000.0
4582,222,366,14,4683994.0
4583,2871,39,14,25415936.0
4584,2059,425,14,66053792.0
4585,620,223,8,15026656.0
4586,264,432,2,7766204.0
4587,1757,439,19,7136438.0
4588,1051,159,1,2809169.0
4589,1721,200,20,32618420.0
4590,2703,354,1,2980570.0
4591,2024,293,20,93203660.0
4592,787,235,11,26157725.0
4593,1709,227,1,1149961.0
4594,1492,461,5,21881655.0
4595,2398,236,3,13695963.0
4596,2755,467,2,4531208.0
4597,338,226,19,7439488.0
4598,726,5,11,29316199.0
4599,189,211,8,7758568.0
4600,2882,304,19,43040757.0
4601,1350,480,17,70344164.0
4602,2598,401,15,25334760.0
4603,2078,150,8,16309584.0
4604,1310,8,12,32176440.0
4605,1724,179,18,34954632.0
4606,2576,452,9,19403145.0
4607,2654,87,13,1596270.0
4608,1585,214,17,70248080.0
4609,2165,428,3,13240905.0
4610,778,181,12,16735080.0
4611,1414,240,2,2451998.0
4612,990,246,6,22095936.0
4613,1582,461,1,4376331.0
4614,2908,422,6,16639092.0
4615,2906,52,3,8596371.0
4616,2658,34,8,22287560.0
4617,200,425,9,42463152.0
4618,25,72,12,36077592.0
4619,2214,422,5,13865910.0
4620,1168,379,12,40582056.0
4621,630,37,16,45499488.0
4622,561,447,12,32035572.0
4623,2394,3,18,49356756.0
4624,2555,18,4,11153628.0
4625,1513,321,8,26456480.0
4626,1856,169,15,64507200.0
4627,1678,427,11,13592733.0
4628,1412,110,14,58284996.0
4629,2513,400,20,13638020.0
4630,2696,448,4,16014824.0
4631,2464,402,2,2204810.0
4632,1524,263,6,727650.0
4633,1303,147,16,64426864.0
4634,1163,312,19,63968212.0
4635,2453,170,18,56391300.0
4636,2064,482,5,9331550.0
4637,971,422,12,33278184.0
4638,589,130,12,42122328.0
4639,1887,123,18,77292882.0
4640,1994,152,15,72227115.0
4641,2371,173,17,67085400.0
4642,2612,170,2,6265700.0
4643,813,483,16,46327552.0
4644,1030,41,20,54575760.0
4645,1804,463,19,83949144.0
4646,148,129,5,19892960.0
4647,1835,462,15,10153050.0
4648,2852,381,19,18912961.0
4649,1305,42,18,19075986.0
4650,850,428,14,61790890.0
4651,2189,95,10,21603830.0
4652,130,482,4,7465240.0
4653,1198,114,15,54702240.0
4654,2865,184,14,3656240.0
4655,1304,102,13,46656649.0
4656,1753,5,17,45306853.0
4657,2810,208,6,28211940.0
4658,1328,76,5,21581965.0
4659,1269,338,18,41214114.0
4660,1122,442,7,2009665.0
4661,1840,470,13,33652489.0
4662,492,41,18,49118184.0
4663,591,200,11,17940131.0
4664,1607,171,11,2819366.0
4665,2001,351,17,5221550.0
4666,1676,446,17,68140539.0
4667,740,94,3,7373631.0
4668,1806,411,3,1927656.0
4669,1861,348,19,86991538.0
4670,1539,313,2,3086308.0
4671,643,302,7,3193652.0
4672,2156,379,2,6763676.0
4673,493,488,17,57568664.0
4674,799,344,18,70882650.0
4675,2390,266,2,5639770.0
4676,2468,72,13,39084058.0
4677,2750,455,3,5788305.0
4678,2269,65,2,3838404.0
4679,329,190,13,59790770.0
4680,2367,75,8,11523648.0
4681,1891,269,5,24284950.0
4682,2802,310,12,48073248.0
4683,1743,113,8,5161008.0
4684,2312,491,7,4765236.0
4685,369,493,18,81642636.0
4686,2205,288,4,15169976.0
4687,962,332,14,698390.0
4688,1890,202,10,13752950.0
4689,2217,313,11,16974694.0
4690,2431,229,2,8396186.0
4691,678,152,17,81857397.0
4692,2363,366,5,1672855.0
4693,2462,332,17,848045.0
4694,307,306,20,45324760.0
4695,1034,50,16,71212496.0
4696,1413,230,4,10661656.0
4697,430,21,19,84586328.0
4698,2856,280,3,3291810.0
4699,574,488,1,3386392.0
4700,2561,449,6,9997368.0
4701,1961,455,9,17364915.0
4702,1192,471,15,54726525.0
4703,2636,363,15,46203990.0
4704,414,141,2,5474350.0
4705,1024,387,2,3424330.0
4706,1083,470,12,31063836.0
4707,2696,334,5,6153805.0
4708,2847,425,13,61335664.0
4709,2810,328,5,6466030.0
4710,1154,392,13,42034330.0
4711,322,418,9,23601366.0
4712,1336,475,17,73339105.0
4713,2575,64,11,17975254.0
4714,1833,311,14,42639212.0
4715,1128,87,8,982320.0
4716,1222,133,12,32999964.0
4717,1488,197,8,38358760.0
4718,1053,490,19,6728299.0
4719,2599,30,20,70301600.0
4720,2761,171,10,2563060.0
4721,934,154,2,6769076.0
4722,416,235,17,40425575.0
4723,1093,414,8,38501592.0
4724,1797,391,4,17164960.0
4725,560,10,8,34760544.0
4726,637,399,14,41981296.0
4727,1,7,11,25523630.0
4728,1583,101,3,5785317.0
4729,1534,422,18,49917276.0
4730,125,402,11,12126455.0
4731,1939,364,1,2358707.0
4732,338,401,12,20267808.0
4733,2930,110,5,20816070.0
4734,1257,143,17,17985456.0
4735,2627,70,17,5404538.0
4736,479,208,5,23509950.0
4737,2941,81,5,13131735.0
4738,2842,294,6,14311116.0
4739,1215,182,8,38374480.0
4740,542,130,19,66693686.0
4741,1846,492,16,77285392.0
4742,918,439,12,4507224.0
4743,2810,124,12,57492600.0
4744,1432,483,6,17372832.0
4745,261,70,15,4768710.0
4746,2687,150,11,22425678.0
4747,2117,192,9,9280710.0
4748,312,500,15,27586560.0
4749,2878,26,7,12506382.0
4750,906,409,11,36678785.0
4751,1554,301,14,49594720.0
4752,2910,84,17,12997741.0
4753,2064,476,8,15899040.0
4754,1254,325,18,60443064.0
4755,2475,308,2,2761358.0
4756,1621,486,12,57484272.0
4757,2628,283,2,2107856.0
4758,2715,419,6,25898526.0
4759,2661,159,11,30900859.0
4760,1086,151,14,43424808.0
4761,2434,275,11,13808036.0
4762,256,34,16,44575120.0
4763,1228,478,16,68339648.0
4764,682,264,11,51499085.0
4765,750,497,1,248483.0
4766,2957,325,10,33579480.0
4767,2405,385,15,66021210.0
4768,185,342,6,9895374.0
4769,2217,315,5,18271370.0
4770,476,105,9,6544395.0
4771,1121,444,13,6682663.0
4772,1354,253,11,22458139.0
4773,766,134,13,31033379.0
4774,2516,17,15,58363425.0
4775,232,99,12,44735724.0
4776,567,468,5,7815485.0
4777,1267,8,11,29495070.0
4778,1178,312,5,16833740.0
4779,2416,168,7,19979274.0
4780,1344,427,6,7414218.0
4781,2741,32,19,88507130.0
4782,1817,375,16,24968784.0
4783,1370,176,10,49582930.0
4784,1588,41,3,8186364.0
4785,1410,75,8,11523648.0
4786,2471,73,5,1896835.0
4787,1443,99,10,37279770.0
4788,2692,494,19,37840723.0
4789,1230,481,6,5414802.0
4790,2715,313,6,9258924.0
4791,1640,260,2,9453656.0
4792,913,467,17,38515268.0
4793,1397,308,11,15187469.0
4794,567,333,20,48269000.0
4795,2987,60,18,43732278.0
4796,952,70,2,635828.0
4797,295,136,15,63973125.0
4798,704,471,13,47429655.0
4799,2412,48,3,12584583.0
4800,2233,319,6,19276794.0
