OrderDetailID,OrderID,ProductID,Quantity,Price,UnitPrice
1,2858,367,20,63469400.0,3173470.0
2,1851,497,8,32890320.0,4111290.0
3,2263,371,9,12533346.0,1392594.0
4,1887,93,12,724092.0,60341.0
5,1423,67,1,1585531.0,1585531.0
6,691,161,14,5838532.0,417038.0
7,350,484,4,7613116.0,1903279.0
8,760,26,10,11658290.0,1165829.0
9,2946,451,10,16406400.0,1640640.0
10,2391,130,16,72432320.0,4527020.0
11,1885,234,2,7895710.0,3947855.0
12,651,108,11,12015267.0,1092297.0
13,2933,15,13,48871173.0,3759321.0
14,1156,237,11,48563504.0,4414864.0
15,2841,499,8,24422120.0,3052765.0
16,550,368,19,64139079.0,3375741.0
17,1775,487,13,18923346.0,1455642.0
18,1640,447,13,21309990.0,1639230.0
19,137,222,7,12704734.0,1814962.0
20,1726,260,3,14949252.0,4983084.0
21,140,179,9,36064899.0,4007211.0
22,509,395,18,29193588.0,1621866.0
23,2478,114,16,21733312.0,1358332.0
24,1157,177,18,3695598.0,205311.0
25,2302,12,9,27183402.0,3020378.0
26,889,169,7,9247203.0,1321029.0
27,1805,400,17,8657012.0,509236.0
28,2762,446,10,8642500.0,864250.0
29,1911,56,1,1148097.0,1148097.0
30,2661,207,14,37956422.0,2711173.0
31,2003,415,15,1216995.0,81133.0
32,2698,271,12,16900836.0,1408403.0
33,438,283,10,36711820.0,3671182.0
34,1167,239,11,38538973.0,3503543.0
35,625,344,2,5095860.0,2547930.0
36,2999,4,13,63532820.0,4887140.0
37,2219,90,11,33768570.0,3069870.0
38,2042,295,10,43583370.0,4358337.0
39,2762,135,18,55792260.0,3099570.0
40,2399,23,15,39135660.0,2609044.0
41,833,342,5,7870050.0,1574010.0
42,826,477,15,7167480.0,477832.0
43,421,170,7,1654212.0,236316.0
44,2654,327,4,18881372.0,4720343.0
45,1414,476,2,9685424.0,4842712.0
46,1996,286,20,24938080.0,1246904.0
47,100,499,5,15263825.0,3052765.0
48,2227,124,20,44326640.0,2216332.0
49,1302,330,6,17780784.0,2963464.0
50,1311,86,2,5983816.0,2991908.0
51,1812,448,5,8603095.0,1720619.0
52,891,449,19,25434445.0,1338655.0
53,2689,429,4,2999792.0,749948.0
54,2173,398,5,5339320.0,1067864.0
55,1292,394,15,66711870.0,4447458.0
56,2678,93,5,301705.0,60341.0
57,1125,490,10,22859160.0,2285916.0
58,390,70,8,4401696.0,550212.0
59,976,298,1,903187.0,903187.0
60,474,44,8,19801672.0,2475209.0
61,703,284,20,97119380.0,4855969.0
62,1250,227,6,9758940.0,1626490.0
63,236,499,2,6105530.0,3052765.0
64,2501,406,3,5454207.0,1818069.0
65,2513,109,7,1670473.0,238639.0
66,280,364,11,8186772.0,744252.0
67,325,388,10,32888210.0,3288821.0
68,2941,475,14,68753370.0,4910955.0
69,797,60,14,21780696.0,1555764.0
70,2233,496,11,31295220.0,2845020.0
71,1320,94,4,4988732.0,1247183.0
72,2746,442,14,9416764.0,672626.0
73,1147,2,19,55196596.0,2905084.0
74,508,111,2,511466.0,255733.0
75,2058,324,11,35610586.0,3237326.0
76,2336,196,13,42547492.0,3272884.0
77,434,92,8,3389960.0,423745.0
78,865,175,13,37809642.0,2908434.0
79,2287,55,16,71712864.0,4482054.0
80,1382,295,1,4358337.0,4358337.0
81,180,289,17,80718805.0,4748165.0
82,1047,468,16,28374208.0,1773388.0
83,523,380,10,19084150.0,1908415.0
84,2785,125,5,9260715.0,1852143.0
85,1743,158,13,40330108.0,3102316.0
86,1447,226,6,29601078.0,4933513.0
87,706,267,14,56348782.0,4024913.0
88,389,154,20,23911360.0,1195568.0
89,989,448,12,20647428.0,1720619.0
90,2772,426,2,9234180.0,4617090.0
91,1212,472,9,38489310.0,4276590.0
92,560,38,1,1827714.0,1827714.0
93,2817,374,4,8903080.0,2225770.0
94,1247,168,8,15137128.0,1892141.0
95,2586,490,20,45718320.0,2285916.0
96,2267,488,10,12200170.0,1220017.0
97,2309,214,13,21495864.0,1653528.0
98,2588,19,6,22068168.0,3678028.0
99,2696,423,6,15869106.0,2644851.0
100,1321,51,19,3291123.0,173217.0
101,1004,191,5,9980375.0,1996075.0
102,1923,329,11,7828348.0,711668.0
103,889,318,5,4911140.0,982228.0
104,2610,114,18,24449976.0,1358332.0
105,2670,126,10,45559570.0,4555957.0
106,1315,400,4,2036944.0,509236.0
107,2494,289,11,52229815.0,4748165.0
108,2920,408,18,82088370.0,4560465.0
109,224,427,3,830970.0,276990.0
110,1940,137,14,28490378.0,2035027.0
111,1419,148,9,15287229.0,1698581.0
112,1410,52,5,3550580.0,710116.0
113,2262,289,9,42733485.0,4748165.0
114,855,53,9,13365306.0,1485034.0
115,2965,249,18,58803894.0,3266883.0
116,2211,164,9,18866862.0,2096318.0
117,977,315,2,5034600.0,2517300.0
118,525,133,20,26602020.0,1330101.0
119,1079,445,6,21921336.0,3653556.0
120,2523,141,7,29676220.0,4239460.0
121,31,59,4,1420240.0,355060.0
122,1273,23,14,36526616.0,2609044.0
123,628,3,12,34196340.0,2849695.0
124,2401,164,17,35637406.0,2096318.0
125,708,11,3,1977084.0,659028.0
126,818,241,17,54030114.0,3178242.0
127,905,296,15,37732080.0,2515472.0
128,1579,282,3,7446162.0,2482054.0
129,131,9,18,70936272.0,3940904.0
130,2023,17,11,47168572.0,4288052.0
131,1154,160,5,22823810.0,4564762.0
132,982,221,16,49713488.0,3107093.0
133,780,430,15,23721135.0,1581409.0
134,337,448,9,15485571.0,1720619.0
135,118,163,18,42890022.0,2382779.0
136,2959,479,15,21509415.0,1433961.0
137,709,21,8,4013152.0,501644.0
138,2011,107,17,5791815.0,340695.0
139,2267,114,12,16299984.0,1358332.0
140,311,487,10,14556420.0,1455642.0
141,719,209,16,9276368.0,579773.0
142,333,417,18,37929834.0,2107213.0
143,2288,115,9,35797311.0,3977479.0
144,1080,445,17,62110452.0,3653556.0
145,740,125,7,12965001.0,1852143.0
146,559,134,9,31891041.0,3543449.0
147,1476,16,10,18185250.0,1818525.0
148,1428,460,19,86377705.0,4546195.0
149,1626,464,9,3712545.0,412505.0
150,106,245,18,54474390.0,3026355.0
151,2175,284,9,43703721.0,4855969.0
152,1727,410,13,55940287.0,4303099.0
153,2306,65,9,22106844.0,2456316.0
154,529,301,9,14860944.0,1651216.0
155,1016,148,6,10191486.0,1698581.0
156,734,403,13,44490888.0,3422376.0
157,324,195,15,17642475.0,1176165.0
158,2314,106,4,942612.0,235653.0
159,2415,310,6,19535718.0,3255953.0
160,751,93,16,965456.0,60341.0
161,245,400,17,8657012.0,509236.0
162,1848,384,1,3365989.0,3365989.0
163,1764,221,4,12428372.0,3107093.0
164,77,342,16,25184160.0,1574010.0
165,2417,150,16,51805616.0,3237851.0
166,2580,416,20,82582840.0,4129142.0
167,1242,170,15,3544740.0,236316.0
168,2756,444,10,48945880.0,4894588.0
169,1445,371,9,12533346.0,1392594.0
170,2585,37,8,38529248.0,4816156.0
171,765,65,3,7368948.0,2456316.0
172,1104,455,4,19498044.0,4874511.0
173,427,422,11,40982590.0,3725690.0
174,1219,21,14,7023016.0,501644.0
175,729,232,16,35516768.0,2219798.0
176,697,313,7,8267777.0,1181111.0
177,1921,96,5,12107675.0,2421535.0
178,1432,313,3,3543333.0,1181111.0
179,1615,60,18,28003752.0,1555764.0
180,123,335,8,33858808.0,4232351.0
181,1705,254,4,7806248.0,1951562.0
182,124,382,2,1567090.0,783545.0
183,2900,309,6,28980726.0,4830121.0
184,235,312,3,2443161.0,814387.0
185,2264,478,12,50384652.0,4198721.0
186,2786,117,7,33155906.0,4736558.0
187,2485,414,18,15379146.0,854397.0
188,999,281,6,1518444.0,253074.0
189,2347,287,7,23996413.0,3428059.0
190,164,481,7,31630305.0,4518615.0
191,934,276,12,44861688.0,3738474.0
192,2081,432,8,9825968.0,1228246.0
193,2849,309,2,9660242.0,4830121.0
194,1712,117,16,75784928.0,4736558.0
195,1718,379,2,3001286.0,1500643.0
196,2507,237,8,35318912.0,4414864.0
197,101,336,12,29761032.0,2480086.0
198,1067,286,16,19950464.0,1246904.0
199,2850,220,12,54424308.0,4535359.0
200,2957,485,15,64614915.0,4307661.0
201,1260,367,2,6346940.0,3173470.0
202,223,75,8,9480128.0,1185016.0
203,528,74,15,4516920.0,301128.0
204,1559,379,6,9003858.0,1500643.0
205,2298,279,2,6405098.0,3202549.0
206,2003,422,15,55885350.0,3725690.0
207,1466,442,17,11434642.0,672626.0
208,650,486,9,21595176.0,2399464.0
209,2238,121,10,13752930.0,1375293.0
210,951,7,16,18362896.0,1147681.0
211,1050,355,5,22713445.0,4542689.0
212,989,303,17,73022565.0,4295445.0
213,2806,40,11,10578931.0,961721.0
214,1844,244,15,67283085.0,4485539.0
215,327,230,13,49227841.0,3786757.0
216,1037,278,13,47811608.0,3677816.0
217,197,313,3,3543333.0,1181111.0
218,1261,443,19,39297890.0,2068310.0
219,2018,44,4,9900836.0,2475209.0
220,874,464,6,2475030.0,412505.0
221,344,310,4,13023812.0,3255953.0
222,332,407,14,4837266.0,345519.0
223,1811,62,20,13744220.0,687211.0
224,2881,177,11,2258421.0,205311.0
225,691,470,4,1645324.0,411331.0
226,2852,271,9,12675627.0,1408403.0
227,1801,129,5,4990420.0,998084.0
228,264,72,19,28659372.0,1508388.0
229,365,351,10,4471300.0,447130.0
230,2264,445,5,18267780.0,3653556.0
231,2448,158,11,34125476.0,3102316.0
232,1735,82,10,44992610.0,4499261.0
233,989,337,7,18523302.0,2646186.0
234,935,48,12,2575596.0,214633.0
235,1419,377,15,54157710.0,3610514.0
236,1859,455,10,48745110.0,4874511.0
237,685,188,16,69268448.0,4329278.0
238,2291,432,19,23336674.0,1228246.0
239,817,480,18,24877278.0,1382071.0
240,2242,424,6,17438130.0,2906355.0
241,2989,182,4,5274212.0,1318553.0
242,2173,189,3,2714010.0,904670.0
243,2210,11,19,12521532.0,659028.0
244,2116,178,12,10346580.0,862215.0
245,2691,194,4,9160348.0,2290087.0
246,896,335,17,71949967.0,4232351.0
247,1532,279,20,64050980.0,3202549.0
248,983,264,11,44876051.0,4079641.0
249,2410,377,13,46936682.0,3610514.0
250,1767,228,17,21021469.0,1236557.0
251,1169,499,2,6105530.0,3052765.0
252,442,126,6,27335742.0,4555957.0
253,1105,159,6,22185318.0,3697553.0
254,781,313,19,22441109.0,1181111.0
255,1511,56,2,2296194.0,1148097.0
256,769,276,14,52338636.0,3738474.0
257,1154,204,16,77273008.0,4829563.0
258,993,91,15,57491985.0,3832799.0
259,762,32,9,24191217.0,2687913.0
260,2944,339,2,9992544.0,4996272.0
261,2414,379,17,25510931.0,1500643.0
262,554,59,15,5325900.0,355060.0
263,825,317,6,16443390.0,2740565.0
264,204,245,1,3026355.0,3026355.0
265,2482,202,12,15583896.0,1298658.0
266,1588,50,3,12030528.0,4010176.0
267,2781,65,12,29475792.0,2456316.0
268,1195,246,12,51537648.0,4294804.0
269,1903,440,7,9615648.0,1373664.0
270,2838,115,20,79549580.0,3977479.0
271,435,34,17,24547133.0,1443949.0
272,2414,414,7,5980779.0,854397.0
273,512,391,19,25117050.0,1321950.0
274,2078,109,18,4295502.0,238639.0
275,734,453,9,21254220.0,2361580.0
276,2628,96,8,19372280.0,2421535.0
277,2312,63,16,48400224.0,3025014.0
278,2230,363,11,20427198.0,1857018.0
279,1800,286,2,2493808.0,1246904.0
280,7,10,13,5051839.0,388603.0
281,1666,66,12,44498508.0,3708209.0
282,451,242,2,4033468.0,2016734.0
283,1876,299,12,2308824.0,192402.0
284,2936,410,16,68849584.0,4303099.0
285,2424,482,20,62714700.0,3135735.0
286,2081,50,17,68172992.0,4010176.0
287,2568,255,12,49918344.0,4159862.0
288,673,14,9,19423044.0,2158116.0
289,502,303,11,47249895.0,4295445.0
290,1912,446,10,8642500.0,864250.0
291,166,294,20,23476240.0,1173812.0
292,1405,443,2,4136620.0,2068310.0
293,2394,493,6,13751706.0,2291951.0
294,1550,215,8,31477272.0,3934659.0
295,1383,74,1,301128.0,301128.0
296,753,251,15,22206510.0,1480434.0
297,1474,320,8,13729712.0,1716214.0
298,2681,103,17,67513222.0,3971366.0
299,2409,396,16,57949472.0,3621842.0
300,1871,146,15,50871555.0,3391437.0
301,442,267,18,72448434.0,4024913.0
302,914,491,7,21415863.0,3059409.0
303,825,457,3,1636506.0,545502.0
304,1512,431,10,31272960.0,3127296.0
305,1087,176,4,15801328.0,3950332.0
306,1421,244,2,8971078.0,4485539.0
307,1077,214,14,23149392.0,1653528.0
308,1627,37,9,43345404.0,4816156.0
309,256,121,15,20629395.0,1375293.0
310,2219,488,20,24400340.0,1220017.0
311,966,392,7,18316459.0,2616637.0
312,1633,413,5,12385890.0,2477178.0
313,2169,163,13,30976127.0,2382779.0
314,180,172,7,664580.0,94940.0
315,1810,494,17,30212400.0,1777200.0
316,1209,182,16,21096848.0,1318553.0
317,1843,424,17,49408035.0,2906355.0
318,1503,177,4,821244.0,205311.0
319,2822,21,19,9531236.0,501644.0
320,53,383,8,27664912.0,3458114.0
321,1186,260,8,39864672.0,4983084.0
322,1475,486,2,4798928.0,2399464.0
323,1392,435,1,3377132.0,3377132.0
324,2588,431,15,46909440.0,3127296.0
325,660,34,4,5775796.0,1443949.0
326,1019,417,9,18964917.0,2107213.0
327,2310,153,16,11244704.0,702794.0
328,1288,346,4,14616520.0,3654130.0
329,2560,95,12,28028040.0,2335670.0
330,2004,195,19,22347135.0,1176165.0
331,680,344,13,33123090.0,2547930.0
332,787,457,1,545502.0,545502.0
333,1697,333,18,30808584.0,1711588.0
334,2764,210,7,15080401.0,2154343.0
335,2304,460,9,40915755.0,4546195.0
336,812,354,14,5664036.0,404574.0
337,1199,430,17,26883953.0,1581409.0
338,716,12,3,9061134.0,3020378.0
339,1313,154,18,21520224.0,1195568.0
340,2947,94,3,3741549.0,1247183.0
341,1828,412,13,9849710.0,757670.0
342,935,124,3,6648996.0,2216332.0
343,2791,178,8,6897720.0,862215.0
344,1252,155,7,5977020.0,853860.0
345,1291,372,6,29853876.0,4975646.0
346,171,322,5,20693870.0,4138774.0
347,84,447,16,26227680.0,1639230.0
348,2964,188,20,86585560.0,4329278.0
349,519,213,9,39781503.0,4420167.0
350,1453,235,5,14751260.0,2950252.0
351,2602,178,1,862215.0,862215.0
352,613,469,4,19167988.0,4791997.0
353,2379,20,10,29829060.0,2982906.0
354,1970,97,10,15074840.0,1507484.0
355,1166,227,4,6505960.0,1626490.0
356,2094,122,14,55902224.0,3993016.0
357,2373,301,3,4953648.0,1651216.0
358,458,109,17,4056863.0,238639.0
359,48,215,1,3934659.0,3934659.0
360,1618,464,11,4537555.0,412505.0
361,13,338,20,85057280.0,4252864.0
362,23,379,20,30012860.0,1500643.0
363,376,18,18,85246056.0,4735892.0
364,84,148,7,11890067.0,1698581.0
365,2372,209,19,11015687.0,579773.0
366,184,203,1,437696.0,437696.0
367,2709,288,17,52551743.0,3091279.0
368,1510,135,15,46493550.0,3099570.0
369,1771,499,14,42738710.0,3052765.0
370,1220,212,2,8373296.0,4186648.0
371,2353,452,10,49808230.0,4980823.0
372,1638,408,16,72967440.0,4560465.0
373,2244,462,15,55199310.0,3679954.0
374,144,155,1,853860.0,853860.0
375,765,210,1,2154343.0,2154343.0
376,298,197,7,19734148.0,2819164.0
377,2966,11,4,2636112.0,659028.0
378,439,489,16,9716464.0,607279.0
379,1761,314,4,2936804.0,734201.0
380,2723,55,2,8964108.0,4482054.0
381,2685,209,13,7537049.0,579773.0
382,599,313,2,2362222.0,1181111.0
383,1522,417,12,25286556.0,2107213.0
384,2676,166,12,22188180.0,1849015.0
385,1519,31,11,11376266.0,1034206.0
386,425,230,19,71948383.0,3786757.0
387,867,461,18,53213814.0,2956323.0
388,1372,232,6,13318788.0,2219798.0
389,2749,193,7,11309361.0,1615623.0
390,211,150,8,25902808.0,3237851.0
391,271,209,13,7537049.0,579773.0
392,2914,110,18,33566004.0,1864778.0
393,1836,357,17,3421369.0,201257.0
394,2466,349,18,42670350.0,2370575.0
395,2385,275,19,20738861.0,1091519.0
396,1789,203,7,3063872.0,437696.0
397,1892,132,18,22517298.0,1250961.0
398,1437,241,2,6356484.0,3178242.0
399,2111,70,15,8253180.0,550212.0
400,1488,371,20,27851880.0,1392594.0
401,1093,85,4,11956808.0,2989202.0
402,1536,115,15,59662185.0,3977479.0
403,590,166,9,16641135.0,1849015.0
404,1400,16,20,36370500.0,1818525.0
405,1668,103,7,27799562.0,3971366.0
406,288,274,10,1711100.0,171110.0
407,2373,324,6,19423956.0,3237326.0
408,2870,277,3,1075194.0,358398.0
409,1675,301,6,9907296.0,1651216.0
410,2013,137,17,34595459.0,2035027.0
411,1409,232,10,22197980.0,2219798.0
412,484,183,9,9458469.0,1050941.0
413,1313,448,3,5161857.0,1720619.0
414,2164,151,12,9671472.0,805956.0
415,915,213,19,83983173.0,4420167.0
416,1189,343,19,6595527.0,347133.0
417,1072,293,3,6908541.0,2302847.0
418,1321,67,14,22197434.0,1585531.0
419,2781,257,19,85381877.0,4493783.0
420,146,483,18,3517110.0,195395.0
421,1426,417,4,8428852.0,2107213.0
422,857,294,15,17607180.0,1173812.0
423,632,455,8,38996088.0,4874511.0
424,624,126,7,31891699.0,4555957.0
425,1208,97,6,9044904.0,1507484.0
426,1470,16,13,23640825.0,1818525.0
427,611,27,7,1004262.0,143466.0
428,1453,262,11,18218882.0,1656262.0
429,2026,88,17,65550096.0,3855888.0
430,968,358,3,14277444.0,4759148.0
431,22,264,19,77513179.0,4079641.0
432,1156,11,20,13180560.0,659028.0
433,2084,394,19,84501702.0,4447458.0
434,478,454,4,6004640.0,1501160.0
435,463,68,13,14824394.0,1140338.0
436,1074,175,20,58168680.0,2908434.0
437,293,99,9,37401741.0,4155749.0
438,2480,182,7,9229871.0,1318553.0
439,1527,78,20,55771000.0,2788550.0
440,2396,244,18,80739702.0,4485539.0
441,2430,279,6,19215294.0,3202549.0
442,726,110,2,3729556.0,1864778.0
443,2818,475,10,49109550.0,4910955.0
444,1334,349,14,33188050.0,2370575.0
445,921,481,14,63260610.0,4518615.0
446,1940,403,18,61602768.0,3422376.0
447,1349,436,3,11509581.0,3836527.0
448,283,452,11,54789053.0,4980823.0
449,1627,267,19,76473347.0,4024913.0
450,2808,39,18,65935710.0,3663095.0
451,1833,380,4,7633660.0,1908415.0
452,1958,498,17,78598752.0,4623456.0
453,559,356,15,65635590.0,4375706.0
454,239,361,15,44290305.0,2952687.0
455,995,57,7,6123166.0,874738.0
456,2509,39,16,58609520.0,3663095.0
457,420,286,15,18703560.0,1246904.0
458,1000,304,9,1928871.0,214319.0
459,1938,171,18,78864804.0,4381378.0
460,1091,128,19,34321923.0,1806417.0
461,385,355,9,40884201.0,4542689.0
462,1123,60,18,28003752.0,1555764.0
463,1279,500,5,7198925.0,1439785.0
464,1322,380,5,9542075.0,1908415.0
465,387,373,14,52448368.0,3746312.0
466,1877,155,2,1707720.0,853860.0
467,1675,35,3,12337458.0,4112486.0
468,2338,473,13,43315038.0,3331926.0
469,1394,317,17,46589605.0,2740565.0
470,2010,425,15,53937945.0,3595863.0
471,1766,446,18,15556500.0,864250.0
472,710,406,6,10908414.0,1818069.0
473,860,322,4,16555096.0,4138774.0
474,1948,366,2,1111516.0,555758.0
475,1859,16,4,7274100.0,1818525.0
476,1159,415,17,1379261.0,81133.0
477,92,363,12,22284216.0,1857018.0
478,2496,217,3,471870.0,157290.0
479,740,303,13,55840785.0,4295445.0
480,2012,385,19,62450568.0,3286872.0
481,267,40,10,9617210.0,961721.0
482,2740,170,19,4490004.0,236316.0
483,1433,113,3,3348363.0,1116121.0
484,2895,179,4,16028844.0,4007211.0
485,1500,188,20,86585560.0,4329278.0
486,2719,185,19,15113151.0,795429.0
487,1466,371,1,1392594.0,1392594.0
488,2652,300,11,36680446.0,3334586.0
489,2997,24,8,9816808.0,1227101.0
490,1623,138,15,43579815.0,2905321.0
491,1906,478,16,67179536.0,4198721.0
492,791,196,18,58911912.0,3272884.0
493,1758,133,10,13301010.0,1330101.0
494,1812,311,10,39018090.0,3901809.0
495,2863,469,2,9583994.0,4791997.0
496,1558,270,20,55327820.0,2766391.0
497,221,231,7,16762011.0,2394573.0
498,1984,260,3,14949252.0,4983084.0
499,2889,81,1,378085.0,378085.0
500,203,82,9,40493349.0,4499261.0
501,2518,383,12,41497368.0,3458114.0
502,440,12,8,24163024.0,3020378.0
503,1947,176,13,51354316.0,3950332.0
504,45,177,7,1437177.0,205311.0
505,1890,90,11,33768570.0,3069870.0
506,156,476,12,58112544.0,4842712.0
507,606,175,1,2908434.0,2908434.0
508,2523,253,2,9145118.0,4572559.0
509,2524,299,1,192402.0,192402.0
510,1408,362,2,9015654.0,4507827.0
511,1635,138,5,14526605.0,2905321.0
512,1808,250,20,33797480.0,1689874.0
513,488,52,3,2130348.0,710116.0
514,731,500,3,4319355.0,1439785.0
515,1216,279,4,12810196.0,3202549.0
516,74,98,14,7592228.0,542302.0
517,2257,130,19,86013380.0,4527020.0
518,488,349,13,30817475.0,2370575.0
519,2753,426,20,92341800.0,4617090.0
520,538,482,12,37628820.0,3135735.0
521,1349,95,8,18685360.0,2335670.0
522,2234,258,19,40666232.0,2140328.0
523,860,121,17,23379981.0,1375293.0
524,1856,47,3,9328335.0,3109445.0
525,1330,326,8,28196296.0,3524537.0
526,2661,233,17,39414364.0,2318492.0
527,461,144,20,18006280.0,900314.0
528,2809,341,19,3240640.0,170560.0
529,934,43,18,53170920.0,2953940.0
530,1039,133,14,18621414.0,1330101.0
531,1487,300,10,33345860.0,3334586.0
532,825,310,5,16279765.0,3255953.0
533,1009,395,12,19462392.0,1621866.0
534,1844,295,3,13075011.0,4358337.0
535,1356,400,10,5092360.0,509236.0
536,509,394,14,62264412.0,4447458.0
537,1778,307,20,58226740.0,2911337.0
538,2593,348,8,22688544.0,2836068.0
539,2516,70,15,8253180.0,550212.0
540,1583,307,15,43670055.0,2911337.0
541,219,367,5,15867350.0,3173470.0
542,1071,187,13,35878401.0,2759877.0
543,2306,373,10,37463120.0,3746312.0
544,2995,255,9,37438758.0,4159862.0
545,1771,434,20,81749580.0,4087479.0
546,345,348,6,17016408.0,2836068.0
547,1649,499,18,54949770.0,3052765.0
548,1403,348,1,2836068.0,2836068.0
549,941,409,17,27448319.0,1614607.0
550,1176,237,7,30904048.0,4414864.0
551,2549,60,13,20224932.0,1555764.0
552,2488,42,12,43389252.0,3615771.0
553,854,473,8,26655408.0,3331926.0
554,848,6,12,45914196.0,3826183.0
555,778,302,6,25791222.0,4298537.0
556,994,37,2,9632312.0,4816156.0
557,2253,80,9,23964471.0,2662719.0
558,2473,10,3,1165809.0,388603.0
559,1686,204,1,4829563.0,4829563.0
560,1034,413,16,39634848.0,2477178.0
561,393,156,1,3224044.0,3224044.0
562,2235,472,14,59872260.0,4276590.0
563,1592,384,13,43757857.0,3365989.0
564,264,411,7,21437318.0,3062474.0
565,285,137,2,4070054.0,2035027.0
566,2910,6,6,22957098.0,3826183.0
567,2368,386,13,43034446.0,3310342.0
568,1981,429,5,3749740.0,749948.0
569,2522,23,4,10436176.0,2609044.0
570,678,314,2,1468402.0,734201.0
571,1217,121,13,17878809.0,1375293.0
572,58,110,17,31701226.0,1864778.0
573,1514,413,5,12385890.0,2477178.0
574,2966,115,13,51707227.0,3977479.0
575,412,302,8,34388296.0,4298537.0
576,2166,256,1,3350350.0,3350350.0
577,784,451,8,13125120.0,1640640.0
578,408,349,10,23705750.0,2370575.0
579,2524,49,14,62309226.0,4450659.0
580,2623,198,12,36976620.0,3081385.0
581,420,466,13,20794943.0,1599611.0
582,853,298,4,3612748.0,903187.0
583,2908,438,9,24378219.0,2708691.0
584,185,329,18,12810024.0,711668.0
585,522,327,19,89686517.0,4720343.0
586,260,13,15,22149195.0,1476613.0
587,54,371,11,15318534.0,1392594.0
588,825,430,18,28465362.0,1581409.0
589,1152,236,8,14930816.0,1866352.0
590,2920,130,16,72432320.0,4527020.0
591,1016,465,6,23204964.0,3867494.0
592,143,448,14,24088666.0,1720619.0
593,1840,186,1,3959736.0,3959736.0
594,808,441,14,42022176.0,3001584.0
595,17,498,18,83222208.0,4623456.0
596,1573,341,6,1023360.0,170560.0
597,651,402,6,5449752.0,908292.0
598,592,261,1,4013366.0,4013366.0
599,924,429,14,10499272.0,749948.0
600,1148,52,20,14202320.0,710116.0
601,2205,238,16,8704080.0,544005.0
602,2576,44,5,12376045.0,2475209.0
603,1062,61,3,2042250.0,680750.0
604,288,319,11,52699086.0,4790826.0
605,2295,119,19,2951156.0,155324.0
606,402,462,16,58879264.0,3679954.0
607,1019,350,20,28804940.0,1440247.0
608,496,266,11,52299896.0,4754536.0
609,1799,105,15,12037950.0,802530.0
610,1944,329,6,4270008.0,711668.0
611,1953,379,18,27011574.0,1500643.0
612,2286,41,13,46905989.0,3608153.0
613,2369,263,16,58470032.0,3654377.0
614,2098,391,2,2643900.0,1321950.0
615,346,160,19,86730478.0,4564762.0
616,1605,463,1,2403323.0,2403323.0
617,843,310,18,58607154.0,3255953.0
618,2476,152,9,44879472.0,4986608.0
619,2040,155,20,17077200.0,853860.0
620,1846,121,10,13752930.0,1375293.0
621,1911,50,13,52132288.0,4010176.0
622,2797,459,19,51013461.0,2684919.0
623,66,116,8,36941000.0,4617625.0
624,1817,26,18,20984922.0,1165829.0
625,1482,205,9,34867764.0,3874196.0
626,1852,488,20,24400340.0,1220017.0
627,745,195,10,11761650.0,1176165.0
628,749,401,15,28737405.0,1915827.0
629,2312,127,9,11645487.0,1293943.0
630,2202,491,6,18356454.0,3059409.0
631,2353,439,14,19201364.0,1371526.0
632,1890,40,4,3846884.0,961721.0
633,329,138,8,23242568.0,2905321.0
634,867,116,4,18470500.0,4617625.0
635,790,102,19,91562425.0,4819075.0
636,2181,182,14,18459742.0,1318553.0
637,2763,206,14,54278350.0,3877025.0
638,844,458,17,66186049.0,3893297.0
639,996,104,15,43547475.0,2903165.0
640,959,411,1,3062474.0,3062474.0
641,2995,272,17,5140970.0,302410.0
642,2155,181,8,9740864.0,1217608.0
643,1781,374,15,33386550.0,2225770.0
644,636,193,12,19387476.0,1615623.0
645,2488,32,4,10751652.0,2687913.0
646,124,177,13,2669043.0,205311.0
647,94,215,6,23607954.0,3934659.0
648,2351,193,1,1615623.0,1615623.0
649,1531,168,11,20813551.0,1892141.0
650,2069,133,9,11970909.0,1330101.0
651,2032,8,7,20911947.0,2987421.0
652,702,266,5,23772680.0,4754536.0
653,507,355,13,59054957.0,4542689.0
654,1689,363,16,29712288.0,1857018.0
655,2731,178,11,9484365.0,862215.0
656,1231,476,11,53269832.0,4842712.0
657,2538,108,8,8738376.0,1092297.0
658,977,364,13,9675276.0,744252.0
659,651,379,11,16507073.0,1500643.0
660,2420,118,15,32837400.0,2189160.0
661,2409,474,13,50697816.0,3899832.0
662,1024,67,13,20611903.0,1585531.0
663,2268,113,15,16741815.0,1116121.0
664,436,469,20,95839940.0,4791997.0
665,206,458,16,62292752.0,3893297.0
666,1039,282,6,14892324.0,2482054.0
667,386,362,15,67617405.0,4507827.0
668,2843,120,6,14043270.0,2340545.0
669,1129,439,13,17829838.0,1371526.0
670,2513,103,10,39713660.0,3971366.0
671,1309,492,11,54659550.0,4969050.0
672,600,368,20,67514820.0,3375741.0
673,2179,345,2,3703208.0,1851604.0
674,2975,330,5,14817320.0,2963464.0
675,1286,242,14,28234276.0,2016734.0
676,1185,495,17,9072254.0,533662.0
677,2292,288,8,24730232.0,3091279.0
678,2948,182,10,13185530.0,1318553.0
679,1176,272,4,1209640.0,302410.0
680,1812,200,1,2352623.0,2352623.0
681,220,354,19,7686906.0,404574.0
682,309,87,14,41350344.0,2953596.0
683,44,365,3,9758037.0,3252679.0
684,1741,314,2,1468402.0,734201.0
685,2116,388,4,13155284.0,3288821.0
686,2539,381,14,65039982.0,4645713.0
687,28,442,10,6726260.0,672626.0
688,2478,84,5,20635285.0,4127057.0
689,2566,199,7,11576901.0,1653843.0
690,2740,161,1,417038.0,417038.0
691,932,143,9,8089920.0,898880.0
692,868,401,9,17242443.0,1915827.0
693,2496,15,5,18796605.0,3759321.0
694,1009,491,10,30594090.0,3059409.0
695,716,133,20,26602020.0,1330101.0
696,459,21,10,5016440.0,501644.0
697,2777,43,14,41355160.0,2953940.0
698,392,45,14,62932660.0,4495190.0
699,675,379,2,3001286.0,1500643.0
700,643,1,19,11338554.0,596766.0
701,2431,314,13,9544613.0,734201.0
702,174,470,19,7815289.0,411331.0
703,1036,19,5,18390140.0,3678028.0
704,301,162,12,47056440.0,3921370.0
705,2223,372,17,84585982.0,4975646.0
706,1377,365,19,61800901.0,3252679.0
707,641,146,19,64437303.0,3391437.0
708,2623,210,15,32315145.0,2154343.0
709,1624,317,17,46589605.0,2740565.0
710,912,297,6,9633876.0,1605646.0
711,2596,231,9,21551157.0,2394573.0
712,1802,233,5,11592460.0,2318492.0
713,1178,473,12,39983112.0,3331926.0
714,1033,224,19,27370317.0,1440543.0
715,2448,373,14,52448368.0,3746312.0
716,1155,472,17,72702030.0,4276590.0
717,1560,353,7,27127870.0,3875410.0
718,556,179,12,48086532.0,4007211.0
719,383,196,13,42547492.0,3272884.0
720,1248,160,6,27388572.0,4564762.0
721,557,497,5,20556450.0,4111290.0
722,889,11,5,3295140.0,659028.0
723,543,108,19,20753643.0,1092297.0
724,482,4,18,87968520.0,4887140.0
725,1605,372,15,74634690.0,4975646.0
726,1793,6,14,53566562.0,3826183.0
727,382,184,7,21853440.0,3121920.0
728,2431,261,3,12040098.0,4013366.0
729,558,413,20,49543560.0,2477178.0
730,183,252,11,34956548.0,3177868.0
731,2776,259,10,2272270.0,227227.0
732,466,309,20,96602420.0,4830121.0
733,2221,491,6,18356454.0,3059409.0
734,2512,183,3,3152823.0,1050941.0
735,2330,498,4,18493824.0,4623456.0
736,294,486,12,28793568.0,2399464.0
737,2760,145,1,374042.0,374042.0
738,2067,472,16,68425440.0,4276590.0
739,2490,215,6,23607954.0,3934659.0
740,2047,134,6,21260694.0,3543449.0
741,1990,239,19,66567317.0,3503543.0
742,1514,319,7,33535782.0,4790826.0
743,2765,337,6,15877116.0,2646186.0
744,196,367,15,47602050.0,3173470.0
745,2810,138,8,23242568.0,2905321.0
746,1907,9,20,78818080.0,3940904.0
747,1710,359,4,9608384.0,2402096.0
748,431,52,8,5680928.0,710116.0
749,978,383,6,20748684.0,3458114.0
750,1891,75,19,22515304.0,1185016.0
751,969,221,13,40392209.0,3107093.0
752,1130,87,10,29535960.0,2953596.0
753,638,156,3,9672132.0,3224044.0
754,1951,43,16,47263040.0,2953940.0
755,2808,23,2,5218088.0,2609044.0
756,2125,120,10,23405450.0,2340545.0
757,2874,286,12,14962848.0,1246904.0
758,1942,51,14,2425038.0,173217.0
759,566,393,11,501336.0,45576.0
760,2237,485,20,86153220.0,4307661.0
761,2107,126,18,82007226.0,4555957.0
762,660,217,2,314580.0,157290.0
763,2385,470,3,1233993.0,411331.0
764,979,476,18,87168816.0,4842712.0
765,807,426,14,64639260.0,4617090.0
766,1025,224,4,5762172.0,1440543.0
767,1444,70,11,6052332.0,550212.0
768,2862,490,17,38860572.0,2285916.0
769,2201,40,11,10578931.0,961721.0
770,2277,164,15,31444770.0,2096318.0
771,653,322,9,37248966.0,4138774.0
772,2777,452,20,99616460.0,4980823.0
773,2049,55,18,80676972.0,4482054.0
774,1328,19,18,66204504.0,3678028.0
775,150,249,15,49003245.0,3266883.0
776,10,401,9,17242443.0,1915827.0
777,1512,366,16,8892128.0,555758.0
778,2081,145,2,748084.0,374042.0
779,635,77,13,7610226.0,585402.0
780,1640,203,8,3501568.0,437696.0
781,994,206,17,65909425.0,3877025.0
782,2127,70,19,10454028.0,550212.0
783,1767,353,6,23252460.0,3875410.0
784,223,76,13,46890961.0,3606997.0
785,2719,52,9,6391044.0,710116.0
786,1311,121,13,17878809.0,1375293.0
787,2319,306,18,82693026.0,4594057.0
788,1480,340,2,2351066.0,1175533.0
789,1106,38,12,21932568.0,1827714.0
790,1296,425,14,50342082.0,3595863.0
791,249,73,5,24217085.0,4843417.0
792,2666,225,1,140064.0,140064.0
793,336,134,13,46064837.0,3543449.0
794,186,490,14,32002824.0,2285916.0
795,195,274,18,3079980.0,171110.0
796,1999,184,3,9365760.0,3121920.0
797,2618,42,5,18078855.0,3615771.0
798,2993,365,5,16263395.0,3252679.0
799,1058,133,20,26602020.0,1330101.0
800,1529,321,16,21066848.0,1316678.0
801,2361,105,2,1605060.0,802530.0
802,1323,301,2,3302432.0,1651216.0
803,1053,25,19,81553415.0,4292285.0
804,989,64,4,6182272.0,1545568.0
805,1577,75,2,2370032.0,1185016.0
806,465,130,11,49797220.0,4527020.0
807,333,460,4,18184780.0,4546195.0
808,240,192,9,39401361.0,4377929.0
809,262,46,12,53276220.0,4439685.0
810,1072,80,3,7988157.0,2662719.0
811,2562,427,17,4708830.0,276990.0
812,2384,96,20,48430700.0,2421535.0
813,1002,66,20,74164180.0,3708209.0
814,2884,424,7,20344485.0,2906355.0
815,2537,352,3,5482449.0,1827483.0
816,992,86,15,44878620.0,2991908.0
817,1386,7,6,6886086.0,1147681.0
818,792,292,8,18295624.0,2286953.0
819,3000,222,19,34484278.0,1814962.0
820,1438,462,3,11039862.0,3679954.0
821,746,399,12,19182468.0,1598539.0
822,2492,355,2,9085378.0,4542689.0
823,807,17,9,38592468.0,4288052.0
824,2874,65,9,22106844.0,2456316.0
825,421,128,6,10838502.0,1806417.0
826,2979,93,10,603410.0,60341.0
827,2114,72,12,18100656.0,1508388.0
828,1601,249,15,49003245.0,3266883.0
829,2747,277,8,2867184.0,358398.0
830,1849,184,16,49950720.0,3121920.0
831,71,470,11,4524641.0,411331.0
832,2084,161,15,6255570.0,417038.0
833,233,221,18,55927674.0,3107093.0
834,883,80,1,2662719.0,2662719.0
835,1715,306,8,36752456.0,4594057.0
836,1807,429,14,10499272.0,749948.0
837,2794,75,9,10665144.0,1185016.0
838,2289,26,3,3497487.0,1165829.0
839,52,423,14,37027914.0,2644851.0
840,1537,398,2,2135728.0,1067864.0
841,757,272,11,3326510.0,302410.0
842,133,454,8,12009280.0,1501160.0
843,2308,16,15,27277875.0,1818525.0
844,2412,352,10,18274830.0,1827483.0
845,1269,114,8,10866656.0,1358332.0
846,2371,427,16,4431840.0,276990.0
847,1109,13,11,16242743.0,1476613.0
848,1240,9,11,43349944.0,3940904.0
849,1616,144,5,4501570.0,900314.0
850,2432,474,10,38998320.0,3899832.0
851,2152,169,5,6605145.0,1321029.0
852,691,266,9,42790824.0,4754536.0
853,1125,272,11,3326510.0,302410.0
854,2676,129,14,13973176.0,998084.0
855,1651,80,16,42603504.0,2662719.0
856,120,231,10,23945730.0,2394573.0
857,2340,178,19,16382085.0,862215.0
858,351,33,18,46273986.0,2570777.0
859,2473,428,17,22107888.0,1300464.0
860,2192,271,15,21126045.0,1408403.0
861,1924,154,11,13151248.0,1195568.0
862,2456,360,16,31290080.0,1955630.0
863,2226,464,1,412505.0,412505.0
864,520,155,12,10246320.0,853860.0
865,1137,41,3,10824459.0,3608153.0
866,2363,163,14,33358906.0,2382779.0
867,1016,428,16,20807424.0,1300464.0
868,1026,359,2,4804192.0,2402096.0
869,2817,34,9,12995541.0,1443949.0
870,1629,487,6,8733852.0,1455642.0
871,144,57,11,9622118.0,874738.0
872,934,51,11,1905387.0,173217.0
873,181,304,13,2786147.0,214319.0
874,2658,469,10,47919970.0,4791997.0
875,2230,238,4,2176020.0,544005.0
876,1837,219,15,44935380.0,2995692.0
877,828,451,2,3281280.0,1640640.0
878,1914,39,5,18315475.0,3663095.0
879,2084,59,18,6391080.0,355060.0
880,2865,33,1,2570777.0,2570777.0
881,792,212,14,58613072.0,4186648.0
882,2245,226,17,83869721.0,4933513.0
883,703,277,16,5734368.0,358398.0
884,473,46,9,39957165.0,4439685.0
885,2757,84,18,74287026.0,4127057.0
886,2748,419,10,6396030.0,639603.0
887,1733,210,14,30160802.0,2154343.0
888,2927,265,20,20497660.0,1024883.0
889,2836,368,14,47260374.0,3375741.0
890,463,390,20,65563020.0,3278151.0
891,850,250,10,16898740.0,1689874.0
892,2165,248,9,10655838.0,1183982.0
893,789,25,13,55799705.0,4292285.0
894,1013,319,2,9581652.0,4790826.0
895,618,15,15,56389815.0,3759321.0
896,974,23,15,39135660.0,2609044.0
897,1798,177,14,2874354.0,205311.0
898,1435,36,10,25397220.0,2539722.0
899,1862,176,20,79006640.0,3950332.0
900,1232,258,20,42806560.0,2140328.0
901,1539,324,1,3237326.0,3237326.0
902,60,486,4,9597856.0,2399464.0
903,2560,381,8,37165704.0,4645713.0
904,1822,272,5,1512050.0,302410.0
905,2960,285,18,12709062.0,706059.0
906,1719,127,2,2587886.0,1293943.0
907,1973,253,7,32007913.0,4572559.0
908,1989,366,17,9447886.0,555758.0
909,1952,143,15,13483200.0,898880.0
910,2873,11,6,3954168.0,659028.0
911,345,203,20,8753920.0,437696.0
912,2768,379,14,21009002.0,1500643.0
913,1949,68,1,1140338.0,1140338.0
914,1918,30,6,29265582.0,4877597.0
915,846,106,17,4006101.0,235653.0
916,837,198,8,24651080.0,3081385.0
917,515,40,4,3846884.0,961721.0
918,206,27,17,2438922.0,143466.0
919,992,30,1,4877597.0,4877597.0
920,1420,182,9,11866977.0,1318553.0
921,65,167,7,17318413.0,2474059.0
922,249,58,2,177122.0,88561.0
923,2578,439,9,12343734.0,1371526.0
924,830,323,16,6953008.0,434563.0
925,2040,183,7,7356587.0,1050941.0
926,899,17,18,77184936.0,4288052.0
927,1563,32,14,37630782.0,2687913.0
928,1070,258,13,27824264.0,2140328.0
929,752,57,11,9622118.0,874738.0
930,1399,482,3,9407205.0,3135735.0
931,191,254,14,27321868.0,1951562.0
932,2962,466,19,30392609.0,1599611.0
933,1349,353,13,50380330.0,3875410.0
934,1138,19,1,3678028.0,3678028.0
935,987,209,13,7537049.0,579773.0
936,2655,420,12,50360700.0,4196725.0
937,268,331,18,35766612.0,1987034.0
938,613,346,7,25578910.0,3654130.0
939,2779,181,6,7305648.0,1217608.0
940,608,429,3,2249844.0,749948.0
941,1191,403,5,17111880.0,3422376.0
942,721,392,13,34016281.0,2616637.0
943,508,65,14,34388424.0,2456316.0
944,860,425,11,39554493.0,3595863.0
945,2279,35,5,20562430.0,4112486.0
946,1894,386,16,52965472.0,3310342.0
947,928,236,13,24262576.0,1866352.0
948,2610,31,5,5171030.0,1034206.0
949,2210,10,9,3497427.0,388603.0
950,1973,45,19,85408610.0,4495190.0
951,1769,165,13,10056215.0,773555.0
952,30,113,13,14509573.0,1116121.0
953,2785,269,14,35758492.0,2554178.0
954,393,291,12,45251640.0,3770970.0
955,1057,328,1,2160236.0,2160236.0
956,2081,6,14,53566562.0,3826183.0
957,1301,454,20,30023200.0,1501160.0
958,2814,54,14,12522230.0,894445.0
959,928,75,9,10665144.0,1185016.0
960,2966,464,9,3712545.0,412505.0
961,289,204,11,53125193.0,4829563.0
962,2183,37,10,48161560.0,4816156.0
963,1526,410,18,77455782.0,4303099.0
964,1586,292,8,18295624.0,2286953.0
965,2842,440,3,4120992.0,1373664.0
966,2117,234,20,78957100.0,3947855.0
967,173,175,18,52351812.0,2908434.0
968,1441,56,5,5740485.0,1148097.0
969,2266,301,14,23117024.0,1651216.0
970,2421,257,14,62912962.0,4493783.0
971,146,287,3,10284177.0,3428059.0
972,2403,303,3,12886335.0,4295445.0
973,2885,205,19,73609724.0,3874196.0
974,919,1,8,4774128.0,596766.0
975,1406,165,1,773555.0,773555.0
976,1270,33,20,51415540.0,2570777.0
977,1642,411,5,15312370.0,3062474.0
978,1286,412,17,12880390.0,757670.0
979,1116,253,17,77733503.0,4572559.0
980,2259,367,10,31734700.0,3173470.0
981,2472,152,4,19946432.0,4986608.0
982,1791,474,2,7799664.0,3899832.0
983,2407,438,11,29795601.0,2708691.0
984,1522,152,2,9973216.0,4986608.0
985,288,276,15,56077110.0,3738474.0
986,723,316,15,24885585.0,1659039.0
987,2277,427,19,5262810.0,276990.0
988,1869,447,5,8196150.0,1639230.0
989,2902,384,7,23561923.0,3365989.0
990,185,313,13,15354443.0,1181111.0
991,2657,10,20,7772060.0,388603.0
992,1940,302,17,73075129.0,4298537.0
993,654,67,12,19026372.0,1585531.0
994,1698,422,1,3725690.0,3725690.0
995,1247,31,11,11376266.0,1034206.0
996,2457,173,17,74795988.0,4399764.0
997,2039,174,16,38590176.0,2411886.0
998,2144,284,2,9711938.0,4855969.0
999,1054,360,18,35201340.0,1955630.0
1000,1591,268,19,73392744.0,3862776.0
1001,1682,168,15,28382115.0,1892141.0
1002,1092,367,20,63469400.0,3173470.0
1003,2432,137,8,16280216.0,2035027.0
1004,1782,443,3,6204930.0,2068310.0
1005,1849,115,16,63639664.0,3977479.0
1006,2742,402,5,4541460.0,908292.0
1007,612,100,14,24287788.0,1734842.0
1008,1942,416,20,82582840.0,4129142.0
1009,61,264,20,81592820.0,4079641.0
1010,1522,329,12,8540016.0,711668.0
1011,2110,422,6,22354140.0,3725690.0
1012,935,358,13,61868924.0,4759148.0
1013,1488,2,6,17430504.0,2905084.0
1014,1683,113,18,20090178.0,1116121.0
1015,219,384,12,40391868.0,3365989.0
1016,454,249,18,58803894.0,3266883.0
1017,667,427,14,3877860.0,276990.0
1018,2730,258,9,19262952.0,2140328.0
1019,2029,102,18,86743350.0,4819075.0
1020,359,78,13,36251150.0,2788550.0
1021,1811,36,16,40635552.0,2539722.0
1022,1719,248,19,22495658.0,1183982.0
1023,1993,249,19,62070777.0,3266883.0
1024,2670,235,3,8850756.0,2950252.0
1025,1463,189,13,11760710.0,904670.0
1026,1765,23,10,26090440.0,2609044.0
1027,1211,477,2,955664.0,477832.0
1028,497,414,15,12815955.0,854397.0
1029,325,66,3,11124627.0,3708209.0
1030,485,60,19,29559516.0,1555764.0
1031,1741,235,19,56054788.0,2950252.0
1032,2092,492,19,94411950.0,4969050.0
1033,2801,472,20,85531800.0,4276590.0
1034,2603,200,15,35289345.0,2352623.0
1035,2169,114,20,27166640.0,1358332.0
1036,743,189,4,3618680.0,904670.0
1037,820,227,7,11385430.0,1626490.0
1038,2447,20,6,17897436.0,2982906.0
1039,2792,343,5,1735665.0,347133.0
1040,362,276,14,52338636.0,3738474.0
1041,343,27,17,2438922.0,143466.0
1042,2198,388,18,59198778.0,3288821.0
1043,320,17,14,60032728.0,4288052.0
1044,272,357,19,3823883.0,201257.0
1045,1133,456,15,65062440.0,4337496.0
1046,126,108,15,16384455.0,1092297.0
1047,859,452,3,14942469.0,4980823.0
1048,2590,26,16,18653264.0,1165829.0
1049,2001,153,11,7730734.0,702794.0
1050,459,476,7,33898984.0,4842712.0
1051,2751,208,20,32178540.0,1608927.0
1052,1520,289,16,75970640.0,4748165.0
1053,804,380,12,22900980.0,1908415.0
1054,1129,348,2,5672136.0,2836068.0
1055,245,60,14,21780696.0,1555764.0
1056,1960,439,4,5486104.0,1371526.0
1057,436,275,11,12006709.0,1091519.0
1058,270,89,3,774624.0,258208.0
1059,2340,236,6,11198112.0,1866352.0
1060,2551,413,18,44589204.0,2477178.0
1061,369,39,2,7326190.0,3663095.0
1062,2252,157,16,63638240.0,3977390.0
1063,2179,159,10,36975530.0,3697553.0
1064,1570,408,20,91209300.0,4560465.0
1065,2592,105,10,8025300.0,802530.0
1066,217,197,6,16914984.0,2819164.0
1067,1269,439,14,19201364.0,1371526.0
1068,2552,470,13,5347303.0,411331.0
1069,739,474,14,54597648.0,3899832.0
1070,92,401,3,5747481.0,1915827.0
1071,2757,288,13,40186627.0,3091279.0
1072,1088,195,17,19994805.0,1176165.0
1073,1324,441,13,39020592.0,3001584.0
1074,1376,412,14,10607380.0,757670.0
1075,1232,309,7,33810847.0,4830121.0
1076,816,25,19,81553415.0,4292285.0
1077,2287,319,13,62280738.0,4790826.0
1078,1784,368,9,30381669.0,3375741.0
1079,2678,187,1,2759877.0,2759877.0
1080,2586,122,4,15972064.0,3993016.0
1081,464,426,2,9234180.0,4617090.0
1082,1766,185,13,10340577.0,795429.0
1083,829,350,15,21603705.0,1440247.0
1084,2521,366,11,6113338.0,555758.0
1085,2387,145,2,748084.0,374042.0
1086,1536,170,3,708948.0,236316.0
1087,2476,256,20,67007000.0,3350350.0
1088,1123,268,15,57941640.0,3862776.0
1089,591,274,10,1711100.0,171110.0
1090,1532,414,10,8543970.0,854397.0
1091,291,242,2,4033468.0,2016734.0
1092,1605,424,5,14531775.0,2906355.0
1093,2178,335,14,59252914.0,4232351.0
1094,808,266,7,33281752.0,4754536.0
1095,434,116,12,55411500.0,4617625.0
1096,2383,206,2,7754050.0,3877025.0
1097,157,181,11,13393688.0,1217608.0
1098,718,242,11,22184074.0,2016734.0
1099,1968,325,19,27847882.0,1465678.0
1100,2302,314,6,4405206.0,734201.0
1101,2368,32,12,32254956.0,2687913.0
1102,1431,474,5,19499160.0,3899832.0
1103,1717,34,15,21659235.0,1443949.0
1104,2917,175,2,5816868.0,2908434.0
1105,2592,390,1,3278151.0,3278151.0
1106,672,310,19,61863107.0,3255953.0
1107,1449,359,5,12010480.0,2402096.0
1108,276,32,9,24191217.0,2687913.0
1109,731,350,4,5760988.0,1440247.0
1110,2459,229,14,56921312.0,4065808.0
1111,389,360,3,5866890.0,1955630.0
1112,2908,304,19,4072061.0,214319.0
1113,886,217,9,1415610.0,157290.0
1114,1172,167,11,27214649.0,2474059.0
1115,2091,46,3,13319055.0,4439685.0
1116,1102,68,20,22806760.0,1140338.0
1117,658,137,20,40700540.0,2035027.0
1118,1504,147,17,78262305.0,4603665.0
1119,872,356,20,87514120.0,4375706.0
1120,2646,156,17,54808748.0,3224044.0
1121,1845,474,4,15599328.0,3899832.0
1122,611,154,14,16737952.0,1195568.0
1123,680,252,11,34956548.0,3177868.0
1124,1843,291,5,18854850.0,3770970.0
1125,777,494,9,15994800.0,1777200.0
1126,1467,331,16,31792544.0,1987034.0
1127,2030,114,10,13583320.0,1358332.0
1128,951,75,19,22515304.0,1185016.0
1129,193,359,10,24020960.0,2402096.0
1130,1840,272,19,5745790.0,302410.0
1131,494,362,7,31554789.0,4507827.0
1132,1312,118,12,26269920.0,2189160.0
1133,2124,426,16,73873440.0,4617090.0
1134,862,131,14,2423344.0,173096.0
1135,963,284,6,29135814.0,4855969.0
1136,2853,69,15,62476965.0,4165131.0
1137,2950,5,6,21340656.0,3556776.0
1138,341,241,6,19069452.0,3178242.0
1139,2619,280,6,11432382.0,1905397.0
1140,2357,70,15,8253180.0,550212.0
1141,1111,172,8,759520.0,94940.0
1142,416,499,17,51897005.0,3052765.0
1143,2723,69,18,74972358.0,4165131.0
1144,2752,358,8,38073184.0,4759148.0
1145,2545,115,6,23864874.0,3977479.0
1146,1940,451,16,26250240.0,1640640.0
1147,434,424,18,52314390.0,2906355.0
1148,1087,383,12,41497368.0,3458114.0
1149,34,23,2,5218088.0,2609044.0
1150,2926,19,6,22068168.0,3678028.0
1151,1507,72,19,28659372.0,1508388.0
1152,1648,228,4,4946228.0,1236557.0
1153,32,403,9,30801384.0,3422376.0
1154,533,122,14,55902224.0,3993016.0
1155,945,309,12,57961452.0,4830121.0
1156,366,425,17,61129671.0,3595863.0
1157,147,20,17,50709402.0,2982906.0
1158,1481,177,17,3490287.0,205311.0
1159,2119,395,6,9731196.0,1621866.0
1160,2707,332,8,19373024.0,2421628.0
1161,2597,108,16,17476752.0,1092297.0
1162,1116,199,19,31423017.0,1653843.0
1163,2576,442,10,6726260.0,672626.0
1164,2494,419,6,3837618.0,639603.0
1165,1812,68,2,2280676.0,1140338.0
1166,975,374,9,20031930.0,2225770.0
1167,2811,208,17,27351759.0,1608927.0
1168,2775,274,7,1197770.0,171110.0
1169,2969,130,14,63378280.0,4527020.0
1170,2344,418,12,10147884.0,845657.0
1171,1527,184,4,12487680.0,3121920.0
1172,2916,197,17,47925788.0,2819164.0
1173,549,321,15,19750170.0,1316678.0
1174,2751,269,20,51083560.0,2554178.0
1175,1640,207,12,32534076.0,2711173.0
1176,2852,234,9,35530695.0,3947855.0
1177,1572,327,16,75525488.0,4720343.0
1178,1369,413,18,44589204.0,2477178.0
1179,2801,455,10,48745110.0,4874511.0
1180,1648,402,16,14532672.0,908292.0
1181,2114,187,11,30358647.0,2759877.0
1182,2146,403,7,23956632.0,3422376.0
1183,2427,466,5,7998055.0,1599611.0
1184,2063,363,8,14856144.0,1857018.0
1185,500,397,14,7521458.0,537247.0
1186,1915,162,7,27449590.0,3921370.0
1187,775,337,4,10584744.0,2646186.0
1188,472,329,12,8540016.0,711668.0
1189,1110,312,12,9772644.0,814387.0
1190,1505,118,1,2189160.0,2189160.0
1191,1927,367,14,44428580.0,3173470.0
1192,2380,453,6,14169480.0,2361580.0
1193,1281,318,16,15715648.0,982228.0
1194,95,139,7,25263826.0,3609118.0
1195,84,490,17,38860572.0,2285916.0
1196,2010,28,12,48514236.0,4042853.0
1197,1467,105,15,12037950.0,802530.0
1198,2446,308,16,54251104.0,3390694.0
1199,575,170,19,4490004.0,236316.0
1200,2051,181,4,4870432.0,1217608.0
1201,167,193,10,16156230.0,1615623.0
1202,263,301,19,31373104.0,1651216.0
1203,816,70,20,11004240.0,550212.0
1204,1377,189,4,3618680.0,904670.0
1205,2794,428,13,16906032.0,1300464.0
1206,1564,234,4,15791420.0,3947855.0
1207,2140,25,17,72968845.0,4292285.0
1208,2975,403,8,27379008.0,3422376.0
1209,366,260,5,24915420.0,4983084.0
1210,992,32,1,2687913.0,2687913.0
1211,2922,22,10,22004120.0,2200412.0
1212,2059,400,5,2546180.0,509236.0
1213,1580,484,3,5709837.0,1903279.0
1214,746,22,7,15402884.0,2200412.0
1215,1677,103,19,75455954.0,3971366.0
1216,1265,92,2,847490.0,423745.0
1217,920,145,18,6732756.0,374042.0
1218,1117,161,2,834076.0,417038.0
1219,2509,47,9,27985005.0,3109445.0
1220,951,129,16,15969344.0,998084.0
1221,1043,147,1,4603665.0,4603665.0
1222,706,483,6,1172370.0,195395.0
1223,166,68,6,6842028.0,1140338.0
1224,1315,495,18,9605916.0,533662.0
1225,2519,287,12,41136708.0,3428059.0
1226,2313,190,2,9413572.0,4706786.0
1227,213,468,5,8866940.0,1773388.0
1228,2260,221,15,46606395.0,3107093.0
1229,132,300,9,30011274.0,3334586.0
1230,1309,45,3,13485570.0,4495190.0
1231,2356,17,12,51456624.0,4288052.0
1232,2866,381,9,41811417.0,4645713.0
1233,334,304,16,3429104.0,214319.0
1234,890,228,17,21021469.0,1236557.0
1235,1523,339,16,79940352.0,4996272.0
1236,904,129,2,1996168.0,998084.0
1237,35,500,16,23036560.0,1439785.0
1238,1048,478,9,37788489.0,4198721.0
1239,785,262,2,3312524.0,1656262.0
1240,2909,206,6,23262150.0,3877025.0
1241,928,432,7,8597722.0,1228246.0
1242,42,3,7,19947865.0,2849695.0
1243,2830,439,18,24687468.0,1371526.0
1244,112,188,3,12987834.0,4329278.0
1245,1380,105,8,6420240.0,802530.0
1246,675,407,2,691038.0,345519.0
1247,641,12,13,39264914.0,3020378.0
1248,2468,392,20,52332740.0,2616637.0
1249,96,241,16,50851872.0,3178242.0
1250,222,466,11,17595721.0,1599611.0
1251,772,346,18,65774340.0,3654130.0
1252,1175,129,9,8982756.0,998084.0
1253,2125,421,3,5806227.0,1935409.0
1254,226,103,17,67513222.0,3971366.0
1255,2761,105,17,13643010.0,802530.0
1256,2841,424,2,5812710.0,2906355.0
1257,222,356,11,48132766.0,4375706.0
1258,1108,105,14,11235420.0,802530.0
1259,889,444,17,83207996.0,4894588.0
1260,305,330,4,11853856.0,2963464.0
1261,1966,150,13,42092063.0,3237851.0
1262,1720,249,20,65337660.0,3266883.0
1263,109,135,3,9298710.0,3099570.0
1264,110,237,4,17659456.0,4414864.0
1265,2863,204,13,62784319.0,4829563.0
1266,871,186,7,27718152.0,3959736.0
1267,2602,186,13,51476568.0,3959736.0
1268,1310,442,2,1345252.0,672626.0
1269,2665,7,13,14919853.0,1147681.0
1270,595,173,7,30798348.0,4399764.0
1271,174,25,3,12876855.0,4292285.0
1272,1229,95,9,21021030.0,2335670.0
1273,2957,349,10,23705750.0,2370575.0
1274,1828,443,12,24819720.0,2068310.0
1275,179,314,20,14684020.0,734201.0
1276,2419,474,9,35098488.0,3899832.0
1277,724,350,14,20163458.0,1440247.0
1278,2252,293,19,43754093.0,2302847.0
1279,2763,358,11,52350628.0,4759148.0
1280,2537,102,9,43371675.0,4819075.0
1281,593,185,10,7954290.0,795429.0
1282,880,133,18,23941818.0,1330101.0
1283,840,446,12,10371000.0,864250.0
1284,1282,342,14,22036140.0,1574010.0
1285,286,354,17,6877758.0,404574.0
1286,2158,48,16,3434128.0,214633.0
1287,2751,169,9,11889261.0,1321029.0
1288,379,351,11,4918430.0,447130.0
1289,2499,233,9,20866428.0,2318492.0
1290,1012,305,16,47370896.0,2960681.0
1291,1048,342,1,1574010.0,1574010.0
1292,155,184,12,37463040.0,3121920.0
1293,1312,165,1,773555.0,773555.0
1294,103,351,7,3129910.0,447130.0
1295,2112,347,14,11308934.0,807781.0
1296,2249,233,9,20866428.0,2318492.0
1297,2980,333,18,30808584.0,1711588.0
1298,938,88,6,23135328.0,3855888.0
1299,166,454,18,27020880.0,1501160.0
1300,1912,27,19,2725854.0,143466.0
1301,2863,136,16,27029360.0,1689335.0
1302,1805,472,4,17106360.0,4276590.0
1303,1003,56,1,1148097.0,1148097.0
1304,2224,362,3,13523481.0,4507827.0
1305,1711,127,6,7763658.0,1293943.0
1306,1316,401,13,24905751.0,1915827.0
1307,50,295,20,87166740.0,4358337.0
1308,1458,409,8,12916856.0,1614607.0
1309,160,89,14,3614912.0,258208.0
1310,1984,140,5,23669625.0,4733925.0
1311,1950,339,6,29977632.0,4996272.0
1312,1116,321,1,1316678.0,1316678.0
1313,2660,493,12,27503412.0,2291951.0
1314,764,293,1,2302847.0,2302847.0
1315,903,414,8,6835176.0,854397.0
1316,2864,207,3,8133519.0,2711173.0
1317,2931,195,2,2352330.0,1176165.0
1318,1159,113,14,15625694.0,1116121.0
1319,1079,396,5,18109210.0,3621842.0
1320,300,337,18,47631348.0,2646186.0
1321,972,308,18,61032492.0,3390694.0
1322,1720,99,5,20778745.0,4155749.0
1323,554,25,11,47215135.0,4292285.0
1324,792,180,18,37758654.0,2097703.0
1325,2227,130,3,13581060.0,4527020.0
1326,723,444,13,63629644.0,4894588.0
1327,2057,357,12,2415084.0,201257.0
1328,83,351,19,8495470.0,447130.0
1329,2230,206,14,54278350.0,3877025.0
1330,1007,228,5,6182785.0,1236557.0
1331,2189,219,18,53922456.0,2995692.0
1332,1808,241,17,54030114.0,3178242.0
1333,2728,487,20,29112840.0,1455642.0
1334,548,220,13,58959667.0,4535359.0
1335,2984,299,19,3655638.0,192402.0
1336,1542,340,16,18808528.0,1175533.0
1337,1745,94,12,14966196.0,1247183.0
1338,147,121,20,27505860.0,1375293.0
1339,250,235,2,5900504.0,2950252.0
1340,2260,499,17,51897005.0,3052765.0
1341,1367,78,3,8365650.0,2788550.0
1342,1645,67,15,23782965.0,1585531.0
1343,971,248,20,23679640.0,1183982.0
1344,358,278,17,62522872.0,3677816.0
1345,561,414,15,12815955.0,854397.0
1346,2382,83,9,36360612.0,4040068.0
1347,911,283,11,40383002.0,3671182.0
1348,1577,391,15,19829250.0,1321950.0
1349,2127,432,19,23336674.0,1228246.0
1350,2865,156,3,9672132.0,3224044.0
1351,1074,61,2,1361500.0,680750.0
1352,43,340,2,2351066.0,1175533.0
1353,1428,430,14,22139726.0,1581409.0
1354,846,196,16,52366144.0,3272884.0
1355,1045,439,18,24687468.0,1371526.0
1356,794,121,7,9627051.0,1375293.0
1357,2138,450,11,21551882.0,1959262.0
1358,2052,410,15,64546485.0,4303099.0
1359,2156,6,18,68871294.0,3826183.0
1360,2374,449,19,25434445.0,1338655.0
1361,931,306,11,50534627.0,4594057.0
1362,1230,247,12,20179872.0,1681656.0
1363,2888,457,3,1636506.0,545502.0
1364,2435,3,14,39895730.0,2849695.0
1365,2071,7,10,11476810.0,1147681.0
1366,1819,62,5,3436055.0,687211.0
1367,2176,193,9,14540607.0,1615623.0
1368,2217,148,20,33971620.0,1698581.0
1369,1037,485,18,77537898.0,4307661.0
1370,1200,450,7,13714834.0,1959262.0
1371,2019,46,9,39957165.0,4439685.0
1372,1887,471,2,8073322.0,4036661.0
1373,1994,76,2,7213994.0,3606997.0
1374,2230,163,8,19062232.0,2382779.0
1375,1648,219,5,14978460.0,2995692.0
1376,1174,278,6,22066896.0,3677816.0
1377,1934,240,3,12157002.0,4052334.0
1378,1310,158,17,52739372.0,3102316.0
1379,416,390,9,29503359.0,3278151.0
1380,2314,94,8,9977464.0,1247183.0
1381,478,422,2,7451380.0,3725690.0
1382,719,313,19,22441109.0,1181111.0
1383,986,29,3,11561844.0,3853948.0
1384,1930,117,1,4736558.0,4736558.0
1385,427,382,11,8618995.0,783545.0
1386,1492,260,2,9966168.0,4983084.0
1387,712,241,16,50851872.0,3178242.0
1388,3000,329,11,7828348.0,711668.0
1389,2678,179,13,52093743.0,4007211.0
1390,1230,262,17,28156454.0,1656262.0
1391,2401,284,11,53415659.0,4855969.0
1392,1239,122,16,63888256.0,3993016.0
1393,2164,490,2,4571832.0,2285916.0
1394,1146,248,14,16575748.0,1183982.0
1395,1962,376,17,17035496.0,1002088.0
1396,684,49,6,26703954.0,4450659.0
1397,538,102,11,53009825.0,4819075.0
1398,2752,398,2,2135728.0,1067864.0
1399,1193,12,1,3020378.0,3020378.0
1400,469,181,15,18264120.0,1217608.0
1401,2661,266,20,95090720.0,4754536.0
1402,1479,95,12,28028040.0,2335670.0
1403,222,7,3,3443043.0,1147681.0
1404,2114,90,19,58327530.0,3069870.0
1405,879,381,17,78977121.0,4645713.0
1406,2836,206,9,34893225.0,3877025.0
1407,332,273,14,6279644.0,448546.0
1408,2783,3,12,34196340.0,2849695.0
1409,1158,330,4,11853856.0,2963464.0
1410,174,378,7,17308361.0,2472623.0
1411,1867,464,9,3712545.0,412505.0
1412,2707,55,7,31374378.0,4482054.0
1413,2081,21,20,10032880.0,501644.0
1414,2233,136,8,13514680.0,1689335.0
1415,1752,345,1,1851604.0,1851604.0
1416,374,434,17,69487143.0,4087479.0
1417,536,456,5,21687480.0,4337496.0
1418,2682,485,18,77537898.0,4307661.0
1419,499,272,1,302410.0,302410.0
1420,2014,105,8,6420240.0,802530.0
1421,2091,150,12,38854212.0,3237851.0
1422,1900,33,18,46273986.0,2570777.0
1423,877,432,13,15967198.0,1228246.0
1424,580,74,9,2710152.0,301128.0
1425,2987,436,1,3836527.0,3836527.0
1426,1815,492,3,14907150.0,4969050.0
1427,1860,446,14,12099500.0,864250.0
1428,2631,146,11,37305807.0,3391437.0
1429,829,444,6,29367528.0,4894588.0
1430,167,324,18,58271868.0,3237326.0
1431,1610,249,1,3266883.0,3266883.0
1432,803,82,16,71988176.0,4499261.0
1433,1347,162,15,58820550.0,3921370.0
1434,2068,239,5,17517715.0,3503543.0
1435,791,49,12,53407908.0,4450659.0
1436,515,383,2,6916228.0,3458114.0
1437,446,112,4,11713512.0,2928378.0
1438,2853,442,13,8744138.0,672626.0
1439,331,236,13,24262576.0,1866352.0
1440,2313,112,3,8785134.0,2928378.0
1441,1484,152,9,44879472.0,4986608.0
1442,630,469,7,33543979.0,4791997.0
1443,228,230,9,34080813.0,3786757.0
1444,1827,264,8,32637128.0,4079641.0
1445,467,403,10,34223760.0,3422376.0
1446,1638,168,11,20813551.0,1892141.0
1447,930,202,7,9090606.0,1298658.0
1448,2313,246,2,8589608.0,4294804.0
1449,2609,367,2,6346940.0,3173470.0
1450,165,26,1,1165829.0,1165829.0
1451,2604,44,9,22276881.0,2475209.0
1452,727,438,12,32504292.0,2708691.0
1453,2348,367,17,53948990.0,3173470.0
1454,101,226,17,83869721.0,4933513.0
1455,688,366,2,1111516.0,555758.0
1456,496,120,3,7021635.0,2340545.0
1457,928,482,14,43900290.0,3135735.0
1458,525,207,4,10844692.0,2711173.0
1459,1698,57,16,13995808.0,874738.0
1460,2828,357,19,3823883.0,201257.0
1461,2139,143,5,4494400.0,898880.0
1462,2219,114,13,17658316.0,1358332.0
1463,1690,52,12,8521392.0,710116.0
1464,2259,396,18,65193156.0,3621842.0
1465,37,20,12,35794872.0,2982906.0
1466,2381,102,8,38552600.0,4819075.0
1467,2154,49,5,22253295.0,4450659.0
1468,229,451,12,19687680.0,1640640.0
1469,2434,148,20,33971620.0,1698581.0
1470,2372,243,12,1944936.0,162078.0
1471,65,58,20,1771220.0,88561.0
1472,2029,301,1,1651216.0,1651216.0
1473,238,120,16,37448720.0,2340545.0
1474,630,10,20,7772060.0,388603.0
1475,480,359,6,14412576.0,2402096.0
1476,2149,479,7,10037727.0,1433961.0
1477,189,147,20,92073300.0,4603665.0
1478,1356,418,1,845657.0,845657.0
1479,2352,155,13,11100180.0,853860.0
1480,2505,100,5,8674210.0,1734842.0
1481,2406,85,12,35870424.0,2989202.0
1482,2716,67,2,3171062.0,1585531.0
1483,487,300,10,33345860.0,3334586.0
1484,1925,45,5,22475950.0,4495190.0
1485,2311,198,13,40058005.0,3081385.0
1486,1868,332,12,29059536.0,2421628.0
1487,2942,176,7,27652324.0,3950332.0
1488,2361,50,15,60152640.0,4010176.0
1489,1156,185,2,1590858.0,795429.0
1490,1751,82,3,13497783.0,4499261.0
1491,68,165,7,5414885.0,773555.0
1492,1926,386,15,49655130.0,3310342.0
1493,399,67,16,25368496.0,1585531.0
1494,1017,125,18,33338574.0,1852143.0
1495,1103,234,10,39478550.0,3947855.0
1496,1142,166,18,33282270.0,1849015.0
1497,113,256,18,60306300.0,3350350.0
1498,1290,92,17,7203665.0,423745.0
1499,354,161,18,7506684.0,417038.0
1500,2360,470,19,7815289.0,411331.0
1501,2779,457,10,5455020.0,545502.0
1502,1561,103,10,39713660.0,3971366.0
1503,57,66,14,51914926.0,3708209.0
1504,2241,364,17,12652284.0,744252.0
1505,2622,298,1,903187.0,903187.0
1506,395,464,4,1650020.0,412505.0
1507,878,433,3,2208648.0,736216.0
1508,179,108,7,7646079.0,1092297.0
1509,871,149,1,2336027.0,2336027.0
1510,537,483,20,3907900.0,195395.0
1511,603,303,18,77318010.0,4295445.0
1512,1556,439,14,19201364.0,1371526.0
1513,1418,422,6,22354140.0,3725690.0
1514,2535,264,16,65274256.0,4079641.0
1515,1649,165,20,15471100.0,773555.0
1516,1903,376,2,2004176.0,1002088.0
1517,248,151,18,14507208.0,805956.0
1518,2044,298,4,3612748.0,903187.0
1519,157,65,18,44213688.0,2456316.0
1520,1983,250,8,13518992.0,1689874.0
1521,1696,390,5,16390755.0,3278151.0
1522,468,97,9,13567356.0,1507484.0
1523,455,341,9,1535040.0,170560.0
1524,2648,243,12,1944936.0,162078.0
1525,1506,276,19,71031006.0,3738474.0
1526,867,276,3,11215422.0,3738474.0
1527,481,83,14,56560952.0,4040068.0
1528,1291,76,13,46890961.0,3606997.0
1529,349,361,15,44290305.0,2952687.0
1530,111,22,1,2200412.0,2200412.0
1531,648,171,5,21906890.0,4381378.0
1532,753,289,8,37985320.0,4748165.0
1533,1339,70,5,2751060.0,550212.0
1534,260,272,10,3024100.0,302410.0
1535,655,246,20,85896080.0,4294804.0
1536,263,351,4,1788520.0,447130.0
1537,364,28,10,40428530.0,4042853.0
1538,1769,111,3,767199.0,255733.0
1539,1393,368,9,30381669.0,3375741.0
1540,102,72,10,15083880.0,1508388.0
1541,1014,242,4,8066936.0,2016734.0
1542,299,478,7,29391047.0,4198721.0
1543,789,461,17,50257491.0,2956323.0
1544,1654,225,10,1400640.0,140064.0
1545,1032,374,2,4451540.0,2225770.0
1546,1275,444,12,58735056.0,4894588.0
1547,940,244,9,40369851.0,4485539.0
1548,1243,477,8,3822656.0,477832.0
1549,921,450,13,25470406.0,1959262.0
1550,2092,258,15,32104920.0,2140328.0
1551,360,157,8,31819120.0,3977390.0
1552,965,115,18,71594622.0,3977479.0
1553,1096,447,17,27866910.0,1639230.0
1554,586,422,1,3725690.0,3725690.0
1555,306,50,12,48122112.0,4010176.0
1556,1873,132,3,3752883.0,1250961.0
1557,207,233,1,2318492.0,2318492.0
1558,2794,151,13,10477428.0,805956.0
1559,2648,252,12,38134416.0,3177868.0
1560,1646,457,10,5455020.0,545502.0
1561,588,384,13,43757857.0,3365989.0
1562,1314,338,18,76551552.0,4252864.0
1563,822,260,7,34881588.0,4983084.0
1564,455,124,1,2216332.0,2216332.0
1565,507,48,1,214633.0,214633.0
1566,1264,67,1,1585531.0,1585531.0
1567,2142,347,20,16155620.0,807781.0
1568,1010,203,3,1313088.0,437696.0
1569,1506,54,14,12522230.0,894445.0
1570,1198,498,19,87845664.0,4623456.0
1571,2728,228,11,13602127.0,1236557.0
1572,2893,262,20,33125240.0,1656262.0
1573,457,173,14,61596696.0,4399764.0
1574,2519,205,3,11622588.0,3874196.0
1575,164,23,10,26090440.0,2609044.0
1576,2424,167,6,14844354.0,2474059.0
1577,2801,30,13,63408761.0,4877597.0
1578,437,81,3,1134255.0,378085.0
1579,2202,481,9,40667535.0,4518615.0
1580,1740,168,10,18921410.0,1892141.0
1581,1391,188,13,56280614.0,4329278.0
1582,327,246,4,17179216.0,4294804.0
1583,781,160,8,36518096.0,4564762.0
1584,1352,372,13,64683398.0,4975646.0
1585,1047,321,17,22383526.0,1316678.0
1586,1422,188,9,38963502.0,4329278.0
1587,1223,344,18,45862740.0,2547930.0
1588,352,16,18,32733450.0,1818525.0
1589,147,420,17,71344325.0,4196725.0
1590,326,496,15,42675300.0,2845020.0
1591,292,111,11,2813063.0,255733.0
1592,2500,165,5,3867775.0,773555.0
1593,2102,149,17,39712459.0,2336027.0
1594,1510,258,18,38525904.0,2140328.0
1595,1343,389,2,506828.0,253414.0
1596,946,455,9,43870599.0,4874511.0
1597,862,195,9,10585485.0,1176165.0
1598,1814,388,9,29599389.0,3288821.0
1599,614,355,4,18170756.0,4542689.0
1600,2524,390,8,26225208.0,3278151.0
1601,1831,215,2,7869318.0,3934659.0
1602,2950,136,13,21961355.0,1689335.0
1603,1161,157,14,55683460.0,3977390.0
1604,131,217,20,3145800.0,157290.0
1605,2414,81,7,2646595.0,378085.0
1606,2030,466,2,3199222.0,1599611.0
1607,2767,175,3,8725302.0,2908434.0
1608,2711,312,16,13030192.0,814387.0
1609,1271,446,16,13828000.0,864250.0
1610,2665,446,2,1728500.0,864250.0
1611,880,371,9,12533346.0,1392594.0
1612,1467,185,12,9545148.0,795429.0
1613,428,431,16,50036736.0,3127296.0
1614,918,227,11,17891390.0,1626490.0
1615,2354,369,5,21242325.0,4248465.0
1616,1067,314,3,2202603.0,734201.0
1617,451,23,15,39135660.0,2609044.0
1618,2464,357,15,3018855.0,201257.0
1619,649,139,6,21654708.0,3609118.0
1620,2209,468,8,14187104.0,1773388.0
1621,2337,112,4,11713512.0,2928378.0
1622,1067,118,15,32837400.0,2189160.0
1623,2657,324,14,45322564.0,3237326.0
1624,2132,231,1,2394573.0,2394573.0
1625,2611,411,4,12249896.0,3062474.0
1626,244,238,14,7616070.0,544005.0
1627,719,423,18,47607318.0,2644851.0
1628,2605,69,16,66642096.0,4165131.0
1629,2614,59,1,355060.0,355060.0
1630,1104,53,8,11880272.0,1485034.0
1631,682,132,5,6254805.0,1250961.0
1632,2378,246,14,60127256.0,4294804.0
1633,1320,43,12,35447280.0,2953940.0
1634,20,480,20,27641420.0,1382071.0
1635,330,473,16,53310816.0,3331926.0
1636,2275,425,17,61129671.0,3595863.0
1637,2439,425,4,14383452.0,3595863.0
1638,1949,300,4,13338344.0,3334586.0
1639,2898,59,16,5680960.0,355060.0
1640,1048,347,4,3231124.0,807781.0
1641,2528,418,13,10993541.0,845657.0
1642,689,53,7,10395238.0,1485034.0
1643,2178,42,10,36157710.0,3615771.0
1644,1894,327,3,14161029.0,4720343.0
1645,447,452,1,4980823.0,4980823.0
1646,347,66,8,29665672.0,3708209.0
1647,179,409,3,4843821.0,1614607.0
1648,1051,28,10,40428530.0,4042853.0
1649,1315,264,20,81592820.0,4079641.0
1650,304,169,18,23778522.0,1321029.0
1651,83,147,18,82865970.0,4603665.0
1652,2611,127,20,25878860.0,1293943.0
1653,2199,157,5,19886950.0,3977390.0
1654,2881,123,5,14132660.0,2826532.0
1655,1192,300,14,46684204.0,3334586.0
1656,2482,409,19,30677533.0,1614607.0
1657,1343,186,3,11879208.0,3959736.0
1658,1604,212,8,33493184.0,4186648.0
1659,733,34,3,4331847.0,1443949.0
1660,2693,218,16,72390448.0,4524403.0
1661,843,240,17,68889678.0,4052334.0
1662,562,244,1,4485539.0,4485539.0
1663,1378,209,20,11595460.0,579773.0
1664,1874,61,11,7488250.0,680750.0
1665,554,458,12,46719564.0,3893297.0
1666,2167,471,19,76696559.0,4036661.0
1667,2962,394,7,31132206.0,4447458.0
1668,607,393,20,911520.0,45576.0
1669,2148,6,8,30609464.0,3826183.0
1670,2024,376,4,4008352.0,1002088.0
1671,2142,496,12,34140240.0,2845020.0
1672,1210,268,15,57941640.0,3862776.0
1673,2256,386,6,19862052.0,3310342.0
1674,2627,452,15,74712345.0,4980823.0
1675,995,437,10,11310650.0,1131065.0
1676,660,205,6,23245176.0,3874196.0
1677,944,216,2,6626910.0,3313455.0
1678,938,7,11,12624491.0,1147681.0
1679,1586,480,8,11056568.0,1382071.0
1680,2930,484,20,38065580.0,1903279.0
1681,619,205,14,54238744.0,3874196.0
1682,260,461,20,59126460.0,2956323.0
1683,1179,462,15,55199310.0,3679954.0
1684,664,405,2,481300.0,240650.0
1685,381,83,17,68681156.0,4040068.0
1686,2819,206,6,23262150.0,3877025.0
1687,255,330,1,2963464.0,2963464.0
1688,1040,347,10,8077810.0,807781.0
1689,2663,154,11,13151248.0,1195568.0
1690,1915,16,6,10911150.0,1818525.0
1691,744,493,18,41255118.0,2291951.0
1692,2924,478,17,71378257.0,4198721.0
1693,2137,305,3,8882043.0,2960681.0
1694,759,155,1,853860.0,853860.0
1695,2538,160,6,27388572.0,4564762.0
1696,395,449,6,8031930.0,1338655.0
1697,694,294,16,18780992.0,1173812.0
1698,203,136,7,11825345.0,1689335.0
1699,2519,179,14,56100954.0,4007211.0
1700,2511,184,12,37463040.0,3121920.0
1701,1542,439,15,20572890.0,1371526.0
1702,1195,298,13,11741431.0,903187.0
1703,593,121,19,26130567.0,1375293.0
1704,1790,285,10,7060590.0,706059.0
1705,1575,52,6,4260696.0,710116.0
1706,1300,434,1,4087479.0,4087479.0
1707,50,68,4,4561352.0,1140338.0
1708,22,165,18,13923990.0,773555.0
1709,744,434,16,65399664.0,4087479.0
1710,2176,449,20,26773100.0,1338655.0
1711,2136,371,4,5570376.0,1392594.0
1712,2310,22,17,37407004.0,2200412.0
1713,1744,500,3,4319355.0,1439785.0
1714,2090,469,14,67087958.0,4791997.0
1715,245,442,19,12779894.0,672626.0
1716,1710,432,14,17195444.0,1228246.0
1717,2650,148,2,3397162.0,1698581.0
1718,509,446,14,12099500.0,864250.0
1719,600,317,4,10962260.0,2740565.0
1720,2784,108,12,13107564.0,1092297.0
1721,2172,321,18,23700204.0,1316678.0
1722,924,482,20,62714700.0,3135735.0
1723,314,67,19,30125089.0,1585531.0
1724,588,105,11,8827830.0,802530.0
1725,130,211,11,28232908.0,2566628.0
1726,2584,256,18,60306300.0,3350350.0
1727,569,146,13,44088681.0,3391437.0
1728,2000,357,17,3421369.0,201257.0
1729,551,134,10,35434490.0,3543449.0
1730,1299,361,14,41337618.0,2952687.0
1731,2417,440,15,20604960.0,1373664.0
1732,1059,164,11,23059498.0,2096318.0
1733,854,135,15,46493550.0,3099570.0
1734,376,26,5,5829145.0,1165829.0
1735,1958,71,14,50122744.0,3580196.0
1736,1280,428,11,14305104.0,1300464.0
1737,2094,451,6,9843840.0,1640640.0
1738,1088,479,11,15773571.0,1433961.0
1739,2958,117,12,56838696.0,4736558.0
1740,2878,141,8,33915680.0,4239460.0
1741,2000,242,4,8066936.0,2016734.0
1742,2079,112,20,58567560.0,2928378.0
1743,2228,337,20,52923720.0,2646186.0
1744,1807,120,5,11702725.0,2340545.0
1745,1780,154,13,15542384.0,1195568.0
1746,1520,125,19,35190717.0,1852143.0
1747,1674,378,1,2472623.0,2472623.0
1748,1507,322,20,82775480.0,4138774.0
1749,2228,51,16,2771472.0,173217.0
1750,1758,29,11,42393428.0,3853948.0
1751,2299,344,1,2547930.0,2547930.0
1752,57,34,3,4331847.0,1443949.0
1753,1488,199,18,29769174.0,1653843.0
1754,25,457,4,2182008.0,545502.0
1755,1893,277,14,5017572.0,358398.0
1756,1058,403,12,41068512.0,3422376.0
1757,2580,111,1,255733.0,255733.0
1758,2329,193,5,8078115.0,1615623.0
1759,1822,333,2,3423176.0,1711588.0
1760,1600,238,3,1632015.0,544005.0
1761,1723,94,8,9977464.0,1247183.0
1762,2137,372,10,49756460.0,4975646.0
1763,2333,438,12,32504292.0,2708691.0
1764,144,109,15,3579585.0,238639.0
1765,1428,71,17,60863332.0,3580196.0
1766,504,176,16,63205312.0,3950332.0
1767,2547,93,7,422387.0,60341.0
1768,723,36,14,35556108.0,2539722.0
1769,1286,445,17,62110452.0,3653556.0
1770,938,375,14,33779018.0,2412787.0
1771,753,156,5,16120220.0,3224044.0
1772,1167,481,17,76816455.0,4518615.0
1773,409,216,3,9940365.0,3313455.0
1774,2152,474,16,62397312.0,3899832.0
1775,2888,91,12,45993588.0,3832799.0
1776,2582,65,2,4912632.0,2456316.0
1777,2238,275,11,12006709.0,1091519.0
1778,1510,246,17,73011668.0,4294804.0
1779,1455,34,1,1443949.0,1443949.0
1780,1091,403,3,10267128.0,3422376.0
1781,1479,86,13,38894804.0,2991908.0
1782,2342,480,1,1382071.0,1382071.0
1783,2298,473,1,3331926.0,3331926.0
1784,739,283,6,22027092.0,3671182.0
1785,738,327,4,18881372.0,4720343.0
1786,1574,69,11,45816441.0,4165131.0
1787,1872,496,12,34140240.0,2845020.0
1788,25,150,8,25902808.0,3237851.0
1789,1510,251,7,10363038.0,1480434.0
1790,157,431,15,46909440.0,3127296.0
1791,1800,468,1,1773388.0,1773388.0
1792,1009,306,6,27564342.0,4594057.0
1793,787,386,13,43034446.0,3310342.0
1794,2909,224,2,2881086.0,1440543.0
1795,2184,493,3,6875853.0,2291951.0
1796,2833,444,16,78313408.0,4894588.0
1797,801,25,17,72968845.0,4292285.0
1798,962,31,7,7239442.0,1034206.0
1799,1994,146,8,27131496.0,3391437.0
1800,2131,330,10,29634640.0,2963464.0
1801,61,250,17,28727858.0,1689874.0
1802,446,13,2,2953226.0,1476613.0
1803,1449,316,5,8295195.0,1659039.0
1804,981,334,14,54555718.0,3896837.0
1805,819,352,10,18274830.0,1827483.0
1806,2452,359,1,2402096.0,2402096.0
1807,670,391,8,10575600.0,1321950.0
1808,1043,197,16,45106624.0,2819164.0
1809,1103,444,15,73418820.0,4894588.0
1810,516,409,16,25833712.0,1614607.0
1811,2154,230,13,49227841.0,3786757.0
1812,2718,189,11,9951370.0,904670.0
1813,2335,197,18,50744952.0,2819164.0
1814,1104,6,4,15304732.0,3826183.0
1815,613,132,6,7505766.0,1250961.0
1816,1346,81,5,1890425.0,378085.0
1817,2232,474,14,54597648.0,3899832.0
1818,1211,474,16,62397312.0,3899832.0
1819,1448,276,5,18692370.0,3738474.0
1820,452,352,1,1827483.0,1827483.0
1821,1924,417,20,42144260.0,2107213.0
1822,2975,106,16,3770448.0,235653.0
1823,584,297,8,12845168.0,1605646.0
1824,1627,20,17,50709402.0,2982906.0
1825,1420,224,15,21608145.0,1440543.0
1826,1108,44,16,39603344.0,2475209.0
1827,406,404,9,22392873.0,2488097.0
1828,2800,488,11,13420187.0,1220017.0
1829,1453,397,6,3223482.0,537247.0
1830,2853,281,18,4555332.0,253074.0
1831,932,408,8,36483720.0,4560465.0
1832,101,16,19,34551975.0,1818525.0
1833,2241,415,20,1622660.0,81133.0
1834,1187,343,10,3471330.0,347133.0
1835,1537,239,1,3503543.0,3503543.0
1836,907,488,18,21960306.0,1220017.0
1837,908,346,2,7308260.0,3654130.0
1838,187,177,20,4106220.0,205311.0
1839,2565,333,12,20539056.0,1711588.0
1840,1891,265,10,10248830.0,1024883.0
1841,1125,279,6,19215294.0,3202549.0
1842,1912,58,15,1328415.0,88561.0
1843,2740,312,2,1628774.0,814387.0
1844,528,146,17,57654429.0,3391437.0
1845,282,337,11,29108046.0,2646186.0
1846,1464,153,14,9839116.0,702794.0
1847,1932,82,20,89985220.0,4499261.0
1848,668,401,4,7663308.0,1915827.0
1849,185,341,13,2217280.0,170560.0
1850,1113,277,10,3583980.0,358398.0
1851,1026,483,8,1563160.0,195395.0
1852,262,174,18,43413948.0,2411886.0
1853,1574,82,17,76487437.0,4499261.0
1854,2961,57,11,9622118.0,874738.0
1855,249,77,17,9951834.0,585402.0
1856,1115,476,12,58112544.0,4842712.0
1857,2472,340,17,19984061.0,1175533.0
1858,2034,7,12,13772172.0,1147681.0
1859,2160,388,12,39465852.0,3288821.0
1860,471,70,20,11004240.0,550212.0
1861,1833,70,10,5502120.0,550212.0
1862,2924,173,11,48397404.0,4399764.0
1863,1401,186,5,19798680.0,3959736.0
1864,1630,313,20,23622220.0,1181111.0
1865,2878,427,16,4431840.0,276990.0
1866,480,346,8,29233040.0,3654130.0
1867,2835,268,3,11588328.0,3862776.0
1868,2580,382,18,14103810.0,783545.0
1869,2125,432,6,7369476.0,1228246.0
1870,440,418,9,7610913.0,845657.0
1871,1958,117,15,71048370.0,4736558.0
1872,2196,269,18,45975204.0,2554178.0
1873,2815,430,8,12651272.0,1581409.0
1874,2093,134,3,10630347.0,3543449.0
1875,296,299,8,1539216.0,192402.0
1876,481,25,12,51507420.0,4292285.0
1877,1205,490,2,4571832.0,2285916.0
1878,1254,325,9,13191102.0,1465678.0
1879,2727,379,8,12005144.0,1500643.0
1880,1387,373,20,74926240.0,3746312.0
1881,1949,432,2,2456492.0,1228246.0
1882,1464,257,7,31456481.0,4493783.0
1883,2886,235,12,35403024.0,2950252.0
1884,1540,378,18,44507214.0,2472623.0
1885,2743,71,17,60863332.0,3580196.0
1886,2860,94,11,13719013.0,1247183.0
1887,2004,286,2,2493808.0,1246904.0
1888,376,314,20,14684020.0,734201.0
1889,2266,323,19,8256697.0,434563.0
1890,2577,454,18,27020880.0,1501160.0
1891,565,493,6,13751706.0,2291951.0
1892,1760,399,12,19182468.0,1598539.0
1893,2337,105,14,11235420.0,802530.0
1894,1969,3,2,5699390.0,2849695.0
1895,742,284,7,33991783.0,4855969.0
1896,959,373,8,29970496.0,3746312.0
1897,2665,79,18,38057130.0,2114285.0
1898,1537,429,13,9749324.0,749948.0
1899,371,323,5,2172815.0,434563.0
1900,2454,101,16,42236016.0,2639751.0
1901,2165,309,6,28980726.0,4830121.0
1902,2468,334,8,31174696.0,3896837.0
1903,1780,303,18,77318010.0,4295445.0
1904,1132,378,15,37089345.0,2472623.0
1905,1654,328,10,21602360.0,2160236.0
1906,495,354,15,6068610.0,404574.0
1907,1008,492,4,19876200.0,4969050.0
1908,2508,173,4,17599056.0,4399764.0
1909,855,6,19,72697477.0,3826183.0
1910,294,259,19,4317313.0,227227.0
1911,781,234,4,15791420.0,3947855.0
1912,2007,79,7,14799995.0,2114285.0
1913,2087,356,16,70011296.0,4375706.0
1914,408,115,14,55684706.0,3977479.0
1915,1945,105,15,12037950.0,802530.0
1916,2821,8,7,20911947.0,2987421.0
1917,261,426,8,36936720.0,4617090.0
1918,2956,339,12,59955264.0,4996272.0
1919,1432,114,7,9508324.0,1358332.0
1920,1131,102,7,33733525.0,4819075.0
1921,2729,234,14,55269970.0,3947855.0
1922,2302,283,10,36711820.0,3671182.0
1923,1366,264,8,32637128.0,4079641.0
1924,1750,252,9,28600812.0,3177868.0
1925,1259,473,18,59974668.0,3331926.0
1926,2076,336,8,19840688.0,2480086.0
1927,1244,295,7,30508359.0,4358337.0
1928,85,41,17,61338601.0,3608153.0
1929,1468,184,14,43706880.0,3121920.0
1930,2858,72,13,19609044.0,1508388.0
1931,580,408,8,36483720.0,4560465.0
1932,2260,248,2,2367964.0,1183982.0
1933,294,96,20,48430700.0,2421535.0
1934,243,32,13,34942869.0,2687913.0
1935,104,253,2,9145118.0,4572559.0
1936,2590,249,5,16334415.0,3266883.0
1937,574,238,1,544005.0,544005.0
1938,458,273,3,1345638.0,448546.0
1939,2181,25,19,81553415.0,4292285.0
1940,1643,130,10,45270200.0,4527020.0
1941,1204,410,17,73152683.0,4303099.0
1942,2651,16,15,27277875.0,1818525.0
1943,2779,306,14,64316798.0,4594057.0
1944,1905,401,1,1915827.0,1915827.0
1945,693,43,12,35447280.0,2953940.0
1946,2847,79,17,35942845.0,2114285.0
1947,1130,473,16,53310816.0,3331926.0
1948,2662,496,7,19915140.0,2845020.0
1949,721,476,7,33898984.0,4842712.0
1950,1453,215,1,3934659.0,3934659.0
1951,1123,298,18,16257366.0,903187.0
1952,61,414,7,5980779.0,854397.0
1953,1504,358,10,47591480.0,4759148.0
1954,2806,32,3,8063739.0,2687913.0
1955,2141,382,19,14887355.0,783545.0
1956,1895,404,5,12440485.0,2488097.0
1957,2195,59,4,1420240.0,355060.0
1958,2,154,10,11955680.0,1195568.0
1959,2100,26,9,10492461.0,1165829.0
1960,2087,341,13,2217280.0,170560.0
1961,396,406,2,3636138.0,1818069.0
1962,2601,48,16,3434128.0,214633.0
1963,1498,248,16,18943712.0,1183982.0
1964,1946,428,14,18206496.0,1300464.0
1965,1576,168,6,11352846.0,1892141.0
1966,634,36,5,12698610.0,2539722.0
1967,2623,49,6,26703954.0,4450659.0
1968,79,266,19,90336184.0,4754536.0
1969,2439,140,7,33137475.0,4733925.0
1970,2083,250,5,8449370.0,1689874.0
1971,270,454,16,24018560.0,1501160.0
1972,2343,99,10,41557490.0,4155749.0
1973,1053,377,4,14442056.0,3610514.0
1974,22,445,20,73071120.0,3653556.0
1975,81,238,6,3264030.0,544005.0
1976,1070,231,18,43102314.0,2394573.0
1977,2848,499,1,3052765.0,3052765.0
1978,150,128,6,10838502.0,1806417.0
1979,2429,346,20,73082600.0,3654130.0
1980,2150,336,4,9920344.0,2480086.0
1981,1336,143,12,10786560.0,898880.0
1982,397,378,7,17308361.0,2472623.0
1983,922,139,13,46918534.0,3609118.0
1984,249,119,9,1397916.0,155324.0
1985,1616,349,17,40299775.0,2370575.0
1986,2770,80,1,2662719.0,2662719.0
1987,1335,497,14,57558060.0,4111290.0
1988,272,392,7,18316459.0,2616637.0
1989,255,166,12,22188180.0,1849015.0
1990,529,59,2,710120.0,355060.0
1991,151,287,12,41136708.0,3428059.0
1992,731,294,16,18780992.0,1173812.0
1993,1630,88,13,50126544.0,3855888.0
1994,2417,274,10,1711100.0,171110.0
1995,441,49,2,8901318.0,4450659.0
1996,1751,371,12,16711128.0,1392594.0
1997,184,235,15,44253780.0,2950252.0
1998,2133,75,15,17775240.0,1185016.0
1999,2122,57,8,6997904.0,874738.0
2000,2692,367,4,12693880.0,3173470.0
2001,1608,117,11,52102138.0,4736558.0
2002,506,200,8,18820984.0,2352623.0
2003,2396,106,8,1885224.0,235653.0
2004,2471,357,4,805028.0,201257.0
2005,1657,15,18,67667778.0,3759321.0
2006,108,9,9,35468136.0,3940904.0
2007,661,21,14,7023016.0,501644.0
2008,2445,485,9,38768949.0,4307661.0
2009,391,397,16,8595952.0,537247.0
2010,2685,353,9,34878690.0,3875410.0
2011,881,284,5,24279845.0,4855969.0
2012,2624,248,2,2367964.0,1183982.0
2013,1733,269,7,17879246.0,2554178.0
2014,2584,169,11,14531319.0,1321029.0
2015,105,160,16,73036192.0,4564762.0
2016,2407,291,16,60335520.0,3770970.0
2017,2544,111,5,1278665.0,255733.0
2018,810,388,10,32888210.0,3288821.0
2019,2738,18,14,66302488.0,4735892.0
2020,817,143,11,9887680.0,898880.0
2021,1118,454,6,9006960.0,1501160.0
2022,2287,246,13,55832452.0,4294804.0
2023,2100,346,12,43849560.0,3654130.0
2024,1011,98,4,2169208.0,542302.0
2025,2424,431,4,12509184.0,3127296.0
2026,1087,301,11,18163376.0,1651216.0
2027,1086,145,2,748084.0,374042.0
2028,977,32,20,53758260.0,2687913.0
2029,2984,171,16,70102048.0,4381378.0
2030,2162,296,4,10061888.0,2515472.0
2031,1477,72,12,18100656.0,1508388.0
2032,2441,494,18,31989600.0,1777200.0
2033,1933,52,20,14202320.0,710116.0
2034,50,320,11,18878354.0,1716214.0
2035,854,170,1,236316.0,236316.0
2036,2594,171,18,78864804.0,4381378.0
2037,284,363,12,22284216.0,1857018.0
2038,391,281,20,5061480.0,253074.0
2039,1631,459,6,16109514.0,2684919.0
2040,2693,207,6,16267038.0,2711173.0
2041,1209,40,14,13464094.0,961721.0
2042,1322,243,16,2593248.0,162078.0
2043,1971,173,20,87995280.0,4399764.0
2044,2617,153,14,9839116.0,702794.0
2045,1193,151,8,6447648.0,805956.0
2046,2251,188,19,82256282.0,4329278.0
2047,340,69,13,54146703.0,4165131.0
2048,1574,151,9,7253604.0,805956.0
2049,1081,117,15,71048370.0,4736558.0
2050,1261,442,4,2690504.0,672626.0
2051,2911,359,19,45639824.0,2402096.0
2052,372,431,14,43782144.0,3127296.0
2053,2638,250,7,11829118.0,1689874.0
2054,376,328,3,6480708.0,2160236.0
2055,2387,382,17,13320265.0,783545.0
2056,2208,10,13,5051839.0,388603.0
2057,2060,399,17,27175163.0,1598539.0
2058,2765,453,4,9446320.0,2361580.0
2059,2653,95,16,37370720.0,2335670.0
2060,440,278,11,40455976.0,3677816.0
2061,1088,175,17,49443378.0,2908434.0
2062,2641,435,5,16885660.0,3377132.0
2063,2226,107,15,5110425.0,340695.0
2064,691,105,6,4815180.0,802530.0
2065,2506,372,4,19902584.0,4975646.0
2066,83,384,16,53855824.0,3365989.0
2067,2615,36,3,7619166.0,2539722.0
2068,2886,312,10,8143870.0,814387.0
2069,836,257,7,31456481.0,4493783.0
2070,579,188,3,12987834.0,4329278.0
2071,144,121,17,23379981.0,1375293.0
2072,1036,49,5,22253295.0,4450659.0
2073,850,193,4,6462492.0,1615623.0
2074,266,139,17,61355006.0,3609118.0
2075,1713,286,13,16209752.0,1246904.0
2076,2569,238,14,7616070.0,544005.0
2077,2897,404,20,49761940.0,2488097.0
2078,427,404,5,12440485.0,2488097.0
2079,1736,413,20,49543560.0,2477178.0
2080,196,90,13,39908310.0,3069870.0
2081,2038,147,9,41432985.0,4603665.0
2082,2675,363,10,18570180.0,1857018.0
2083,326,37,17,81874652.0,4816156.0
2084,1432,429,17,12749116.0,749948.0
2085,1123,106,16,3770448.0,235653.0
2086,2497,302,16,68776592.0,4298537.0
2087,952,271,20,28168060.0,1408403.0
2088,345,275,20,21830380.0,1091519.0
2089,2105,399,19,30372241.0,1598539.0
2090,1699,152,19,94745552.0,4986608.0
2091,2160,187,11,30358647.0,2759877.0
2092,1309,28,3,12128559.0,4042853.0
2093,2610,333,4,6846352.0,1711588.0
2094,2223,350,20,28804940.0,1440247.0
2095,1733,435,13,43902716.0,3377132.0
2096,1417,162,3,11764110.0,3921370.0
2097,1788,135,4,12398280.0,3099570.0
2098,1969,293,2,4605694.0,2302847.0
2099,1945,242,3,6050202.0,2016734.0
2100,2398,356,8,35005648.0,4375706.0
2101,2097,360,18,35201340.0,1955630.0
2102,2844,148,20,33971620.0,1698581.0
2103,231,427,13,3600870.0,276990.0
2104,12,483,6,1172370.0,195395.0
2105,327,334,1,3896837.0,3896837.0
2106,474,176,19,75056308.0,3950332.0
2107,2368,459,11,29534109.0,2684919.0
2108,2947,53,20,29700680.0,1485034.0
2109,312,154,19,22715792.0,1195568.0
2110,1010,283,9,33040638.0,3671182.0
2111,1343,269,6,15325068.0,2554178.0
2112,1358,247,7,11771592.0,1681656.0
2113,1723,434,18,73574622.0,4087479.0
2114,2897,377,10,36105140.0,3610514.0
2115,1568,332,19,46010932.0,2421628.0
2116,2257,375,13,31366231.0,2412787.0
2117,2960,151,3,2417868.0,805956.0
2118,2270,345,3,5554812.0,1851604.0
2119,401,109,20,4772780.0,238639.0
2120,1461,299,6,1154412.0,192402.0
2121,62,475,11,54020505.0,4910955.0
2122,2779,24,2,2454202.0,1227101.0
2123,1138,363,10,18570180.0,1857018.0
2124,1441,204,6,28977378.0,4829563.0
2125,2905,392,19,49716103.0,2616637.0
2126,2805,301,17,28070672.0,1651216.0
2127,1842,40,15,14425815.0,961721.0
2128,2265,282,20,49641080.0,2482054.0
2129,36,69,16,66642096.0,4165131.0
2130,668,318,20,19644560.0,982228.0
2131,559,395,17,27571722.0,1621866.0
2132,1949,78,5,13942750.0,2788550.0
2133,266,381,11,51102843.0,4645713.0
2134,606,350,17,24484199.0,1440247.0
2135,1608,457,9,4909518.0,545502.0
2136,299,125,14,25930002.0,1852143.0
2137,1051,238,8,4352040.0,544005.0
2138,322,186,17,67315512.0,3959736.0
2139,567,402,12,10899504.0,908292.0
2140,1669,295,3,13075011.0,4358337.0
2141,2692,128,5,9032085.0,1806417.0
2142,2074,460,5,22730975.0,4546195.0
2143,1398,50,15,60152640.0,4010176.0
2144,653,30,12,58531164.0,4877597.0
2145,58,169,12,15852348.0,1321029.0
2146,521,71,12,42962352.0,3580196.0
2147,1780,244,13,58312007.0,4485539.0
2148,2818,103,1,3971366.0,3971366.0
2149,2968,282,20,49641080.0,2482054.0
2150,2996,83,3,12120204.0,4040068.0
2151,546,357,9,1811313.0,201257.0
2152,170,418,20,16913140.0,845657.0
2153,574,106,12,2827836.0,235653.0
2154,1961,328,20,43204720.0,2160236.0
2155,147,72,17,25642596.0,1508388.0
2156,1238,353,13,50380330.0,3875410.0
2157,2079,271,2,2816806.0,1408403.0
2158,2203,320,10,17162140.0,1716214.0
2159,1316,333,6,10269528.0,1711588.0
2160,1039,195,12,14113980.0,1176165.0
2161,2586,218,15,67866045.0,4524403.0
2162,569,77,6,3512412.0,585402.0
2163,1215,388,15,49332315.0,3288821.0
2164,531,495,20,10673240.0,533662.0
2165,2754,261,12,48160392.0,4013366.0
2166,927,185,11,8749719.0,795429.0
2167,814,248,18,21311676.0,1183982.0
2168,1305,90,1,3069870.0,3069870.0
2169,1001,72,14,21117432.0,1508388.0
2170,1763,238,18,9792090.0,544005.0
2171,2451,157,10,39773900.0,3977390.0
2172,1763,13,1,1476613.0,1476613.0
2173,205,269,10,25541780.0,2554178.0
2174,2749,274,16,2737760.0,171110.0
2175,30,374,8,17806160.0,2225770.0
2176,1770,60,5,7778820.0,1555764.0
2177,1092,441,12,36019008.0,3001584.0
2178,2388,28,6,24257118.0,4042853.0
2179,2157,135,12,37194840.0,3099570.0
2180,2087,422,2,7451380.0,3725690.0
2181,2156,494,3,5331600.0,1777200.0
2182,1796,88,3,11567664.0,3855888.0
2183,2594,237,15,66222960.0,4414864.0
2184,152,162,17,66663290.0,3921370.0
2185,1902,455,12,58494132.0,4874511.0
2186,1902,415,15,1216995.0,81133.0
2187,938,363,13,24141234.0,1857018.0
2188,675,167,9,22266531.0,2474059.0
2189,1887,316,16,26544624.0,1659039.0
2190,180,324,6,19423956.0,3237326.0
2191,2679,57,17,14870546.0,874738.0
2192,294,202,8,10389264.0,1298658.0
2193,2111,168,11,20813551.0,1892141.0
2194,1669,331,7,13909238.0,1987034.0
2195,502,445,17,62110452.0,3653556.0
2196,537,496,14,39830280.0,2845020.0
2197,2473,388,7,23021747.0,3288821.0
2198,1518,277,15,5375970.0,358398.0
2199,229,489,17,10323743.0,607279.0
2200,1603,379,6,9003858.0,1500643.0
2201,854,171,17,74483426.0,4381378.0
2202,2657,26,11,12824119.0,1165829.0
2203,2677,8,7,20911947.0,2987421.0
2204,2721,253,5,22862795.0,4572559.0
2205,2011,54,15,13416675.0,894445.0
2206,170,226,14,69069182.0,4933513.0
2207,1647,269,1,2554178.0,2554178.0
2208,2376,227,13,21144370.0,1626490.0
2209,1287,242,12,24200808.0,2016734.0
2210,2391,430,10,15814090.0,1581409.0
2211,1534,325,14,20519492.0,1465678.0
2212,2295,132,3,3752883.0,1250961.0
2213,643,411,20,61249480.0,3062474.0
2214,2778,402,1,908292.0,908292.0
2215,1753,376,18,18037584.0,1002088.0
2216,1341,332,1,2421628.0,2421628.0
2217,1118,127,11,14233373.0,1293943.0
2218,819,458,9,35039673.0,3893297.0
2219,1461,231,7,16762011.0,2394573.0
2220,991,396,7,25352894.0,3621842.0
2221,674,3,20,56993900.0,2849695.0
2222,1391,170,13,3072108.0,236316.0
2223,2265,131,17,2942632.0,173096.0
2224,2085,290,10,36703210.0,3670321.0
2225,2661,208,18,28960686.0,1608927.0
2226,567,467,16,64184528.0,4011533.0
2227,2980,28,19,76814207.0,4042853.0
2228,1145,466,15,23994165.0,1599611.0
2229,200,42,13,47005023.0,3615771.0
2230,64,60,19,29559516.0,1555764.0
2231,2128,197,7,19734148.0,2819164.0
2232,2897,12,7,21142646.0,3020378.0
2233,1630,365,12,39032148.0,3252679.0
2234,2949,327,17,80245831.0,4720343.0
2235,2139,144,9,8102826.0,900314.0
2236,1587,277,17,6092766.0,358398.0
2237,2874,207,13,35245249.0,2711173.0
2238,2491,213,17,75142839.0,4420167.0
2239,460,464,16,6600080.0,412505.0
2240,967,187,8,22079016.0,2759877.0
2241,2988,366,17,9447886.0,555758.0
2242,122,162,15,58820550.0,3921370.0
2243,1665,143,19,17078720.0,898880.0
2244,802,83,10,40400680.0,4040068.0
2245,1920,159,10,36975530.0,3697553.0
2246,524,143,18,16179840.0,898880.0
2247,1125,431,10,31272960.0,3127296.0
2248,2755,406,6,10908414.0,1818069.0
2249,2569,208,18,28960686.0,1608927.0
2250,2075,436,10,38365270.0,3836527.0
2251,1859,132,10,12509610.0,1250961.0
2252,1397,481,1,4518615.0,4518615.0
2253,2892,298,13,11741431.0,903187.0
2254,2391,71,10,35801960.0,3580196.0
2255,1450,330,9,26671176.0,2963464.0
2256,728,206,14,54278350.0,3877025.0
2257,1908,409,1,1614607.0,1614607.0
2258,605,392,4,10466548.0,2616637.0
2259,2615,253,7,32007913.0,4572559.0
2260,734,89,13,3356704.0,258208.0
2261,533,246,18,77306472.0,4294804.0
2262,397,463,13,31243199.0,2403323.0
2263,586,404,14,34833358.0,2488097.0
2264,628,148,6,10191486.0,1698581.0
2265,1377,443,19,39297890.0,2068310.0
2266,1476,413,4,9908712.0,2477178.0
2267,1647,209,5,2898865.0,579773.0
2268,1331,182,7,9229871.0,1318553.0
2269,1570,109,20,4772780.0,238639.0
2270,2577,331,4,7948136.0,1987034.0
2271,2857,63,3,9075042.0,3025014.0
2272,2235,406,15,27271035.0,1818069.0
2273,2184,261,2,8026732.0,4013366.0
2274,113,349,14,33188050.0,2370575.0
2275,2781,204,5,24147815.0,4829563.0
2276,1342,116,9,41558625.0,4617625.0
2277,1618,500,2,2879570.0,1439785.0
2278,860,217,2,314580.0,157290.0
2279,1407,474,6,23398992.0,3899832.0
2280,1549,311,4,15607236.0,3901809.0
2281,2214,401,3,5747481.0,1915827.0
2282,2680,199,14,23153802.0,1653843.0
2283,2317,224,16,23048688.0,1440543.0
2284,1981,30,16,78041552.0,4877597.0
2285,1798,314,20,14684020.0,734201.0
2286,2860,365,13,42284827.0,3252679.0
2287,1274,314,9,6607809.0,734201.0
2288,2666,461,14,41388522.0,2956323.0
2289,952,228,15,18548355.0,1236557.0
2290,843,43,6,17723640.0,2953940.0
2291,2180,156,15,48360660.0,3224044.0
2292,1584,294,2,2347624.0,1173812.0
2293,1281,154,3,3586704.0,1195568.0
2294,436,318,8,7857824.0,982228.0
2295,2908,186,9,35637624.0,3959736.0
2296,2156,274,8,1368880.0,171110.0
2297,1435,5,10,35567760.0,3556776.0
2298,788,411,11,33687214.0,3062474.0
2299,1488,231,15,35918595.0,2394573.0
2300,2759,261,19,76253954.0,4013366.0
2301,2194,281,9,2277666.0,253074.0
2302,683,397,11,5909717.0,537247.0
2303,319,234,18,71061390.0,3947855.0
2304,55,354,4,1618296.0,404574.0
2305,708,365,8,26021432.0,3252679.0
2306,2290,374,11,24483470.0,2225770.0
2307,1769,403,16,54758016.0,3422376.0
2308,2938,238,19,10336095.0,544005.0
2309,222,458,19,73972643.0,3893297.0
2310,2661,226,7,34534591.0,4933513.0
2311,1280,347,2,1615562.0,807781.0
2312,505,161,18,7506684.0,417038.0
2313,2918,214,19,31417032.0,1653528.0
2314,1274,154,17,20324656.0,1195568.0
2315,1726,303,12,51545340.0,4295445.0
2316,1326,3,20,56993900.0,2849695.0
2317,1574,458,18,70079346.0,3893297.0
2318,2719,96,15,36323025.0,2421535.0
2319,369,228,8,9892456.0,1236557.0
2320,266,31,13,13444678.0,1034206.0
2321,1294,232,1,2219798.0,2219798.0
2322,1869,4,11,53758540.0,4887140.0
2323,314,125,1,1852143.0,1852143.0
2324,2917,432,5,6141230.0,1228246.0
2325,594,285,1,706059.0,706059.0
2326,1913,469,4,19167988.0,4791997.0
2327,2725,150,17,55043467.0,3237851.0
2328,553,238,11,5984055.0,544005.0
2329,77,222,10,18149620.0,1814962.0
2330,2897,428,4,5201856.0,1300464.0
2331,464,193,1,1615623.0,1615623.0
2332,1329,33,15,38561655.0,2570777.0
2333,105,99,13,54024737.0,4155749.0
2334,90,444,1,4894588.0,4894588.0
2335,1056,383,19,65704166.0,3458114.0
2336,1649,475,16,78575280.0,4910955.0
2337,2369,67,3,4756593.0,1585531.0
2338,320,388,6,19732926.0,3288821.0
2339,1475,481,19,85853685.0,4518615.0
2340,2153,432,14,17195444.0,1228246.0
2341,1418,273,12,5382552.0,448546.0
2342,1440,416,11,45420562.0,4129142.0
2343,2962,30,19,92674343.0,4877597.0
2344,1050,229,10,40658080.0,4065808.0
2345,1952,326,18,63441666.0,3524537.0
2346,2280,375,7,16889509.0,2412787.0
2347,664,427,17,4708830.0,276990.0
2348,386,420,20,83934500.0,4196725.0
2349,2803,60,1,1555764.0,1555764.0
2350,487,422,11,40982590.0,3725690.0
2351,923,14,5,10790580.0,2158116.0
2352,1607,249,11,35935713.0,3266883.0
2353,2187,262,20,33125240.0,1656262.0
2354,2279,161,3,1251114.0,417038.0
2355,2928,191,17,33933275.0,1996075.0
2356,36,293,11,25331317.0,2302847.0
2357,2422,422,9,33531210.0,3725690.0
2358,2461,253,2,9145118.0,4572559.0
2359,1055,197,7,19734148.0,2819164.0
2360,2600,476,5,24213560.0,4842712.0
2361,1046,366,19,10559402.0,555758.0
2362,1595,323,10,4345630.0,434563.0
2363,2424,309,20,96602420.0,4830121.0
2364,2501,399,9,14386851.0,1598539.0
2365,1028,487,13,18923346.0,1455642.0
2366,1077,497,12,49335480.0,4111290.0
2367,317,375,16,38604592.0,2412787.0
2368,1681,422,18,67062420.0,3725690.0
2369,2769,407,15,5182785.0,345519.0
2370,2531,484,9,17129511.0,1903279.0
2371,1352,70,6,3301272.0,550212.0
2372,2487,131,6,1038576.0,173096.0
2373,255,391,20,26439000.0,1321950.0
2374,548,249,18,58803894.0,3266883.0
2375,1664,115,13,51707227.0,3977479.0
2376,2104,377,1,3610514.0,3610514.0
2377,887,125,15,27782145.0,1852143.0
2378,1778,305,13,38488853.0,2960681.0
2379,586,243,3,486234.0,162078.0
2380,2916,184,6,18731520.0,3121920.0
2381,354,169,4,5284116.0,1321029.0
2382,2299,157,8,31819120.0,3977390.0
2383,2577,231,2,4789146.0,2394573.0
2384,1376,79,13,27485705.0,2114285.0
2385,965,452,5,24904115.0,4980823.0
2386,2511,344,14,35671020.0,2547930.0
2387,2195,329,4,2846672.0,711668.0
2388,1922,109,6,1431834.0,238639.0
2389,582,435,9,30394188.0,3377132.0
2390,213,172,11,1044340.0,94940.0
2391,1453,411,15,45937110.0,3062474.0
2392,1494,134,16,56695184.0,3543449.0
2393,2713,478,16,67179536.0,4198721.0
2394,1918,360,8,15645040.0,1955630.0
2395,927,94,13,16213379.0,1247183.0
2396,2277,376,12,12025056.0,1002088.0
2397,536,421,6,11612454.0,1935409.0
2398,492,106,7,1649571.0,235653.0
2399,1881,49,10,44506590.0,4450659.0
2400,881,5,15,53351640.0,3556776.0
2401,2831,304,20,4286380.0,214319.0
2402,1485,1,16,9548256.0,596766.0
2403,1869,259,12,2726724.0,227227.0
2404,1296,9,4,15763616.0,3940904.0
2405,609,97,14,21104776.0,1507484.0
2406,1764,60,4,6223056.0,1555764.0
2407,142,466,1,1599611.0,1599611.0
2408,768,147,15,69054975.0,4603665.0
2409,411,62,19,13057009.0,687211.0
2410,404,363,5,9285090.0,1857018.0
2411,2898,177,6,1231866.0,205311.0
2412,945,333,11,18827468.0,1711588.0
2413,2413,221,1,3107093.0,3107093.0
2414,1706,394,10,44474580.0,4447458.0
2415,1915,99,9,37401741.0,4155749.0
2416,2153,437,1,1131065.0,1131065.0
2417,2200,471,16,64586576.0,4036661.0
2418,1654,146,9,30522933.0,3391437.0
2419,2720,489,20,12145580.0,607279.0
2420,519,381,10,46457130.0,4645713.0
2421,258,437,7,7917455.0,1131065.0
2422,2470,310,15,48839295.0,3255953.0
2423,2723,336,14,34721204.0,2480086.0
2424,784,88,17,65550096.0,3855888.0
2425,421,222,7,12704734.0,1814962.0
2426,2139,214,14,23149392.0,1653528.0
2427,1159,197,9,25372476.0,2819164.0
2428,2256,159,10,36975530.0,3697553.0
2429,1184,197,1,2819164.0,2819164.0
2430,2268,261,17,68227222.0,4013366.0
2431,355,387,7,23029524.0,3289932.0
2432,374,19,12,44136336.0,3678028.0
2433,1756,91,12,45993588.0,3832799.0
2434,2069,372,20,99512920.0,4975646.0
2435,2764,31,4,4136824.0,1034206.0
2436,1989,201,12,599448.0,49954.0
2437,887,147,11,50640315.0,4603665.0
2438,2367,261,10,40133660.0,4013366.0
2439,179,120,11,25745995.0,2340545.0
2440,2719,384,7,23561923.0,3365989.0
2441,21,360,8,15645040.0,1955630.0
2442,2142,339,16,79940352.0,4996272.0
2443,2635,484,9,17129511.0,1903279.0
2444,801,141,10,42394600.0,4239460.0
2445,1027,18,9,42623028.0,4735892.0
2446,815,233,3,6955476.0,2318492.0
2447,969,299,11,2116422.0,192402.0
2448,2737,402,2,1816584.0,908292.0
2449,1716,399,2,3197078.0,1598539.0
2450,844,397,4,2148988.0,537247.0
2451,506,347,17,13732277.0,807781.0
2452,2897,458,11,42826267.0,3893297.0
2453,2024,352,13,23757279.0,1827483.0
2454,1074,145,17,6358714.0,374042.0
2455,186,255,6,24959172.0,4159862.0
2456,225,247,3,5044968.0,1681656.0
2457,2848,117,9,42629022.0,4736558.0
2458,2945,90,12,36838440.0,3069870.0
2459,2718,183,13,13662233.0,1050941.0
2460,665,184,16,49950720.0,3121920.0
2461,1821,386,13,43034446.0,3310342.0
2462,758,237,7,30904048.0,4414864.0
2463,1330,68,17,19385746.0,1140338.0
2464,2883,116,11,50793875.0,4617625.0
2465,1042,379,17,25510931.0,1500643.0
2466,2959,36,15,38095830.0,2539722.0
2467,2897,478,18,75576978.0,4198721.0
2468,2766,372,17,84585982.0,4975646.0
2469,2053,155,19,16223340.0,853860.0
2470,1625,309,11,53131331.0,4830121.0
2471,1369,316,15,24885585.0,1659039.0
2472,1982,137,5,10175135.0,2035027.0
2473,2195,171,16,70102048.0,4381378.0
2474,2550,137,7,14245189.0,2035027.0
2475,1754,458,10,38932970.0,3893297.0
2476,2831,218,17,76914851.0,4524403.0
2477,1561,39,15,54946425.0,3663095.0
2478,1518,475,10,49109550.0,4910955.0
2479,2089,311,10,39018090.0,3901809.0
2480,683,398,14,14950096.0,1067864.0
2481,2750,87,16,47257536.0,2953596.0
2482,2326,34,18,25991082.0,1443949.0
2483,2544,330,17,50378888.0,2963464.0
2484,1802,279,10,32025490.0,3202549.0
2485,2547,116,14,64646750.0,4617625.0
2486,1550,47,7,21766115.0,3109445.0
2487,393,433,15,11043240.0,736216.0
2488,386,252,20,63557360.0,3177868.0
2489,1312,454,17,25519720.0,1501160.0
2490,1572,103,9,35742294.0,3971366.0
2491,779,90,7,21489090.0,3069870.0
2492,2897,462,17,62559218.0,3679954.0
2493,390,40,2,1923442.0,961721.0
2494,1132,276,11,41123214.0,3738474.0
2495,578,344,10,25479300.0,2547930.0
2496,684,369,12,50981580.0,4248465.0
2497,162,325,2,2931356.0,1465678.0
2498,2834,410,8,34424792.0,4303099.0
2499,3,385,17,55876824.0,3286872.0
2500,803,98,5,2711510.0,542302.0
2501,1725,450,2,3918524.0,1959262.0
2502,849,309,13,62791573.0,4830121.0
2503,682,189,9,8142030.0,904670.0
2504,2984,315,9,22655700.0,2517300.0
2505,1127,387,14,46059048.0,3289932.0
2506,1451,450,13,25470406.0,1959262.0
2507,2020,399,8,12788312.0,1598539.0
2508,1098,108,16,17476752.0,1092297.0
2509,1969,50,16,64162816.0,4010176.0
2510,1135,225,1,140064.0,140064.0
2511,44,110,19,35430782.0,1864778.0
2512,2345,262,13,21531406.0,1656262.0
2513,1978,15,1,3759321.0,3759321.0
2514,1991,311,4,15607236.0,3901809.0
2515,2128,477,8,3822656.0,477832.0
2516,291,13,1,1476613.0,1476613.0
2517,239,448,12,20647428.0,1720619.0
2518,1175,412,11,8334370.0,757670.0
2519,1850,356,16,70011296.0,4375706.0
2520,1729,444,15,73418820.0,4894588.0
2521,872,369,6,25490790.0,4248465.0
2522,2425,478,17,71378257.0,4198721.0
2523,1013,16,3,5455575.0,1818525.0
2524,2736,400,2,1018472.0,509236.0
2525,2476,443,15,31024650.0,2068310.0
2526,2020,3,15,42745425.0,2849695.0
2527,2619,31,18,18615708.0,1034206.0
2528,32,193,16,25849968.0,1615623.0
2529,23,84,2,8254114.0,4127057.0
2530,1515,321,16,21066848.0,1316678.0
2531,1455,20,19,56675214.0,2982906.0
2532,18,191,2,3992150.0,1996075.0
2533,688,7,6,6886086.0,1147681.0
2534,90,433,1,736216.0,736216.0
2535,1672,127,9,11645487.0,1293943.0
2536,1412,4,11,53758540.0,4887140.0
2537,1180,166,1,1849015.0,1849015.0
2538,1663,23,16,41744704.0,2609044.0
2539,2562,301,11,18163376.0,1651216.0
2540,2401,135,20,61991400.0,3099570.0
2541,1815,25,7,30045995.0,4292285.0
2542,2190,82,19,85485959.0,4499261.0
2543,129,141,13,55112980.0,4239460.0
2544,863,448,9,15485571.0,1720619.0
2545,1876,90,6,18419220.0,3069870.0
2546,1595,451,8,13125120.0,1640640.0
2547,1662,254,19,37079678.0,1951562.0
2548,766,22,13,28605356.0,2200412.0
2549,446,41,2,7216306.0,3608153.0
2550,2,97,11,16582324.0,1507484.0
2551,2765,282,11,27302594.0,2482054.0
2552,2385,102,4,19276300.0,4819075.0
2553,1297,277,19,6809562.0,358398.0
2554,1415,154,14,16737952.0,1195568.0
2555,1929,8,10,29874210.0,2987421.0
2556,1246,128,10,18064170.0,1806417.0
2557,2098,329,7,4981676.0,711668.0
2558,2223,470,19,7815289.0,411331.0
2559,2566,96,11,26636885.0,2421535.0
2560,2767,102,19,91562425.0,4819075.0
2561,497,327,7,33042401.0,4720343.0
2562,2198,176,8,31602656.0,3950332.0
2563,1647,251,17,25167378.0,1480434.0
2564,621,417,15,31608195.0,2107213.0
2565,2949,398,6,6407184.0,1067864.0
2566,1679,448,15,25809285.0,1720619.0
2567,417,498,2,9246912.0,4623456.0
2568,878,46,6,26638110.0,4439685.0
2569,2793,102,9,43371675.0,4819075.0
2570,1132,68,17,19385746.0,1140338.0
2571,2718,295,11,47941707.0,4358337.0
2572,1092,40,6,5770326.0,961721.0
2573,2045,85,12,35870424.0,2989202.0
2574,2454,472,3,12829770.0,4276590.0
2575,2865,64,4,6182272.0,1545568.0
2576,368,192,6,26267574.0,4377929.0
2577,1821,213,4,17680668.0,4420167.0
2578,504,316,12,19908468.0,1659039.0
2579,2344,411,11,33687214.0,3062474.0
2580,756,469,20,95839940.0,4791997.0
2581,1051,66,17,63039553.0,3708209.0
2582,626,391,14,18507300.0,1321950.0
2583,823,421,13,25160317.0,1935409.0
2584,979,131,6,1038576.0,173096.0
2585,2171,344,3,7643790.0,2547930.0
2586,2365,200,4,9410492.0,2352623.0
2587,2875,135,4,12398280.0,3099570.0
2588,112,492,8,39752400.0,4969050.0
2589,1943,221,10,31070930.0,3107093.0
2590,1763,59,18,6391080.0,355060.0
2591,305,434,15,61312185.0,4087479.0
2592,243,369,20,84969300.0,4248465.0
2593,2473,1,3,1790298.0,596766.0
2594,296,317,17,46589605.0,2740565.0
2595,2670,431,5,15636480.0,3127296.0
2596,6,482,13,40764555.0,3135735.0
2597,1026,106,16,3770448.0,235653.0
2598,617,151,15,12089340.0,805956.0
2599,302,451,11,18047040.0,1640640.0
2600,2334,296,15,37732080.0,2515472.0
2601,900,302,4,17194148.0,4298537.0
2602,2571,249,15,49003245.0,3266883.0
2603,577,491,15,45891135.0,3059409.0
2604,153,119,5,776620.0,155324.0
2605,1923,330,4,11853856.0,2963464.0
2606,79,166,8,14792120.0,1849015.0
2607,441,86,11,32910988.0,2991908.0
2608,909,27,16,2295456.0,143466.0
2609,1527,211,20,51332560.0,2566628.0
2610,105,116,12,55411500.0,4617625.0
2611,2009,32,2,5375826.0,2687913.0
2612,2907,290,6,22021926.0,3670321.0
2613,2815,180,12,25172436.0,2097703.0
2614,292,402,3,2724876.0,908292.0
2615,2714,291,18,67877460.0,3770970.0
2616,2890,26,5,5829145.0,1165829.0
2617,2855,403,14,47913264.0,3422376.0
2618,2389,250,16,27037984.0,1689874.0
2619,1249,242,2,4033468.0,2016734.0
2620,136,274,10,1711100.0,171110.0
2621,1952,261,12,48160392.0,4013366.0
2622,1561,85,2,5978404.0,2989202.0
2623,2343,416,12,49549704.0,4129142.0
2624,1950,42,7,25310397.0,3615771.0
2625,1782,203,4,1750784.0,437696.0
2626,2958,397,6,3223482.0,537247.0
2627,1966,445,16,58456896.0,3653556.0
2628,2238,305,8,23685448.0,2960681.0
2629,2584,223,5,19952375.0,3990475.0
2630,2522,491,9,27534681.0,3059409.0
2631,756,125,15,27782145.0,1852143.0
2632,892,488,14,17080238.0,1220017.0
2633,1407,13,16,23625808.0,1476613.0
2634,2465,472,20,85531800.0,4276590.0
2635,2772,310,2,6511906.0,3255953.0
2636,556,68,15,17105070.0,1140338.0
2637,356,3,16,45595120.0,2849695.0
2638,1324,461,8,23650584.0,2956323.0
2639,1055,480,7,9674497.0,1382071.0
2640,2198,200,16,37641968.0,2352623.0
2641,2139,102,17,81924275.0,4819075.0
2642,2629,209,14,8116822.0,579773.0
2643,93,54,18,16100010.0,894445.0
2644,2039,320,8,13729712.0,1716214.0
2645,1324,377,6,21663084.0,3610514.0
2646,1475,14,13,28055508.0,2158116.0
2647,2917,344,1,2547930.0,2547930.0
2648,406,157,16,63638240.0,3977390.0
2649,604,5,8,28454208.0,3556776.0
2650,1945,156,4,12896176.0,3224044.0
2651,1278,195,7,8233155.0,1176165.0
2652,320,1,2,1193532.0,596766.0
2653,2709,69,4,16660524.0,4165131.0
2654,885,51,12,2078604.0,173217.0
2655,1374,398,16,17085824.0,1067864.0
2656,290,305,11,32567491.0,2960681.0
2657,613,453,18,42508440.0,2361580.0
2658,1518,168,3,5676423.0,1892141.0
2659,1269,111,9,2301597.0,255733.0
2660,1172,224,16,23048688.0,1440543.0
2661,2825,284,5,24279845.0,4855969.0
2662,1589,204,17,82102571.0,4829563.0
2663,405,412,5,3788350.0,757670.0
2664,1806,215,18,70823862.0,3934659.0
2665,1744,293,16,36845552.0,2302847.0
2666,190,437,12,13572780.0,1131065.0
2667,697,392,8,20933096.0,2616637.0
2668,2682,242,14,28234276.0,2016734.0
2669,450,377,10,36105140.0,3610514.0
2670,1317,290,5,18351605.0,3670321.0
2671,660,445,16,58456896.0,3653556.0
2672,1420,7,2,2295362.0,1147681.0
2673,2190,124,3,6648996.0,2216332.0
2674,2217,464,19,7837595.0,412505.0
2675,2633,104,19,55160135.0,2903165.0
2676,1532,8,18,53773578.0,2987421.0
2677,1791,166,20,36980300.0,1849015.0
2678,1474,247,4,6726624.0,1681656.0
2679,826,383,9,31123026.0,3458114.0
2680,2561,111,5,1278665.0,255733.0
2681,1054,52,12,8521392.0,710116.0
2682,2692,473,4,13327704.0,3331926.0
2683,2776,472,15,64148850.0,4276590.0
2684,897,45,11,49447090.0,4495190.0
2685,1847,63,3,9075042.0,3025014.0
2686,1749,73,14,67807838.0,4843417.0
2687,1574,138,15,43579815.0,2905321.0
2688,1450,107,18,6132510.0,340695.0
2689,413,292,10,22869530.0,2286953.0
2690,1856,162,7,27449590.0,3921370.0
2691,1204,457,16,8728032.0,545502.0
2692,1290,364,11,8186772.0,744252.0
2693,1305,76,6,21641982.0,3606997.0
2694,2832,282,17,42194918.0,2482054.0
2695,677,354,8,3236592.0,404574.0
2696,150,166,1,1849015.0,1849015.0
2697,662,466,5,7998055.0,1599611.0
2698,2370,43,19,56124860.0,2953940.0
2699,757,180,18,37758654.0,2097703.0
2700,2884,78,3,8365650.0,2788550.0
2701,1716,107,11,3747645.0,340695.0
2702,1895,383,12,41497368.0,3458114.0
2703,1560,120,14,32767630.0,2340545.0
2704,1213,470,8,3290648.0,411331.0
2705,564,477,3,1433496.0,477832.0
2706,2667,123,10,28265320.0,2826532.0
2707,899,185,12,9545148.0,795429.0
2708,2850,303,18,77318010.0,4295445.0
2709,1088,105,7,5617710.0,802530.0
2710,616,33,6,15424662.0,2570777.0
2711,1914,343,7,2429931.0,347133.0
2712,1198,276,15,56077110.0,3738474.0
2713,965,480,18,24877278.0,1382071.0
2714,432,368,18,60763338.0,3375741.0
2715,1532,178,9,7759935.0,862215.0
2716,700,98,11,5965322.0,542302.0
2717,793,51,1,173217.0,173217.0
2718,2360,415,8,649064.0,81133.0
2719,2432,101,2,5279502.0,2639751.0
2720,1582,81,8,3024680.0,378085.0
2721,1300,477,11,5256152.0,477832.0
2722,97,300,20,66691720.0,3334586.0
2723,568,349,6,14223450.0,2370575.0
2724,565,56,12,13777164.0,1148097.0
2725,2871,497,3,12333870.0,4111290.0
2726,2153,495,9,4802958.0,533662.0
2727,2742,142,10,19264460.0,1926446.0
2728,1159,285,4,2824236.0,706059.0
2729,829,85,20,59784040.0,2989202.0
2730,1577,41,13,46905989.0,3608153.0
2731,1420,340,9,10579797.0,1175533.0
2732,1875,159,10,36975530.0,3697553.0
2733,1741,85,4,11956808.0,2989202.0
2734,1031,285,15,10590885.0,706059.0
2735,250,304,8,1714552.0,214319.0
2736,2836,87,17,50211132.0,2953596.0
2737,1014,311,6,23410854.0,3901809.0
2738,117,293,2,4605694.0,2302847.0
2739,21,3,2,5699390.0,2849695.0
2740,2767,481,12,54223380.0,4518615.0
2741,1077,87,19,56118324.0,2953596.0
2742,128,311,11,42919899.0,3901809.0
2743,2969,235,2,5900504.0,2950252.0
2744,932,186,17,67315512.0,3959736.0
2745,1681,154,4,4782272.0,1195568.0
2746,1942,475,17,83486235.0,4910955.0
2747,2017,288,6,18547674.0,3091279.0
2748,2082,414,5,4271985.0,854397.0
2749,1242,208,8,12871416.0,1608927.0
2750,34,274,13,2224430.0,171110.0
2751,2059,30,11,53653567.0,4877597.0
2752,2156,106,13,3063489.0,235653.0
2753,2868,433,5,3681080.0,736216.0
2754,90,352,16,29239728.0,1827483.0
2755,1876,126,17,77451269.0,4555957.0
2756,402,198,1,3081385.0,3081385.0
2757,1495,31,12,12410472.0,1034206.0
2758,1895,287,17,58277003.0,3428059.0
2759,1789,96,16,38744560.0,2421535.0
2760,2830,379,9,13505787.0,1500643.0
2761,2614,231,3,7183719.0,2394573.0
2762,259,437,1,1131065.0,1131065.0
2763,1174,383,13,44955482.0,3458114.0
2764,43,330,11,32598104.0,2963464.0
2765,466,205,13,50364548.0,3874196.0
2766,1109,241,12,38138904.0,3178242.0
2767,2557,51,19,3291123.0,173217.0
2768,969,457,17,9273534.0,545502.0
2769,1339,26,18,20984922.0,1165829.0
2770,448,304,18,3857742.0,214319.0
2771,2665,262,20,33125240.0,1656262.0
2772,591,399,1,1598539.0,1598539.0
2773,966,159,9,33277977.0,3697553.0
2774,817,121,7,9627051.0,1375293.0
2775,835,253,5,22862795.0,4572559.0
2776,1856,132,17,21266337.0,1250961.0
2777,227,241,11,34960662.0,3178242.0
2778,2674,281,4,1012296.0,253074.0
2779,2134,484,16,30452464.0,1903279.0
2780,2454,345,8,14812832.0,1851604.0
2781,250,242,13,26217542.0,2016734.0
2782,40,474,3,11699496.0,3899832.0
2783,209,191,19,37925425.0,1996075.0
2784,1715,363,17,31569306.0,1857018.0
2785,2803,475,18,88397190.0,4910955.0
2786,1788,323,6,2607378.0,434563.0
2787,2626,306,1,4594057.0,4594057.0
2788,1320,237,14,61808096.0,4414864.0
2789,2352,490,1,2285916.0,2285916.0
2790,769,70,10,5502120.0,550212.0
2791,2995,394,9,40027122.0,4447458.0
2792,805,313,11,12992221.0,1181111.0
2793,2391,457,18,9819036.0,545502.0
2794,790,94,19,23696477.0,1247183.0
2795,2009,448,15,25809285.0,1720619.0
2796,596,434,4,16349916.0,4087479.0
2797,948,270,16,44262256.0,2766391.0
2798,1148,371,10,13925940.0,1392594.0
2799,1701,252,10,31778680.0,3177868.0
2800,518,163,19,45272801.0,2382779.0
2801,44,483,17,3321715.0,195395.0
2802,1061,83,9,36360612.0,4040068.0
2803,213,53,11,16335374.0,1485034.0
2804,2201,188,20,86585560.0,4329278.0
2805,1805,16,5,9092625.0,1818525.0
2806,1341,151,19,15313164.0,805956.0
2807,2538,23,10,26090440.0,2609044.0
2808,1785,211,18,46199304.0,2566628.0
2809,510,353,13,50380330.0,3875410.0
2810,1394,409,13,20989891.0,1614607.0
2811,1889,450,14,27429668.0,1959262.0
2812,1809,39,15,54946425.0,3663095.0
2813,2593,461,8,23650584.0,2956323.0
2814,1879,235,8,23602016.0,2950252.0
2815,2587,121,1,1375293.0,1375293.0
2816,175,295,13,56658381.0,4358337.0
2817,2339,423,20,52897020.0,2644851.0
2818,842,21,20,10032880.0,501644.0
2819,1279,194,19,43511653.0,2290087.0
2820,1908,9,4,15763616.0,3940904.0
2821,2854,338,9,38275776.0,4252864.0
2822,2250,89,10,2582080.0,258208.0
2823,2328,155,9,7684740.0,853860.0
2824,2856,157,13,51706070.0,3977390.0
2825,600,296,6,15092832.0,2515472.0
2826,1543,167,4,9896236.0,2474059.0
2827,484,349,11,26076325.0,2370575.0
2828,261,300,3,10003758.0,3334586.0
2829,1303,346,1,3654130.0,3654130.0
2830,1239,446,3,2592750.0,864250.0
2831,2502,114,13,17658316.0,1358332.0
2832,2987,60,1,1555764.0,1555764.0
2833,636,24,5,6135505.0,1227101.0
2834,1540,44,20,49504180.0,2475209.0
2835,2510,41,15,54122295.0,3608153.0
2836,628,127,7,9057601.0,1293943.0
2837,1531,405,20,4813000.0,240650.0
2838,905,175,11,31992774.0,2908434.0
2839,2992,119,9,1397916.0,155324.0
2840,954,350,7,10081729.0,1440247.0
2841,1098,40,2,1923442.0,961721.0
2842,1044,42,8,28926168.0,3615771.0
2843,298,142,19,36602474.0,1926446.0
2844,571,488,16,19520272.0,1220017.0
2845,1901,486,1,2399464.0,2399464.0
2846,2346,217,9,1415610.0,157290.0
2847,1457,377,17,61378738.0,3610514.0
2848,2007,93,17,1025797.0,60341.0
2849,527,284,18,87407442.0,4855969.0
2850,2793,126,13,59227441.0,4555957.0
2851,2881,425,3,10787589.0,3595863.0
2852,2316,184,18,56194560.0,3121920.0
2853,1681,151,9,7253604.0,805956.0
2854,501,381,20,92914260.0,4645713.0
2855,1257,334,9,35071533.0,3896837.0
2856,1243,233,17,39414364.0,2318492.0
2857,1537,174,15,36178290.0,2411886.0
2858,53,133,20,26602020.0,1330101.0
2859,2768,482,5,15678675.0,3135735.0
2860,2439,121,19,26130567.0,1375293.0
2861,34,17,11,47168572.0,4288052.0
2862,2535,471,4,16146644.0,4036661.0
2863,275,260,10,49830840.0,4983084.0
2864,584,430,1,1581409.0,1581409.0
2865,1285,447,1,1639230.0,1639230.0
2866,2528,47,16,49751120.0,3109445.0
2867,2628,288,18,55643022.0,3091279.0
2868,680,123,2,5653064.0,2826532.0
2869,263,256,19,63656650.0,3350350.0
2870,774,45,20,89903800.0,4495190.0
2871,2887,16,16,29096400.0,1818525.0
2872,127,379,10,15006430.0,1500643.0
2873,197,307,7,20379359.0,2911337.0
2874,1092,187,3,8279631.0,2759877.0
2875,349,203,10,4376960.0,437696.0
2876,1062,302,20,85970740.0,4298537.0
2877,1545,86,18,53854344.0,2991908.0
2878,147,329,13,9251684.0,711668.0
2879,2281,395,1,1621866.0,1621866.0
2880,2923,447,16,26227680.0,1639230.0
2881,1636,349,1,2370575.0,2370575.0
2882,2529,322,4,16555096.0,4138774.0
2883,836,48,7,1502431.0,214633.0
2884,685,254,10,19515620.0,1951562.0
2885,1708,298,1,903187.0,903187.0
2886,1688,185,4,3181716.0,795429.0
2887,320,450,10,19592620.0,1959262.0
2888,2879,206,4,15508100.0,3877025.0
2889,1426,221,14,43499302.0,3107093.0
2890,292,250,17,28727858.0,1689874.0
2891,2186,279,5,16012745.0,3202549.0
2892,2431,379,13,19508359.0,1500643.0
2893,835,239,5,17517715.0,3503543.0
2894,2524,4,19,92855660.0,4887140.0
2895,2375,102,10,48190750.0,4819075.0
2896,2439,197,12,33829968.0,2819164.0
2897,357,13,15,22149195.0,1476613.0
2898,1723,44,2,4950418.0,2475209.0
2899,792,270,4,11065564.0,2766391.0
2900,135,467,20,80230660.0,4011533.0
2901,1831,185,11,8749719.0,795429.0
2902,969,420,20,83934500.0,4196725.0
2903,2767,457,17,9273534.0,545502.0
2904,1978,42,12,43389252.0,3615771.0
2905,1460,76,4,14427988.0,3606997.0
2906,107,44,5,12376045.0,2475209.0
2907,2286,265,19,19472777.0,1024883.0
2908,2196,379,10,15006430.0,1500643.0
2909,2383,322,13,53804062.0,4138774.0
2910,2087,12,18,54366804.0,3020378.0
2911,898,227,4,6505960.0,1626490.0
2912,1900,91,10,38327990.0,3832799.0
2913,1159,144,9,8102826.0,900314.0
2914,2591,467,20,80230660.0,4011533.0
2915,2220,442,7,4708382.0,672626.0
2916,1010,306,17,78098969.0,4594057.0
2917,497,122,2,7986032.0,3993016.0
2918,907,27,17,2438922.0,143466.0
2919,1197,189,18,16284060.0,904670.0
2920,102,493,1,2291951.0,2291951.0
2921,2298,268,3,11588328.0,3862776.0
2922,2366,423,2,5289702.0,2644851.0
2923,342,278,11,40455976.0,3677816.0
2924,1691,493,4,9167804.0,2291951.0
2925,1373,489,7,4250953.0,607279.0
2926,802,465,15,58012410.0,3867494.0
2927,1425,28,5,20214265.0,4042853.0
2928,2670,406,13,23634897.0,1818069.0
2929,1410,199,18,29769174.0,1653843.0
2930,410,377,7,25273598.0,3610514.0
2931,1828,448,6,10323714.0,1720619.0
2932,137,164,10,20963180.0,2096318.0
2933,2555,323,5,2172815.0,434563.0
2934,1922,389,7,1773898.0,253414.0
2935,1555,21,4,2006576.0,501644.0
2936,2746,107,14,4769730.0,340695.0
2937,1000,107,4,1362780.0,340695.0
2938,345,136,10,16893350.0,1689335.0
2939,2106,114,11,14941652.0,1358332.0
2940,2549,372,16,79610336.0,4975646.0
2941,804,87,6,17721576.0,2953596.0
2942,1481,376,13,13027144.0,1002088.0
2943,1307,224,8,11524344.0,1440543.0
2944,2633,206,14,54278350.0,3877025.0
2945,687,401,19,36400713.0,1915827.0
2946,1070,413,15,37157670.0,2477178.0
2947,2461,352,3,5482449.0,1827483.0
2948,665,472,17,72702030.0,4276590.0
2949,1157,467,19,76219127.0,4011533.0
2950,222,160,4,18259048.0,4564762.0
2951,2881,500,18,25916130.0,1439785.0
2952,2771,444,3,14683764.0,4894588.0
2953,1777,40,18,17310978.0,961721.0
2954,2653,18,8,37887136.0,4735892.0
2955,2000,6,19,72697477.0,3826183.0
2956,1494,42,8,28926168.0,3615771.0
2957,2542,407,2,691038.0,345519.0
2958,1736,240,19,76994346.0,4052334.0
2959,789,274,4,684440.0,171110.0
2960,1383,375,20,48255740.0,2412787.0
2961,716,24,11,13498111.0,1227101.0
2962,469,312,11,8958257.0,814387.0
2963,276,457,12,6546024.0,545502.0
2964,1094,47,12,37313340.0,3109445.0
2965,2878,66,13,48206717.0,3708209.0
2966,670,5,18,64021968.0,3556776.0
2967,483,143,18,16179840.0,898880.0
2968,1812,247,4,6726624.0,1681656.0
2969,2775,192,4,17511716.0,4377929.0
2970,593,193,15,24234345.0,1615623.0
2971,874,320,2,3432428.0,1716214.0
2972,2024,450,15,29388930.0,1959262.0
2973,2133,392,1,2616637.0,2616637.0
2974,474,199,6,9923058.0,1653843.0
2975,1578,186,1,3959736.0,3959736.0
2976,2776,217,7,1101030.0,157290.0
2977,2246,238,20,10880100.0,544005.0
2978,2195,333,6,10269528.0,1711588.0
2979,1555,105,15,12037950.0,802530.0
2980,228,294,12,14085744.0,1173812.0
2981,2821,310,10,32559530.0,3255953.0
2982,992,59,10,3550600.0,355060.0
2983,1228,33,20,51415540.0,2570777.0
2984,1511,218,16,72390448.0,4524403.0
2985,58,153,11,7730734.0,702794.0
2986,2172,168,19,35950679.0,1892141.0
2987,2040,173,10,43997640.0,4399764.0
2988,1008,492,13,64597650.0,4969050.0
2989,1577,372,14,69659044.0,4975646.0
2990,575,177,19,3900909.0,205311.0
2991,1107,252,7,22245076.0,3177868.0
2992,864,372,2,9951292.0,4975646.0
2993,1312,375,2,4825574.0,2412787.0
2994,1570,263,6,21926262.0,3654377.0
2995,532,42,2,7231542.0,3615771.0
2996,391,235,1,2950252.0,2950252.0
2997,2850,271,4,5633612.0,1408403.0
2998,1394,290,14,51384494.0,3670321.0
2999,1903,326,9,31720833.0,3524537.0
3000,2660,325,17,24916526.0,1465678.0
3001,2944,70,16,8803392.0,550212.0
3002,2427,106,17,4006101.0,235653.0
3003,943,438,10,27086910.0,2708691.0
3004,2315,198,6,18488310.0,3081385.0
3005,2188,339,5,24981360.0,4996272.0
3006,1045,410,1,4303099.0,4303099.0
3007,909,379,16,24010288.0,1500643.0
3008,2182,125,19,35190717.0,1852143.0
3009,634,120,20,46810900.0,2340545.0
3010,839,347,8,6462248.0,807781.0
3011,135,134,18,63782082.0,3543449.0
3012,369,270,14,38729474.0,2766391.0
3013,69,65,8,19650528.0,2456316.0
3014,1224,81,18,6805530.0,378085.0
3015,1128,323,13,5649319.0,434563.0
3016,479,338,2,8505728.0,4252864.0
3017,1066,351,3,1341390.0,447130.0
3018,2158,323,4,1738252.0,434563.0
3019,1060,19,20,73560560.0,3678028.0
3020,589,253,9,41153031.0,4572559.0
3021,97,70,7,3851484.0,550212.0
3022,745,145,10,3740420.0,374042.0
3023,885,343,20,6942660.0,347133.0
3024,1605,103,5,19856830.0,3971366.0
3025,2879,350,5,7201235.0,1440247.0
3026,2209,307,3,8734011.0,2911337.0
3027,2717,23,18,46962792.0,2609044.0
3028,2374,24,8,9816808.0,1227101.0
3029,1966,141,16,67831360.0,4239460.0
3030,910,217,11,1730190.0,157290.0
3031,2484,105,20,16050600.0,802530.0
3032,1308,86,3,8975724.0,2991908.0
3033,2497,453,19,44870020.0,2361580.0
3034,331,79,2,4228570.0,2114285.0
3035,1443,143,1,898880.0,898880.0
3036,694,101,17,44875767.0,2639751.0
3037,192,19,10,36780280.0,3678028.0
3038,1863,464,17,7012585.0,412505.0
3039,1230,416,16,66066272.0,4129142.0
3040,2102,263,5,18271885.0,3654377.0
3041,1406,304,2,428638.0,214319.0
3042,2814,337,1,2646186.0,2646186.0
3043,2809,336,8,19840688.0,2480086.0
3044,2847,386,20,66206840.0,3310342.0
3045,2651,106,3,706959.0,235653.0
3046,1737,246,11,47242844.0,4294804.0
3047,335,43,9,26585460.0,2953940.0
3048,1337,382,11,8618995.0,783545.0
3049,207,298,4,3612748.0,903187.0
3050,870,266,10,47545360.0,4754536.0
3051,1803,216,3,9940365.0,3313455.0
3052,2257,173,10,43997640.0,4399764.0
3053,180,249,18,58803894.0,3266883.0
3054,490,319,11,52699086.0,4790826.0
3055,1746,83,19,76761292.0,4040068.0
3056,2546,456,4,17349984.0,4337496.0
3057,1422,411,6,18374844.0,3062474.0
3058,1482,17,1,4288052.0,4288052.0
3059,1500,110,14,26106892.0,1864778.0
3060,255,177,8,1642488.0,205311.0
3061,2288,219,8,23965536.0,2995692.0
3062,1483,33,12,30849324.0,2570777.0
3063,2934,327,20,94406860.0,4720343.0
3064,172,331,1,1987034.0,1987034.0
3065,822,397,3,1611741.0,537247.0
3066,1862,231,13,31129449.0,2394573.0
3067,526,317,10,27405650.0,2740565.0
3068,1012,396,17,61571314.0,3621842.0
3069,2402,224,9,12964887.0,1440543.0
3070,1010,321,18,23700204.0,1316678.0
3071,1567,73,18,87181506.0,4843417.0
3072,2210,52,5,3550580.0,710116.0
3073,259,179,10,40072110.0,4007211.0
3074,2051,329,3,2135004.0,711668.0
3075,1144,351,3,1341390.0,447130.0
3076,2877,63,8,24200112.0,3025014.0
3077,2400,436,11,42201797.0,3836527.0
3078,2276,422,10,37256900.0,3725690.0
3079,150,394,9,40027122.0,4447458.0
3080,788,150,10,32378510.0,3237851.0
3081,1896,122,3,11979048.0,3993016.0
3082,1158,228,6,7419342.0,1236557.0
3083,166,401,14,26821578.0,1915827.0
3084,1900,106,1,235653.0,235653.0
3085,1637,434,10,40874790.0,4087479.0
3086,263,109,8,1909112.0,238639.0
3087,1598,493,1,2291951.0,2291951.0
3088,743,115,11,43752269.0,3977479.0
3089,1278,384,19,63953791.0,3365989.0
3090,2559,382,17,13320265.0,783545.0
3091,1987,39,11,40294045.0,3663095.0
3092,486,106,2,471306.0,235653.0
3093,2140,315,9,22655700.0,2517300.0
3094,2348,169,11,14531319.0,1321029.0
3095,1914,124,17,37677644.0,2216332.0
3096,1735,373,7,26224184.0,3746312.0
3097,2023,275,3,3274557.0,1091519.0
3098,226,253,20,91451180.0,4572559.0
3099,2739,437,9,10179585.0,1131065.0
3100,2041,373,9,33716808.0,3746312.0
3101,226,55,18,80676972.0,4482054.0
3102,2822,81,6,2268510.0,378085.0
3103,2371,150,18,58281318.0,3237851.0
3104,2952,231,4,9578292.0,2394573.0
3105,39,110,7,13053446.0,1864778.0
3106,2486,22,9,19803708.0,2200412.0
3107,2968,79,5,10571425.0,2114285.0
3108,1278,61,13,8849750.0,680750.0
3109,977,224,6,8643258.0,1440543.0
3110,1677,385,4,13147488.0,3286872.0
3111,773,32,15,40318695.0,2687913.0
3112,2850,138,8,23242568.0,2905321.0
3113,447,334,16,62349392.0,3896837.0
3114,2199,375,13,31366231.0,2412787.0
3115,980,274,10,1711100.0,171110.0
3116,2509,385,19,62450568.0,3286872.0
3117,2801,473,12,39983112.0,3331926.0
3118,1543,321,4,5266712.0,1316678.0
3119,1736,454,9,13510440.0,1501160.0
3120,865,185,19,15113151.0,795429.0
3121,1820,8,7,20911947.0,2987421.0
3122,646,347,9,7270029.0,807781.0
3123,2712,401,1,1915827.0,1915827.0
3124,1978,358,16,76146368.0,4759148.0
3125,1160,176,20,79006640.0,3950332.0
3126,210,218,16,72390448.0,4524403.0
3127,2332,465,16,61879904.0,3867494.0
3128,967,305,16,47370896.0,2960681.0
3129,2510,102,10,48190750.0,4819075.0
3130,1120,466,1,1599611.0,1599611.0
3131,930,216,12,39761460.0,3313455.0
3132,2647,86,18,53854344.0,2991908.0
3133,171,142,17,32749582.0,1926446.0
3134,12,408,1,4560465.0,4560465.0
3135,1203,264,7,28557487.0,4079641.0
3136,1568,343,15,5206995.0,347133.0
3137,2850,342,13,20462130.0,1574010.0
3138,2228,250,5,8449370.0,1689874.0
3139,2218,227,17,27650330.0,1626490.0
3140,412,85,11,32881222.0,2989202.0
3141,2015,40,7,6732047.0,961721.0
3142,639,192,9,39401361.0,4377929.0
3143,830,407,14,4837266.0,345519.0
3144,767,487,13,18923346.0,1455642.0
3145,2713,8,18,53773578.0,2987421.0
3146,946,35,19,78137234.0,4112486.0
3147,1917,5,11,39124536.0,3556776.0
3148,2829,279,9,28822941.0,3202549.0
3149,2081,413,10,24771780.0,2477178.0
3150,2259,206,12,46524300.0,3877025.0
3151,2372,133,16,21281616.0,1330101.0
3152,1130,268,2,7725552.0,3862776.0
3153,1570,64,5,7727840.0,1545568.0
3154,1290,484,2,3806558.0,1903279.0
3155,234,172,19,1803860.0,94940.0
3156,1982,381,4,18582852.0,4645713.0
3157,178,220,1,4535359.0,4535359.0
3158,2494,251,3,4441302.0,1480434.0
3159,1109,419,8,5116824.0,639603.0
3160,487,203,4,1750784.0,437696.0
3161,1714,351,19,8495470.0,447130.0
3162,2687,233,7,16229444.0,2318492.0
3163,2439,2,6,17430504.0,2905084.0
3164,2102,58,6,531366.0,88561.0
3165,850,151,2,1611912.0,805956.0
3166,142,486,5,11997320.0,2399464.0
3167,984,49,13,57858567.0,4450659.0
3168,2800,338,8,34022912.0,4252864.0
3169,2539,383,2,6916228.0,3458114.0
3170,132,239,4,14014172.0,3503543.0
3171,2295,86,1,2991908.0,2991908.0
3172,1087,450,20,39185240.0,1959262.0
3173,254,159,15,55463295.0,3697553.0
3174,679,337,9,23815674.0,2646186.0
3175,1916,433,1,736216.0,736216.0
3176,1097,335,9,38091159.0,4232351.0
3177,1342,485,3,12922983.0,4307661.0
3178,2044,208,10,16089270.0,1608927.0
3179,1886,207,17,46089941.0,2711173.0
3180,192,180,9,18879327.0,2097703.0
3181,1956,380,18,34351470.0,1908415.0
3182,629,59,16,5680960.0,355060.0
3183,2779,454,15,22517400.0,1501160.0
3184,969,139,18,64964124.0,3609118.0
3185,1477,434,5,20437395.0,4087479.0
3186,471,27,2,286932.0,143466.0
3187,1923,180,5,10488515.0,2097703.0
3188,552,496,8,22760160.0,2845020.0
3189,2286,401,4,7663308.0,1915827.0
3190,82,109,5,1193195.0,238639.0
3191,1132,156,14,45136616.0,3224044.0
3192,1363,8,3,8962263.0,2987421.0
3193,1556,54,15,13416675.0,894445.0
3194,2789,137,17,34595459.0,2035027.0
3195,1264,88,10,38558880.0,3855888.0
3196,78,426,17,78490530.0,4617090.0
3197,627,61,18,12253500.0,680750.0
3198,1444,78,14,39039700.0,2788550.0
3199,274,163,11,26210569.0,2382779.0
3200,2319,37,19,91506964.0,4816156.0
3201,84,415,9,730197.0,81133.0
3202,367,268,18,69529968.0,3862776.0
3203,2929,485,15,64614915.0,4307661.0
3204,196,468,14,24827432.0,1773388.0
3205,2620,300,10,33345860.0,3334586.0
3206,1342,419,11,7035633.0,639603.0
3207,1671,5,5,17783880.0,3556776.0
3208,2389,206,16,62032400.0,3877025.0
3209,267,257,19,85381877.0,4493783.0
3210,1896,314,11,8076211.0,734201.0
3211,71,38,1,1827714.0,1827714.0
3212,2619,346,19,69428470.0,3654130.0
3213,1750,51,2,346434.0,173217.0
3214,873,4,8,39097120.0,4887140.0
3215,922,79,19,40171415.0,2114285.0
3216,2993,292,8,18295624.0,2286953.0
3217,264,91,14,53659186.0,3832799.0
3218,2907,299,7,1346814.0,192402.0
3219,906,118,2,4378320.0,2189160.0
3220,1797,154,20,23911360.0,1195568.0
3221,342,479,9,12905649.0,1433961.0
3222,372,38,8,14621712.0,1827714.0
3223,1053,198,18,55464930.0,3081385.0
3224,589,290,9,33032889.0,3670321.0
3225,1197,488,5,6100085.0,1220017.0
3226,2569,280,11,20959367.0,1905397.0
3227,107,123,5,14132660.0,2826532.0
3228,1437,159,8,29580424.0,3697553.0
3229,1427,311,10,39018090.0,3901809.0
3230,1224,87,8,23628768.0,2953596.0
3231,2111,162,12,47056440.0,3921370.0
3232,233,302,13,55880981.0,4298537.0
3233,181,69,19,79137489.0,4165131.0
3234,2114,488,10,12200170.0,1220017.0
3235,2280,297,18,28901628.0,1605646.0
3236,1227,380,13,24809395.0,1908415.0
3237,2991,86,19,56846252.0,2991908.0
3238,2973,338,16,68045824.0,4252864.0
3239,2453,297,20,32112920.0,1605646.0
3240,2328,344,7,17835510.0,2547930.0
3241,736,391,1,1321950.0,1321950.0
3242,762,473,11,36651186.0,3331926.0
3243,1905,188,20,86585560.0,4329278.0
3244,2700,370,17,49595256.0,2917368.0
3245,1345,392,3,7849911.0,2616637.0
3246,1692,398,3,3203592.0,1067864.0
3247,993,353,5,19377050.0,3875410.0
3248,1304,162,1,3921370.0,3921370.0
3249,2196,435,6,20262792.0,3377132.0
3250,544,138,13,37769173.0,2905321.0
3251,2276,267,19,76473347.0,4024913.0
3252,263,69,8,33321048.0,4165131.0
3253,1583,432,7,8597722.0,1228246.0
3254,534,217,16,2516640.0,157290.0
3255,1931,265,5,5124415.0,1024883.0
3256,428,62,8,5497688.0,687211.0
3257,1095,379,20,30012860.0,1500643.0
3258,1903,408,5,22802325.0,4560465.0
3259,2294,323,7,3041941.0,434563.0
3260,851,260,2,9966168.0,4983084.0
3261,2997,116,12,55411500.0,4617625.0
3262,1652,475,16,78575280.0,4910955.0
3263,2807,410,13,55940287.0,4303099.0
3264,2669,410,19,81758881.0,4303099.0
3265,2411,151,6,4835736.0,805956.0
3266,1050,368,8,27005928.0,3375741.0
3267,1894,175,4,11633736.0,2908434.0
3268,597,399,5,7992695.0,1598539.0
3269,655,227,17,27650330.0,1626490.0
3270,1537,494,8,14217600.0,1777200.0
3271,2466,97,1,1507484.0,1507484.0
3272,2574,251,1,1480434.0,1480434.0
3273,1813,34,8,11551592.0,1443949.0
3274,831,499,16,48844240.0,3052765.0
3275,1647,303,13,55840785.0,4295445.0
3276,1857,284,19,92263411.0,4855969.0
3277,1638,491,2,6118818.0,3059409.0
3278,313,217,2,314580.0,157290.0
3279,269,40,16,15387536.0,961721.0
3280,1253,109,9,2147751.0,238639.0
3281,1063,220,4,18141436.0,4535359.0
3282,643,331,8,15896272.0,1987034.0
3283,2986,77,3,1756206.0,585402.0
3284,1476,398,2,2135728.0,1067864.0
3285,2331,252,13,41312284.0,3177868.0
3286,1491,452,4,19923292.0,4980823.0
3287,329,124,8,17730656.0,2216332.0
3288,2599,165,6,4641330.0,773555.0
3289,2066,70,15,8253180.0,550212.0
3290,1097,250,7,11829118.0,1689874.0
3291,1820,471,7,28256627.0,4036661.0
3292,674,323,1,434563.0,434563.0
3293,1078,47,20,62188900.0,3109445.0
3294,732,92,19,8051155.0,423745.0
3295,2271,365,6,19516074.0,3252679.0
3296,1448,474,10,38998320.0,3899832.0
3297,2182,10,14,5440442.0,388603.0
3298,1433,431,18,56291328.0,3127296.0
3299,2798,300,10,33345860.0,3334586.0
3300,1573,199,11,18192273.0,1653843.0
3301,447,399,1,1598539.0,1598539.0
3302,2786,427,14,3877860.0,276990.0
3303,2667,411,3,9187422.0,3062474.0
3304,745,149,5,11680135.0,2336027.0
3305,2787,439,11,15086786.0,1371526.0
3306,421,82,11,49491871.0,4499261.0
3307,2955,59,2,710120.0,355060.0
3308,1154,224,1,1440543.0,1440543.0
3309,1085,156,12,38688528.0,3224044.0
3310,2071,430,13,20558317.0,1581409.0
3311,601,268,15,57941640.0,3862776.0
3312,560,149,9,21024243.0,2336027.0
3313,2107,204,13,62784319.0,4829563.0
3314,2365,242,13,26217542.0,2016734.0
3315,2699,54,15,13416675.0,894445.0
3316,1815,139,3,10827354.0,3609118.0
3317,2173,416,7,28903994.0,4129142.0
3318,591,290,5,18351605.0,3670321.0
3319,2174,267,15,60373695.0,4024913.0
3320,153,28,7,28299971.0,4042853.0
3321,2132,131,16,2769536.0,173096.0
3322,1560,49,17,75661203.0,4450659.0
3323,2817,51,12,2078604.0,173217.0
3324,1639,417,16,33715408.0,2107213.0
3325,1524,212,2,8373296.0,4186648.0
3326,2932,144,2,1800628.0,900314.0
3327,667,291,20,75419400.0,3770970.0
3328,1837,68,1,1140338.0,1140338.0
3329,2763,214,2,3307056.0,1653528.0
3330,1863,302,18,77373666.0,4298537.0
3331,2021,42,14,50620794.0,3615771.0
3332,2312,461,3,8868969.0,2956323.0
3333,2357,481,12,54223380.0,4518615.0
3334,530,41,17,61338601.0,3608153.0
3335,1582,491,15,45891135.0,3059409.0
3336,1794,270,1,2766391.0,2766391.0
3337,385,418,6,5073942.0,845657.0
3338,2949,225,14,1960896.0,140064.0
3339,116,339,7,34973904.0,4996272.0
3340,375,20,7,20880342.0,2982906.0
3341,1849,253,11,50298149.0,4572559.0
3342,626,244,11,49340929.0,4485539.0
3343,140,338,5,21264320.0,4252864.0
3344,1853,121,13,17878809.0,1375293.0
3345,1680,45,17,76418230.0,4495190.0
3346,1833,21,20,10032880.0,501644.0
3347,239,287,10,34280590.0,3428059.0
3348,2559,140,10,47339250.0,4733925.0
3349,266,9,2,7881808.0,3940904.0
3350,1950,4,2,9774280.0,4887140.0
3351,488,369,20,84969300.0,4248465.0
3352,195,286,14,17456656.0,1246904.0
3353,2367,494,18,31989600.0,1777200.0
3354,2835,225,5,700320.0,140064.0
3355,2185,371,6,8355564.0,1392594.0
3356,2299,288,8,24730232.0,3091279.0
3357,1405,421,9,17418681.0,1935409.0
3358,2877,66,12,44498508.0,3708209.0
3359,1723,304,8,1714552.0,214319.0
3360,1258,188,8,34634224.0,4329278.0
3361,1390,238,6,3264030.0,544005.0
3362,693,431,17,53164032.0,3127296.0
3363,2612,316,18,29862702.0,1659039.0
3364,1603,70,20,11004240.0,550212.0
3365,2786,39,11,40294045.0,3663095.0
3366,932,266,11,52299896.0,4754536.0
3367,1288,293,18,41451246.0,2302847.0
3368,1383,51,9,1558953.0,173217.0
3369,2685,153,15,10541910.0,702794.0
3370,1205,381,17,78977121.0,4645713.0
3371,1217,191,20,39921500.0,1996075.0
3372,1418,225,2,280128.0,140064.0
3373,2956,133,15,19951515.0,1330101.0
3374,534,14,14,30213624.0,2158116.0
3375,552,166,10,18490150.0,1849015.0
3376,694,39,15,54946425.0,3663095.0
3377,144,196,13,42547492.0,3272884.0
3378,2862,411,4,12249896.0,3062474.0
3379,1929,48,19,4078027.0,214633.0
3380,1799,151,3,2417868.0,805956.0
3381,1802,366,8,4446064.0,555758.0
3382,2025,69,7,29155917.0,4165131.0
3383,2864,122,18,71874288.0,3993016.0
3384,1842,78,4,11154200.0,2788550.0
3385,81,492,4,19876200.0,4969050.0
3386,2873,234,20,78957100.0,3947855.0
3387,1379,378,8,19780984.0,2472623.0
3388,1062,51,12,2078604.0,173217.0
3389,1099,350,7,10081729.0,1440247.0
3390,2416,403,9,30801384.0,3422376.0
3391,2654,97,18,27134712.0,1507484.0
3392,1958,90,4,12279480.0,3069870.0
3393,2916,459,11,29534109.0,2684919.0
3394,2185,113,1,1116121.0,1116121.0
3395,39,390,13,42615963.0,3278151.0
3396,268,14,12,25897392.0,2158116.0
3397,566,28,7,28299971.0,4042853.0
3398,463,495,2,1067324.0,533662.0
3399,2633,359,13,31227248.0,2402096.0
3400,2233,415,3,243399.0,81133.0
3401,2424,278,12,44133792.0,3677816.0
3402,1905,103,3,11914098.0,3971366.0
3403,2798,80,16,42603504.0,2662719.0
3404,1681,476,12,58112544.0,4842712.0
3405,2936,366,10,5557580.0,555758.0
3406,177,116,6,27705750.0,4617625.0
3407,1137,359,17,40835632.0,2402096.0
3408,2141,11,15,9885420.0,659028.0
3409,2982,467,5,20057665.0,4011533.0
3410,1678,197,13,36649132.0,2819164.0
3411,1404,145,1,374042.0,374042.0
3412,1811,79,20,42285700.0,2114285.0
3413,540,324,5,16186630.0,3237326.0
3414,1922,413,20,49543560.0,2477178.0
3415,2942,59,14,4970840.0,355060.0
3416,1375,26,12,13989948.0,1165829.0
3417,977,332,11,26637908.0,2421628.0
3418,1688,23,14,36526616.0,2609044.0
3419,1097,376,7,7014616.0,1002088.0
3420,2122,49,6,26703954.0,4450659.0
3421,1052,490,4,9143664.0,2285916.0
3422,554,69,2,8330262.0,4165131.0
3423,1483,438,16,43339056.0,2708691.0
3424,514,278,7,25744712.0,3677816.0
3425,1614,439,8,10972208.0,1371526.0
3426,515,212,3,12559944.0,4186648.0
3427,2341,7,1,1147681.0,1147681.0
3428,507,134,14,49608286.0,3543449.0
3429,2599,389,17,4308038.0,253414.0
3430,609,148,4,6794324.0,1698581.0
3431,391,300,18,60022548.0,3334586.0
3432,513,9,6,23645424.0,3940904.0
3433,988,188,17,73597726.0,4329278.0
3434,332,113,3,3348363.0,1116121.0
3435,819,160,13,59341906.0,4564762.0
3436,112,1,9,5370894.0,596766.0
3437,1711,396,15,54327630.0,3621842.0
3438,1182,226,5,24667565.0,4933513.0
3439,467,167,14,34636826.0,2474059.0
3440,1092,333,2,3423176.0,1711588.0
3441,731,363,3,5571054.0,1857018.0
3442,2584,424,3,8719065.0,2906355.0
3443,1750,459,11,29534109.0,2684919.0
3444,2795,72,9,13575492.0,1508388.0
3445,168,207,17,46089941.0,2711173.0
3446,2281,85,19,56794838.0,2989202.0
3447,1770,1,6,3580596.0,596766.0
3448,309,441,16,48025344.0,3001584.0
3449,1826,146,14,47480118.0,3391437.0
3450,823,265,1,1024883.0,1024883.0
3451,537,396,9,32596578.0,3621842.0
3452,341,60,10,15557640.0,1555764.0
3453,2425,209,6,3478638.0,579773.0
3454,2612,182,16,21096848.0,1318553.0
3455,2731,394,3,13342374.0,4447458.0
3456,1566,473,14,46646964.0,3331926.0
3457,2151,288,13,40186627.0,3091279.0
3458,1990,389,3,760242.0,253414.0
3459,2778,209,8,4638184.0,579773.0
3460,1366,195,19,22347135.0,1176165.0
3461,359,490,13,29716908.0,2285916.0
3462,700,92,20,8474900.0,423745.0
3463,1020,167,5,12370295.0,2474059.0
3464,310,193,7,11309361.0,1615623.0
3465,171,230,20,75735140.0,3786757.0
3466,1311,121,11,15128223.0,1375293.0
3467,2997,163,20,47655580.0,2382779.0
3468,2849,82,20,89985220.0,4499261.0
3469,531,318,4,3928912.0,982228.0
3470,2567,129,9,8982756.0,998084.0
3471,405,49,14,62309226.0,4450659.0
3472,1485,310,14,45583342.0,3255953.0
3473,1987,144,4,3601256.0,900314.0
3474,673,78,1,2788550.0,2788550.0
3475,1787,480,16,22113136.0,1382071.0
3476,631,434,12,49049748.0,4087479.0
3477,1351,83,14,56560952.0,4040068.0
3478,1569,291,5,18854850.0,3770970.0
3479,998,110,18,33566004.0,1864778.0
3480,757,217,18,2831220.0,157290.0
3481,394,267,20,80498260.0,4024913.0
3482,1754,496,6,17070120.0,2845020.0
3483,1951,177,19,3900909.0,205311.0
3484,1839,473,19,63306594.0,3331926.0
3485,1453,1,14,8354724.0,596766.0
3486,1367,227,15,24397350.0,1626490.0
3487,94,368,4,13502964.0,3375741.0
3488,1571,394,3,13342374.0,4447458.0
3489,1845,59,20,7101200.0,355060.0
3490,2936,185,17,13522293.0,795429.0
3491,1003,187,5,13799385.0,2759877.0
3492,1508,488,15,18300255.0,1220017.0
3493,2176,105,7,5617710.0,802530.0
3494,1758,114,2,2716664.0,1358332.0
3495,1231,433,16,11779456.0,736216.0
3496,1790,7,11,12624491.0,1147681.0
3497,2715,116,3,13852875.0,4617625.0
3498,2486,299,15,2886030.0,192402.0
3499,2354,290,16,58725136.0,3670321.0
3500,1761,120,6,14043270.0,2340545.0
3501,687,173,20,87995280.0,4399764.0
3502,2774,299,11,2116422.0,192402.0
3503,442,465,13,50277422.0,3867494.0
3504,92,7,19,21805939.0,1147681.0
3505,2527,216,11,36448005.0,3313455.0
3506,1487,217,2,314580.0,157290.0
3507,1726,156,18,58032792.0,3224044.0
3508,1460,177,13,2669043.0,205311.0
3509,2773,215,20,78693180.0,3934659.0
3510,695,90,6,18419220.0,3069870.0
3511,925,482,18,56443230.0,3135735.0
3512,2902,362,11,49586097.0,4507827.0
3513,2063,163,2,4765558.0,2382779.0
3514,2969,208,3,4826781.0,1608927.0
3515,2066,398,2,2135728.0,1067864.0
3516,1818,399,6,9591234.0,1598539.0
3517,1698,337,19,50277534.0,2646186.0
3518,2050,190,12,56481432.0,4706786.0
3519,2230,374,15,33386550.0,2225770.0
3520,919,455,20,97490220.0,4874511.0
3521,653,89,3,774624.0,258208.0
3522,1433,489,2,1214558.0,607279.0
3523,830,197,4,11276656.0,2819164.0
3524,421,29,1,3853948.0,3853948.0
3525,958,149,16,37376432.0,2336027.0
3526,947,499,11,33580415.0,3052765.0
3527,698,186,9,35637624.0,3959736.0
3528,1215,86,20,59838160.0,2991908.0
3529,2001,470,14,5758634.0,411331.0
3530,832,385,8,26294976.0,3286872.0
3531,2572,128,19,34321923.0,1806417.0
3532,2771,341,14,2387840.0,170560.0
3533,2105,102,17,81924275.0,4819075.0
3534,2788,271,16,22534448.0,1408403.0
3535,1538,20,5,14914530.0,2982906.0
3536,123,401,20,38316540.0,1915827.0
3537,2763,123,18,50877576.0,2826532.0
3538,438,118,18,39404880.0,2189160.0
3539,2705,477,15,7167480.0,477832.0
3540,753,188,9,38963502.0,4329278.0
3541,42,115,15,59662185.0,3977479.0
3542,2332,312,2,1628774.0,814387.0
3543,2314,425,16,57533808.0,3595863.0
3544,2252,197,1,2819164.0,2819164.0
3545,2570,213,16,70722672.0,4420167.0
3546,406,174,6,14471316.0,2411886.0
3547,2304,470,13,5347303.0,411331.0
3548,607,331,4,7948136.0,1987034.0
3549,1598,124,17,37677644.0,2216332.0
3550,2097,86,14,41886712.0,2991908.0
3551,2939,293,8,18422776.0,2302847.0
3552,2434,431,17,53164032.0,3127296.0
3553,503,362,13,58601751.0,4507827.0
3554,1514,397,2,1074494.0,537247.0
3555,2901,197,4,11276656.0,2819164.0
3556,144,321,17,22383526.0,1316678.0
3557,19,83,9,36360612.0,4040068.0
3558,735,471,16,64586576.0,4036661.0
3559,2911,474,8,31198656.0,3899832.0
3560,2594,217,5,786450.0,157290.0
3561,1285,166,14,25886210.0,1849015.0
3562,1763,483,9,1758555.0,195395.0
3563,1202,306,19,87287083.0,4594057.0
3564,2129,220,18,81636462.0,4535359.0
3565,2472,269,20,51083560.0,2554178.0
3566,551,202,10,12986580.0,1298658.0
3567,818,23,6,15654264.0,2609044.0
3568,550,107,10,3406950.0,340695.0
3569,1763,221,17,52820581.0,3107093.0
3570,1239,239,2,7007086.0,3503543.0
3571,674,6,15,57392745.0,3826183.0
3572,1903,497,4,16445160.0,4111290.0
3573,1564,191,5,9980375.0,1996075.0
3574,209,402,8,7266336.0,908292.0
3575,2934,131,4,692384.0,173096.0
3576,983,17,11,47168572.0,4288052.0
3577,1646,150,11,35616361.0,3237851.0
3578,1669,420,17,71344325.0,4196725.0
3579,1020,192,1,4377929.0,4377929.0
3580,2327,367,1,3173470.0,3173470.0
3581,362,61,4,2723000.0,680750.0
3582,1812,173,8,35198112.0,4399764.0
3583,1780,20,12,35794872.0,2982906.0
3584,2784,81,1,378085.0,378085.0
3585,2634,390,17,55728567.0,3278151.0
3586,33,26,16,18653264.0,1165829.0
3587,2943,124,14,31028648.0,2216332.0
3588,787,251,11,16284774.0,1480434.0
3589,1355,112,6,17570268.0,2928378.0
3590,673,183,17,17865997.0,1050941.0
3591,342,72,9,13575492.0,1508388.0
3592,2600,179,6,24043266.0,4007211.0
3593,1822,499,9,27474885.0,3052765.0
3594,2710,338,1,4252864.0,4252864.0
3595,1804,133,7,9310707.0,1330101.0
3596,815,268,14,54078864.0,3862776.0
3597,2442,359,1,2402096.0,2402096.0
3598,2756,84,1,4127057.0,4127057.0
3599,2198,495,12,6403944.0,533662.0
3600,2426,218,15,67866045.0,4524403.0
3601,1395,300,5,16672930.0,3334586.0
3602,2060,317,15,41108475.0,2740565.0
3603,135,436,19,72894013.0,3836527.0
3604,1256,445,1,3653556.0,3653556.0
3605,2165,169,4,5284116.0,1321029.0
3606,1037,195,8,9409320.0,1176165.0
3607,286,344,20,50958600.0,2547930.0
3608,2427,262,6,9937572.0,1656262.0
3609,2299,439,4,5486104.0,1371526.0
3610,619,326,16,56392592.0,3524537.0
3611,305,429,2,1499896.0,749948.0
3612,2399,54,4,3577780.0,894445.0
3613,512,32,3,8063739.0,2687913.0
3614,1653,67,13,20611903.0,1585531.0
3615,2160,353,19,73632790.0,3875410.0
3616,2010,209,19,11015687.0,579773.0
3617,560,96,6,14529210.0,2421535.0
3618,1692,327,1,4720343.0,4720343.0
3619,2938,393,9,410184.0,45576.0
3620,2471,347,3,2423343.0,807781.0
3621,1592,279,16,51240784.0,3202549.0
3622,1645,447,16,26227680.0,1639230.0
3623,1980,112,18,52710804.0,2928378.0
3624,2981,250,8,13518992.0,1689874.0
3625,2114,54,9,8050005.0,894445.0
3626,2214,283,20,73423640.0,3671182.0
3627,1389,486,20,47989280.0,2399464.0
3628,1491,459,16,42958704.0,2684919.0
3629,1120,242,8,16133872.0,2016734.0
3630,1501,125,1,1852143.0,1852143.0
3631,951,484,19,36162301.0,1903279.0
3632,701,198,4,12325540.0,3081385.0
3633,600,478,1,4198721.0,4198721.0
3634,1304,241,18,57208356.0,3178242.0
3635,2902,346,14,51157820.0,3654130.0
3636,2021,29,16,61663168.0,3853948.0
3637,406,154,4,4782272.0,1195568.0
3638,70,83,16,64641088.0,4040068.0
3639,173,229,6,24394848.0,4065808.0
3640,587,268,17,65667192.0,3862776.0
3641,2711,453,17,40146860.0,2361580.0
3642,169,391,13,17185350.0,1321950.0
3643,1035,213,18,79563006.0,4420167.0
3644,1591,361,16,47242992.0,2952687.0
3645,186,434,10,40874790.0,4087479.0
3646,820,450,2,3918524.0,1959262.0
3647,198,299,15,2886030.0,192402.0
3648,1996,281,9,2277666.0,253074.0
3649,1710,468,16,28374208.0,1773388.0
3650,1837,253,5,22862795.0,4572559.0
3651,422,18,6,28415352.0,4735892.0
3652,76,195,9,10585485.0,1176165.0
3653,1833,374,18,40063860.0,2225770.0
3654,1049,421,17,32901953.0,1935409.0
3655,2348,351,12,5365560.0,447130.0
3656,2385,107,2,681390.0,340695.0
3657,2446,88,9,34702992.0,3855888.0
3658,1675,198,12,36976620.0,3081385.0
3659,575,484,16,30452464.0,1903279.0
3660,270,163,1,2382779.0,2382779.0
3661,1338,346,11,40195430.0,3654130.0
3662,1354,45,4,17980760.0,4495190.0
3663,964,8,6,17924526.0,2987421.0
3664,794,456,16,69399936.0,4337496.0
3665,2269,275,2,2183038.0,1091519.0
3666,1393,393,3,136728.0,45576.0
3667,1000,268,15,57941640.0,3862776.0
3668,2376,101,7,18478257.0,2639751.0
3669,2162,227,1,1626490.0,1626490.0
3670,657,468,9,15960492.0,1773388.0
3671,1776,292,16,36591248.0,2286953.0
3672,515,485,19,81845559.0,4307661.0
3673,2252,237,7,30904048.0,4414864.0
3674,12,88,10,38558880.0,3855888.0
3675,1410,2,9,26145756.0,2905084.0
3676,2162,195,3,3528495.0,1176165.0
3677,510,249,12,39202596.0,3266883.0
3678,1182,225,13,1820832.0,140064.0
3679,973,298,17,15354179.0,903187.0
3680,2358,274,15,2566650.0,171110.0
3681,455,52,2,1420232.0,710116.0
3682,336,205,11,42616156.0,3874196.0
3683,798,114,17,23091644.0,1358332.0
3684,336,389,13,3294382.0,253414.0
3685,1433,310,2,6511906.0,3255953.0
3686,640,54,10,8944450.0,894445.0
3687,502,205,1,3874196.0,3874196.0
3688,149,36,6,15238332.0,2539722.0
3689,1765,210,4,8617372.0,2154343.0
3690,1093,342,5,7870050.0,1574010.0
3691,965,101,18,47515518.0,2639751.0
3692,29,430,15,23721135.0,1581409.0
3693,2429,326,10,35245370.0,3524537.0
3694,1549,90,3,9209610.0,3069870.0
3695,2799,376,20,20041760.0,1002088.0
3696,2266,136,14,23650690.0,1689335.0
3697,66,380,4,7633660.0,1908415.0
3698,201,195,8,9409320.0,1176165.0
3699,737,303,18,77318010.0,4295445.0
3700,770,241,11,34960662.0,3178242.0
3701,1319,42,9,32541939.0,3615771.0
3702,2425,324,1,3237326.0,3237326.0
3703,616,317,2,5481130.0,2740565.0
3704,1789,206,6,23262150.0,3877025.0
3705,2030,102,1,4819075.0,4819075.0
3706,2494,60,17,26447988.0,1555764.0
3707,880,358,3,14277444.0,4759148.0
3708,20,467,16,64184528.0,4011533.0
3709,2811,500,19,27355915.0,1439785.0
3710,514,235,13,38353276.0,2950252.0
3711,1435,290,14,51384494.0,3670321.0
3712,2610,489,4,2429116.0,607279.0
3713,1116,334,4,15587348.0,3896837.0
3714,1691,110,19,35430782.0,1864778.0
3715,2629,178,6,5173290.0,862215.0
3716,1799,88,10,38558880.0,3855888.0
3717,1222,266,2,9509072.0,4754536.0
3718,1536,205,18,69735528.0,3874196.0
3719,1006,416,12,49549704.0,4129142.0
3720,2551,249,12,39202596.0,3266883.0
3721,566,11,2,1318056.0,659028.0
3722,2663,487,10,14556420.0,1455642.0
3723,2266,220,4,18141436.0,4535359.0
3724,1904,388,15,49332315.0,3288821.0
3725,1852,168,4,7568564.0,1892141.0
3726,2399,204,14,67613882.0,4829563.0
3727,2832,314,16,11747216.0,734201.0
3728,1217,90,19,58327530.0,3069870.0
3729,118,417,13,27393769.0,2107213.0
3730,2762,158,17,52739372.0,3102316.0
3731,1158,156,12,38688528.0,3224044.0
3732,2897,355,20,90853780.0,4542689.0
3733,1478,41,12,43297836.0,3608153.0
3734,1800,273,16,7176736.0,448546.0
3735,1888,500,12,17277420.0,1439785.0
3736,2105,140,11,52073175.0,4733925.0
3737,585,405,12,2887800.0,240650.0
3738,1921,247,10,16816560.0,1681656.0
3739,756,12,14,42285292.0,3020378.0
3740,103,70,12,6602544.0,550212.0
3741,641,352,18,32894694.0,1827483.0
3742,1801,222,1,1814962.0,1814962.0
3743,249,446,19,16420750.0,864250.0
3744,1367,344,7,17835510.0,2547930.0
3745,1400,91,15,57491985.0,3832799.0
3746,41,360,2,3911260.0,1955630.0
3747,2078,176,1,3950332.0,3950332.0
3748,1511,255,19,79037378.0,4159862.0
3749,2675,174,1,2411886.0,2411886.0
3750,2850,157,16,63638240.0,3977390.0
3751,319,437,17,19228105.0,1131065.0
3752,971,404,1,2488097.0,2488097.0
3753,1135,142,13,25043798.0,1926446.0
3754,2781,146,16,54262992.0,3391437.0
3755,1190,145,10,3740420.0,374042.0
3756,1439,451,11,18047040.0,1640640.0
3757,1075,399,6,9591234.0,1598539.0
3758,2117,295,8,34866696.0,4358337.0
3759,1383,446,2,1728500.0,864250.0
3760,428,28,8,32342824.0,4042853.0
3761,2795,455,10,48745110.0,4874511.0
3762,1106,200,7,16468361.0,2352623.0
3763,467,438,14,37921674.0,2708691.0
3764,890,116,10,46176250.0,4617625.0
3765,172,192,8,35023432.0,4377929.0
3766,2010,382,7,5484815.0,783545.0
3767,1324,71,7,25061372.0,3580196.0
3768,2431,204,19,91761697.0,4829563.0
3769,2007,109,9,2147751.0,238639.0
3770,2587,146,2,6782874.0,3391437.0
3771,228,95,3,7007010.0,2335670.0
3772,2921,311,4,15607236.0,3901809.0
3773,696,264,1,4079641.0,4079641.0
3774,884,290,7,25692247.0,3670321.0
3775,1380,51,18,3117906.0,173217.0
3776,1116,86,17,50862436.0,2991908.0
3777,556,234,12,47374260.0,3947855.0
3778,170,78,14,39039700.0,2788550.0
3779,1207,354,19,7686906.0,404574.0
3780,728,288,9,27821511.0,3091279.0
3781,1691,456,12,52049952.0,4337496.0
3782,810,214,5,8267640.0,1653528.0
3783,2271,55,12,53784648.0,4482054.0
3784,2700,183,16,16815056.0,1050941.0
3785,1807,165,18,13923990.0,773555.0
3786,1029,342,7,11018070.0,1574010.0
3787,2892,82,16,71988176.0,4499261.0
3788,695,337,1,2646186.0,2646186.0
3789,2438,60,5,7778820.0,1555764.0
3790,351,485,2,8615322.0,4307661.0
3791,2240,305,4,11842724.0,2960681.0
3792,2360,433,20,14724320.0,736216.0
3793,1,398,19,20289416.0,1067864.0
3794,63,485,1,4307661.0,4307661.0
3795,262,177,17,3490287.0,205311.0
3796,2891,471,1,4036661.0,4036661.0
3797,508,27,6,860796.0,143466.0
3798,2151,477,12,5733984.0,477832.0
3799,1592,53,10,14850340.0,1485034.0
3800,152,36,3,7619166.0,2539722.0
3801,2945,340,18,21159594.0,1175533.0
3802,1556,81,11,4158935.0,378085.0
3803,64,393,11,501336.0,45576.0
3804,446,403,1,3422376.0,3422376.0
3805,2285,338,10,42528640.0,4252864.0
3806,870,127,20,25878860.0,1293943.0
3807,284,361,10,29526870.0,2952687.0
3808,216,461,4,11825292.0,2956323.0
3809,2972,190,18,84722148.0,4706786.0
3810,2264,430,20,31628180.0,1581409.0
3811,2966,396,20,72436840.0,3621842.0
3812,2503,214,8,13228224.0,1653528.0
3813,992,412,13,9849710.0,757670.0
3814,1474,117,8,37892464.0,4736558.0
3815,1038,177,14,2874354.0,205311.0
3816,1810,345,6,11109624.0,1851604.0
3817,109,1,2,1193532.0,596766.0
3818,2953,482,11,34493085.0,3135735.0
3819,893,337,16,42338976.0,2646186.0
3820,182,456,19,82412424.0,4337496.0
3821,2081,331,10,19870340.0,1987034.0
3822,1188,275,11,12006709.0,1091519.0
3823,429,451,9,14765760.0,1640640.0
3824,2493,276,6,22430844.0,3738474.0
3825,712,41,6,21648918.0,3608153.0
3826,289,436,15,57547905.0,3836527.0
3827,1287,480,1,1382071.0,1382071.0
3828,2391,93,5,301705.0,60341.0
3829,1153,249,20,65337660.0,3266883.0
3830,394,222,1,1814962.0,1814962.0
3831,2446,483,16,3126320.0,195395.0
3832,2552,406,14,25452966.0,1818069.0
3833,2453,420,16,67147600.0,4196725.0
3834,135,460,8,36369560.0,4546195.0
3835,837,98,3,1626906.0,542302.0
3836,2679,433,17,12515672.0,736216.0
3837,1239,116,2,9235250.0,4617625.0
3838,2957,284,5,24279845.0,4855969.0
3839,480,221,13,40392209.0,3107093.0
3840,1074,127,13,16821259.0,1293943.0
3841,969,153,4,2811176.0,702794.0
3842,2752,92,5,2118725.0,423745.0
3843,2207,436,17,65220959.0,3836527.0
3844,2434,449,11,14725205.0,1338655.0
3845,2091,167,3,7422177.0,2474059.0
3846,2096,427,2,553980.0,276990.0
3847,505,77,8,4683216.0,585402.0
3848,231,174,7,16883202.0,2411886.0
3849,1617,292,2,4573906.0,2286953.0
3850,973,155,9,7684740.0,853860.0
3851,1330,222,12,21779544.0,1814962.0
3852,22,432,9,11054214.0,1228246.0
3853,2641,110,16,29836448.0,1864778.0
3854,1301,79,20,42285700.0,2114285.0
3855,597,139,18,64964124.0,3609118.0
3856,1145,267,19,76473347.0,4024913.0
3857,530,288,1,3091279.0,3091279.0
3858,2352,421,7,13547863.0,1935409.0
3859,1837,206,4,15508100.0,3877025.0
3860,485,443,1,2068310.0,2068310.0
3861,1343,263,2,7308754.0,3654377.0
3862,122,128,20,36128340.0,1806417.0
3863,410,75,3,3555048.0,1185016.0
3864,2892,233,12,27821904.0,2318492.0
3865,193,164,5,10481590.0,2096318.0
3866,817,284,14,67983566.0,4855969.0
3867,531,398,2,2135728.0,1067864.0
3868,1834,483,6,1172370.0,195395.0
3869,1414,419,8,5116824.0,639603.0
3870,522,67,15,23782965.0,1585531.0
3871,2572,480,9,12438639.0,1382071.0
3872,1313,398,18,19221552.0,1067864.0
3873,1971,490,12,27430992.0,2285916.0
3874,560,384,19,63953791.0,3365989.0
3875,2374,151,10,8059560.0,805956.0
3876,1361,319,18,86234868.0,4790826.0
3877,2962,56,8,9184776.0,1148097.0
3878,351,64,16,24729088.0,1545568.0
3879,2596,168,11,20813551.0,1892141.0
3880,2359,371,8,11140752.0,1392594.0
3881,2450,390,1,3278151.0,3278151.0
3882,781,145,19,7106798.0,374042.0
3883,2532,180,19,39856357.0,2097703.0
3884,892,356,11,48132766.0,4375706.0
3885,698,8,16,47798736.0,2987421.0
3886,1879,226,7,34534591.0,4933513.0
3887,2550,190,1,4706786.0,4706786.0
3888,61,319,4,19163304.0,4790826.0
3889,2683,99,20,83114980.0,4155749.0
3890,835,465,2,7734988.0,3867494.0
3891,798,315,4,10069200.0,2517300.0
3892,1322,364,14,10419528.0,744252.0
3893,1624,330,3,8890392.0,2963464.0
3894,2968,302,5,21492685.0,4298537.0
3895,1938,28,18,72771354.0,4042853.0
3896,2411,167,5,12370295.0,2474059.0
3897,1326,165,11,8509105.0,773555.0
3898,398,118,18,39404880.0,2189160.0
3899,1147,155,17,14515620.0,853860.0
3900,366,229,20,81316160.0,4065808.0
3901,325,38,2,3655428.0,1827714.0
3902,1082,147,4,18414660.0,4603665.0
3903,1460,280,4,7621588.0,1905397.0
3904,1610,334,1,3896837.0,3896837.0
3905,2348,117,11,52102138.0,4736558.0
3906,2821,121,16,22004688.0,1375293.0
3907,2738,204,1,4829563.0,4829563.0
3908,2523,322,16,66220384.0,4138774.0
3909,2602,227,3,4879470.0,1626490.0
3910,829,291,12,45251640.0,3770970.0
3911,2761,302,20,85970740.0,4298537.0
3912,231,407,18,6219342.0,345519.0
3913,2789,473,5,16659630.0,3331926.0
3914,1970,189,8,7237360.0,904670.0
3915,1230,148,4,6794324.0,1698581.0
3916,384,35,6,24674916.0,4112486.0
3917,2772,179,1,4007211.0,4007211.0
3918,1906,469,13,62295961.0,4791997.0
3919,563,31,19,19649914.0,1034206.0
3920,2954,242,10,20167340.0,2016734.0
3921,834,121,11,15128223.0,1375293.0
3922,2371,349,19,45040925.0,2370575.0
3923,2028,57,6,5248428.0,874738.0
3924,233,459,18,48328542.0,2684919.0
3925,607,352,1,1827483.0,1827483.0
3926,1362,76,19,68532943.0,3606997.0
3927,301,249,20,65337660.0,3266883.0
3928,2230,161,17,7089646.0,417038.0
3929,424,287,11,37708649.0,3428059.0
3930,433,451,11,18047040.0,1640640.0
3931,629,235,12,35403024.0,2950252.0
3932,1296,417,18,37929834.0,2107213.0
3933,1059,22,9,19803708.0,2200412.0
3934,2889,26,14,16321606.0,1165829.0
3935,2012,407,14,4837266.0,345519.0
3936,2885,475,20,98219100.0,4910955.0
3937,953,79,12,25371420.0,2114285.0
3938,2210,349,11,26076325.0,2370575.0
3939,2611,285,12,8472708.0,706059.0
3940,1460,230,8,30294056.0,3786757.0
3941,1193,431,13,40654848.0,3127296.0
3942,2304,476,10,48427120.0,4842712.0
3943,2056,232,8,17758384.0,2219798.0
3944,2790,182,8,10548424.0,1318553.0
3945,623,384,8,26927912.0,3365989.0
3946,2623,394,11,48922038.0,4447458.0
3947,1457,485,11,47384271.0,4307661.0
3948,1913,169,13,17173377.0,1321029.0
3949,2654,486,19,45589816.0,2399464.0
3950,271,131,14,2423344.0,173096.0
3951,2597,252,14,44490152.0,3177868.0
3952,1874,374,10,22257700.0,2225770.0
3953,1696,190,4,18827144.0,4706786.0
3954,597,384,19,63953791.0,3365989.0
3955,2798,149,12,28032324.0,2336027.0
3956,2039,49,9,40055931.0,4450659.0
3957,2744,406,6,10908414.0,1818069.0
3958,497,224,6,8643258.0,1440543.0
3959,477,141,9,38155140.0,4239460.0
3960,130,65,17,41757372.0,2456316.0
3961,2838,401,20,38316540.0,1915827.0
3962,123,255,15,62397930.0,4159862.0
3963,1369,338,18,76551552.0,4252864.0
3964,2300,168,13,24597833.0,1892141.0
3965,1803,317,14,38367910.0,2740565.0
3966,871,387,2,6579864.0,3289932.0
3967,2689,260,7,34881588.0,4983084.0
3968,736,109,16,3818224.0,238639.0
3969,2669,194,10,22900870.0,2290087.0
3970,2135,280,6,11432382.0,1905397.0
3971,115,426,10,46170900.0,4617090.0
3972,2669,77,9,5268618.0,585402.0
3973,2010,77,7,4097814.0,585402.0
3974,2336,116,6,27705750.0,4617625.0
3975,571,460,13,59100535.0,4546195.0
3976,1246,385,8,26294976.0,3286872.0
3977,2322,466,16,25593776.0,1599611.0
3978,2179,260,7,34881588.0,4983084.0
3979,1350,348,1,2836068.0,2836068.0
3980,2629,282,1,2482054.0,2482054.0
3981,1300,21,7,3511508.0,501644.0
3982,1750,216,1,3313455.0,3313455.0
3983,1470,348,3,8508204.0,2836068.0
3984,1604,339,18,89932896.0,4996272.0
3985,1600,368,18,60763338.0,3375741.0
3986,1655,41,18,64946754.0,3608153.0
3987,663,179,5,20036055.0,4007211.0
3988,1643,73,8,38747336.0,4843417.0
3989,1660,371,9,12533346.0,1392594.0
3990,1250,298,17,15354179.0,903187.0
3991,406,109,5,1193195.0,238639.0
3992,1643,467,20,80230660.0,4011533.0
3993,625,139,18,64964124.0,3609118.0
3994,107,175,12,34901208.0,2908434.0
3995,2900,233,15,34777380.0,2318492.0
3996,1066,192,16,70046864.0,4377929.0
3997,788,105,12,9630360.0,802530.0
3998,446,154,2,2391136.0,1195568.0
3999,1194,160,4,18259048.0,4564762.0
4000,265,246,3,12884412.0,4294804.0
4001,2749,202,5,6493290.0,1298658.0
4002,310,373,13,48702056.0,3746312.0
4003,1433,211,18,46199304.0,2566628.0
4004,2293,272,14,4233740.0,302410.0
4005,1713,288,14,43277906.0,3091279.0
4006,2020,48,3,643899.0,214633.0
4007,373,225,19,2661216.0,140064.0
4008,937,298,19,17160553.0,903187.0
4009,1587,399,7,11189773.0,1598539.0
4010,2767,253,13,59443267.0,4572559.0
4011,1427,326,4,14098148.0,3524537.0
4012,1648,488,18,21960306.0,1220017.0
4013,1331,247,15,25224840.0,1681656.0
4014,1520,491,18,55069362.0,3059409.0
4015,1322,95,5,11678350.0,2335670.0
4016,3,285,11,7766649.0,706059.0
4017,995,201,6,299724.0,49954.0
4018,1072,353,10,38754100.0,3875410.0
4019,2767,487,4,5822568.0,1455642.0
4020,601,322,20,82775480.0,4138774.0
4021,1801,179,15,60108165.0,4007211.0
4022,1393,306,6,27564342.0,4594057.0
4023,1516,53,16,23760544.0,1485034.0
4024,1643,316,15,24885585.0,1659039.0
4025,2557,26,11,12824119.0,1165829.0
4026,1146,122,16,63888256.0,3993016.0
4027,2370,402,4,3633168.0,908292.0
4028,2442,133,14,18621414.0,1330101.0
4029,185,357,7,1408799.0,201257.0
4030,153,144,20,18006280.0,900314.0
4031,1071,75,10,11850160.0,1185016.0
4032,1390,108,16,17476752.0,1092297.0
4033,373,227,4,6505960.0,1626490.0
4034,2476,342,9,14166090.0,1574010.0
4035,2084,408,1,4560465.0,4560465.0
4036,2896,189,18,16284060.0,904670.0
4037,955,338,7,29770048.0,4252864.0
4038,2820,168,20,37842820.0,1892141.0
4039,666,223,9,35914275.0,3990475.0
4040,2241,114,10,13583320.0,1358332.0
4041,2222,139,17,61355006.0,3609118.0
4042,1533,260,16,79729344.0,4983084.0
4043,459,21,6,3009864.0,501644.0
4044,1710,405,17,4091050.0,240650.0
4045,2250,262,16,26500192.0,1656262.0
4046,802,223,12,47885700.0,3990475.0
4047,22,61,7,4765250.0,680750.0
4048,2464,113,14,15625694.0,1116121.0
4049,841,139,10,36091180.0,3609118.0
4050,816,62,1,687211.0,687211.0
4051,1568,459,11,29534109.0,2684919.0
4052,2492,215,3,11803977.0,3934659.0
4053,42,68,7,7982366.0,1140338.0
4054,1783,251,11,16284774.0,1480434.0
4055,2780,314,14,10278814.0,734201.0
4056,2883,162,17,66663290.0,3921370.0
4057,1032,116,5,23088125.0,4617625.0
4058,2833,441,6,18009504.0,3001584.0
4059,1495,182,5,6592765.0,1318553.0
4060,553,74,6,1806768.0,301128.0
4061,883,206,7,27139175.0,3877025.0
4062,1255,339,16,79940352.0,4996272.0
4063,1195,2,18,52291512.0,2905084.0
4064,2674,84,18,74287026.0,4127057.0
4065,660,221,15,46606395.0,3107093.0
4066,2811,321,7,9216746.0,1316678.0
4067,724,370,12,35008416.0,2917368.0
4068,1423,237,20,88297280.0,4414864.0
4069,2592,428,2,2600928.0,1300464.0
4070,2783,19,1,3678028.0,3678028.0
4071,599,174,2,4823772.0,2411886.0
4072,971,450,9,17633358.0,1959262.0
4073,1654,60,20,31115280.0,1555764.0
4074,2537,419,4,2558412.0,639603.0
4075,461,180,8,16781624.0,2097703.0
4076,1552,347,8,6462248.0,807781.0
4077,1720,136,8,13514680.0,1689335.0
4078,1306,36,19,48254718.0,2539722.0
4079,368,439,19,26058994.0,1371526.0
4080,2498,107,3,1022085.0,340695.0
4081,551,332,16,38746048.0,2421628.0
4082,1572,429,2,1499896.0,749948.0
4083,561,2,1,2905084.0,2905084.0
4084,2916,482,17,53307495.0,3135735.0
4085,91,257,7,31456481.0,4493783.0
4086,1477,189,11,9951370.0,904670.0
4087,2793,230,8,30294056.0,3786757.0
4088,827,357,3,603771.0,201257.0
4089,132,413,2,4954356.0,2477178.0
4090,2394,14,9,19423044.0,2158116.0
4091,1232,72,15,22625820.0,1508388.0
4092,2362,349,17,40299775.0,2370575.0
4093,599,485,17,73230237.0,4307661.0
4094,191,55,3,13446162.0,4482054.0
4095,459,151,1,805956.0,805956.0
4096,960,177,6,1231866.0,205311.0
4097,523,11,7,4613196.0,659028.0
4098,1464,287,19,65133121.0,3428059.0
4099,928,74,17,5119176.0,301128.0
4100,1066,482,9,28221615.0,3135735.0
4101,2336,469,9,43127973.0,4791997.0
4102,2120,405,20,4813000.0,240650.0
4103,874,358,6,28554888.0,4759148.0
4104,718,441,2,6003168.0,3001584.0
4105,556,434,11,44962269.0,4087479.0
4106,1645,130,4,18108080.0,4527020.0
4107,844,339,13,64951536.0,4996272.0
4108,349,205,16,61987136.0,3874196.0
4109,2410,368,19,64139079.0,3375741.0
4110,605,143,6,5393280.0,898880.0
4111,2858,409,6,9687642.0,1614607.0
4112,1614,92,20,8474900.0,423745.0
4113,2035,104,14,40644310.0,2903165.0
4114,1070,351,11,4918430.0,447130.0
4115,895,230,6,22720542.0,3786757.0
4116,2601,488,2,2440034.0,1220017.0
4117,1088,257,6,26962698.0,4493783.0
4118,924,153,14,9839116.0,702794.0
4119,1318,362,3,13523481.0,4507827.0
4120,1752,213,10,44201670.0,4420167.0
4121,730,81,18,6805530.0,378085.0
4122,109,139,20,72182360.0,3609118.0
4123,605,27,3,430398.0,143466.0
4124,2502,183,10,10509410.0,1050941.0
4125,2974,295,13,56658381.0,4358337.0
4126,925,325,2,2931356.0,1465678.0
4127,389,192,11,48157219.0,4377929.0
4128,1075,60,10,15557640.0,1555764.0
4129,2709,391,15,19829250.0,1321950.0
4130,1981,441,8,24012672.0,3001584.0
4131,2403,50,1,4010176.0,4010176.0
4132,2894,466,16,25593776.0,1599611.0
4133,148,22,11,24204532.0,2200412.0
4134,261,226,5,24667565.0,4933513.0
4135,2897,456,3,13012488.0,4337496.0
4136,1409,253,13,59443267.0,4572559.0
4137,2601,121,15,20629395.0,1375293.0
4138,1248,399,15,23978085.0,1598539.0
4139,380,88,6,23135328.0,3855888.0
4140,1874,17,6,25728312.0,4288052.0
4141,1391,355,4,18170756.0,4542689.0
4142,787,315,4,10069200.0,2517300.0
4143,2090,271,20,28168060.0,1408403.0
4144,2308,64,15,23183520.0,1545568.0
4145,1515,180,10,20977030.0,2097703.0
4146,1452,339,14,69947808.0,4996272.0
4147,1856,448,10,17206190.0,1720619.0
4148,519,461,17,50257491.0,2956323.0
4149,596,32,3,8063739.0,2687913.0
4150,2643,306,6,27564342.0,4594057.0
4151,706,381,4,18582852.0,4645713.0
4152,1094,301,17,28070672.0,1651216.0
4153,2739,413,14,34680492.0,2477178.0
4154,326,113,3,3348363.0,1116121.0
4155,2178,120,14,32767630.0,2340545.0
4156,2070,7,17,19510577.0,1147681.0
4157,2229,102,9,43371675.0,4819075.0
4158,2358,408,6,27362790.0,4560465.0
4159,1090,327,11,51923773.0,4720343.0
4160,1005,435,2,6754264.0,3377132.0
4161,2940,119,19,2951156.0,155324.0
4162,1729,154,5,5977840.0,1195568.0
4163,7,138,5,14526605.0,2905321.0
4164,1396,493,19,43547069.0,2291951.0
4165,2114,191,2,3992150.0,1996075.0
4166,932,1,6,3580596.0,596766.0
4167,2706,104,3,8709495.0,2903165.0
4168,2948,256,20,67007000.0,3350350.0
4169,82,11,10,6590280.0,659028.0
4170,1641,116,10,46176250.0,4617625.0
4171,119,342,9,14166090.0,1574010.0
4172,743,498,18,83222208.0,4623456.0
4173,2999,285,3,2118177.0,706059.0
4174,2583,51,5,866085.0,173217.0
4175,2025,481,5,22593075.0,4518615.0
4176,2370,493,8,18335608.0,2291951.0
4177,270,334,9,35071533.0,3896837.0
4178,2477,252,17,54023756.0,3177868.0
4179,509,23,11,28699484.0,2609044.0
4180,311,235,3,8850756.0,2950252.0
4181,2562,250,5,8449370.0,1689874.0
4182,82,281,3,759222.0,253074.0
4183,2520,349,2,4741150.0,2370575.0
4184,707,84,11,45397627.0,4127057.0
4185,1208,51,5,866085.0,173217.0
4186,2794,1,14,8354724.0,596766.0
4187,1143,161,13,5421494.0,417038.0
4188,1126,327,18,84966174.0,4720343.0
4189,783,257,18,80888094.0,4493783.0
4190,2240,480,9,12438639.0,1382071.0
4191,171,59,8,2840480.0,355060.0
4192,369,393,14,638064.0,45576.0
4193,557,239,16,56056688.0,3503543.0
4194,2099,21,6,3009864.0,501644.0
4195,1143,109,14,3340946.0,238639.0
4196,1755,308,5,16953470.0,3390694.0
4197,1735,386,5,16551710.0,3310342.0
4198,1712,330,20,59269280.0,2963464.0
4199,2509,264,14,57114974.0,4079641.0
4200,1494,171,14,61339292.0,4381378.0
4201,127,482,5,15678675.0,3135735.0
4202,2179,297,6,9633876.0,1605646.0
4203,1735,203,18,7878528.0,437696.0
4204,2950,162,19,74506030.0,3921370.0
4205,1219,381,6,27874278.0,4645713.0
4206,532,417,19,40037047.0,2107213.0
4207,2065,464,10,4125050.0,412505.0
4208,1588,311,17,66330753.0,3901809.0
4209,1726,404,20,49761940.0,2488097.0
4210,437,492,1,4969050.0,4969050.0
4211,2390,310,20,65119060.0,3255953.0
4212,84,338,12,51034368.0,4252864.0
4213,705,158,7,21716212.0,3102316.0
4214,822,423,18,47607318.0,2644851.0
4215,2043,283,8,29369456.0,3671182.0
4216,1736,483,2,390790.0,195395.0
4217,1247,370,18,52512624.0,2917368.0
4218,1268,163,14,33358906.0,2382779.0
4219,2733,452,8,39846584.0,4980823.0
4220,1906,112,17,49782426.0,2928378.0
4221,144,80,9,23964471.0,2662719.0
4222,1094,430,2,3162818.0,1581409.0
4223,165,217,11,1730190.0,157290.0
4224,734,312,16,13030192.0,814387.0
4225,959,107,6,2044170.0,340695.0
4226,2761,168,7,13244987.0,1892141.0
4227,909,445,10,36535560.0,3653556.0
4228,991,359,8,19216768.0,2402096.0
4229,2303,183,2,2101882.0,1050941.0
4230,311,46,13,57715905.0,4439685.0
4231,616,128,9,16257753.0,1806417.0
4232,2736,352,11,20102313.0,1827483.0
4233,1073,175,4,11633736.0,2908434.0
4234,2524,467,4,16046132.0,4011533.0
4235,2826,493,4,9167804.0,2291951.0
4236,1442,234,9,35530695.0,3947855.0
4237,1776,133,12,15961212.0,1330101.0
4238,1569,104,9,26128485.0,2903165.0
4239,362,413,14,34680492.0,2477178.0
4240,2625,95,9,21021030.0,2335670.0
4241,2106,76,9,32462973.0,3606997.0
4242,214,384,3,10097967.0,3365989.0
4243,692,169,14,18494406.0,1321029.0
4244,796,422,5,18628450.0,3725690.0
4245,1152,389,19,4814866.0,253414.0
4246,12,393,12,546912.0,45576.0
4247,2755,69,14,58311834.0,4165131.0
4248,2139,414,13,11107161.0,854397.0
4249,1548,15,9,33833889.0,3759321.0
4250,2661,107,20,6813900.0,340695.0
4251,2,268,3,11588328.0,3862776.0
4252,103,201,1,49954.0,49954.0
4253,2198,220,12,54424308.0,4535359.0
4254,2175,17,6,25728312.0,4288052.0
4255,1589,248,11,13023802.0,1183982.0
4256,717,451,8,13125120.0,1640640.0
4257,2189,247,6,10089936.0,1681656.0
4258,1048,279,7,22417843.0,3202549.0
4259,1981,151,14,11283384.0,805956.0
4260,2087,152,20,99732160.0,4986608.0
4261,2903,496,7,19915140.0,2845020.0
4262,1319,199,16,26461488.0,1653843.0
4263,2455,51,9,1558953.0,173217.0
4264,161,195,11,12937815.0,1176165.0
4265,2266,406,6,10908414.0,1818069.0
4266,223,458,5,19466485.0,3893297.0
4267,481,404,7,17416679.0,2488097.0
4268,2394,93,16,965456.0,60341.0
4269,1963,30,5,24387985.0,4877597.0
4270,2842,169,1,1321029.0,1321029.0
4271,1299,389,6,1520484.0,253414.0
4272,688,170,16,3781056.0,236316.0
4273,1755,20,12,35794872.0,2982906.0
4274,708,192,8,35023432.0,4377929.0
4275,1506,447,13,21309990.0,1639230.0
4276,2812,82,1,4499261.0,4499261.0
4277,2062,219,18,53922456.0,2995692.0
4278,2445,451,2,3281280.0,1640640.0
4279,1145,265,3,3074649.0,1024883.0
4280,2465,107,20,6813900.0,340695.0
4281,2352,347,5,4038905.0,807781.0
4282,2450,185,13,10340577.0,795429.0
4283,792,296,2,5030944.0,2515472.0
4284,691,300,16,53353376.0,3334586.0
4285,2718,118,18,39404880.0,2189160.0
4286,1004,116,19,87734875.0,4617625.0
4287,2785,193,20,32312460.0,1615623.0
4288,2999,254,11,21467182.0,1951562.0
4289,970,415,11,892463.0,81133.0
4290,218,295,8,34866696.0,4358337.0
4291,400,226,14,69069182.0,4933513.0
4292,636,97,9,13567356.0,1507484.0
4293,831,252,6,19067208.0,3177868.0
4294,2357,240,13,52680342.0,4052334.0
4295,2396,224,8,11524344.0,1440543.0
4296,1068,266,19,90336184.0,4754536.0
4297,139,460,13,59100535.0,4546195.0
4298,594,293,19,43754093.0,2302847.0
4299,404,23,3,7827132.0,2609044.0
4300,2075,211,9,23099652.0,2566628.0
4301,2500,359,9,21618864.0,2402096.0
4302,1042,406,11,19998759.0,1818069.0
4303,2640,339,9,44966448.0,4996272.0
4304,613,146,16,54262992.0,3391437.0
4305,2197,176,9,35552988.0,3950332.0
4306,8,100,20,34696840.0,1734842.0
4307,1076,451,11,18047040.0,1640640.0
4308,814,192,2,8755858.0,4377929.0
4309,643,377,8,28884112.0,3610514.0
4310,495,89,7,1807456.0,258208.0
4311,2348,336,17,42161462.0,2480086.0
4312,787,98,7,3796114.0,542302.0
4313,1264,292,11,25156483.0,2286953.0
4314,2498,235,16,47204032.0,2950252.0
4315,1470,142,15,28896690.0,1926446.0
4316,1444,81,6,2268510.0,378085.0
4317,291,309,4,19320484.0,4830121.0
4318,1344,290,5,18351605.0,3670321.0
4319,103,51,3,519651.0,173217.0
4320,1328,327,11,51923773.0,4720343.0
4321,649,445,17,62110452.0,3653556.0
4322,1675,51,20,3464340.0,173217.0
4323,2720,153,14,9839116.0,702794.0
4324,1622,227,13,21144370.0,1626490.0
4325,158,6,18,68871294.0,3826183.0
4326,1815,51,13,2251821.0,173217.0
4327,2917,488,4,4880068.0,1220017.0
4328,1330,76,18,64925946.0,3606997.0
4329,2814,302,4,17194148.0,4298537.0
4330,1269,495,1,533662.0,533662.0
4331,1143,154,4,4782272.0,1195568.0
4332,1747,448,16,27529904.0,1720619.0
4333,1488,297,15,24084690.0,1605646.0
4334,2238,87,17,50211132.0,2953596.0
4335,1900,356,2,8751412.0,4375706.0
4336,783,76,15,54104955.0,3606997.0
4337,488,212,18,75359664.0,4186648.0
4338,2732,497,13,53446770.0,4111290.0
4339,1941,141,5,21197300.0,4239460.0
4340,2232,471,12,48439932.0,4036661.0
4341,2355,285,1,706059.0,706059.0
4342,2693,491,18,55069362.0,3059409.0
4343,1013,375,6,14476722.0,2412787.0
4344,523,76,6,21641982.0,3606997.0
4345,2575,4,13,63532820.0,4887140.0
4346,2299,416,13,53678846.0,4129142.0
4347,430,428,16,20807424.0,1300464.0
4348,2795,408,15,68406975.0,4560465.0
4349,463,497,20,82225800.0,4111290.0
4350,1326,218,19,85963657.0,4524403.0
4351,1934,343,15,5206995.0,347133.0
4352,1126,239,5,17517715.0,3503543.0
4353,81,83,16,64641088.0,4040068.0
4354,2542,242,17,34284478.0,2016734.0
4355,2197,117,19,89994602.0,4736558.0
4356,2074,177,14,2874354.0,205311.0
4357,1369,243,3,486234.0,162078.0
4358,2084,309,7,33810847.0,4830121.0
4359,879,189,3,2714010.0,904670.0
4360,533,144,10,9003140.0,900314.0
4361,1758,32,15,40318695.0,2687913.0
4362,720,291,14,52793580.0,3770970.0
4363,2522,408,12,54725580.0,4560465.0
4364,2596,442,12,8071512.0,672626.0
4365,187,346,10,36541300.0,3654130.0
4366,2120,191,8,15968600.0,1996075.0
4367,2177,382,12,9402540.0,783545.0
4368,1226,9,16,63054464.0,3940904.0
4369,2321,96,18,43587630.0,2421535.0
4370,2566,469,8,38335976.0,4791997.0
4371,629,154,6,7173408.0,1195568.0
4372,61,69,20,83302620.0,4165131.0
4373,1881,375,1,2412787.0,2412787.0
4374,200,456,4,17349984.0,4337496.0
4375,2787,66,15,55623135.0,3708209.0
4376,2127,292,16,36591248.0,2286953.0
4377,1463,479,16,22943376.0,1433961.0
4378,788,72,3,4525164.0,1508388.0
4379,2833,106,4,942612.0,235653.0
4380,2607,296,15,37732080.0,2515472.0
4381,416,234,19,75009245.0,3947855.0
4382,2964,207,20,54223460.0,2711173.0
4383,236,225,16,2241024.0,140064.0
4384,1249,317,4,10962260.0,2740565.0
4385,2293,335,6,25394106.0,4232351.0
4386,2598,112,7,20498646.0,2928378.0
4387,2154,443,19,39297890.0,2068310.0
4388,2466,313,3,3543333.0,1181111.0
4389,2919,105,13,10432890.0,802530.0
4390,260,319,9,43117434.0,4790826.0
4391,2717,354,20,8091480.0,404574.0
4392,1433,136,15,25340025.0,1689335.0
4393,1616,423,18,47607318.0,2644851.0
4394,1767,287,11,37708649.0,3428059.0
4395,1044,50,13,52132288.0,4010176.0
4396,1441,423,17,44962467.0,2644851.0
4397,2541,109,6,1431834.0,238639.0
4398,196,118,16,35026560.0,2189160.0
4399,1127,361,8,23621496.0,2952687.0
4400,2134,246,17,73011668.0,4294804.0
4401,2403,264,7,28557487.0,4079641.0
4402,1137,481,4,18074460.0,4518615.0
4403,1815,5,6,21340656.0,3556776.0
4404,1175,396,13,47083946.0,3621842.0
4405,2443,400,10,5092360.0,509236.0
4406,977,192,15,65668935.0,4377929.0
4407,140,103,12,47656392.0,3971366.0
4408,1915,194,2,4580174.0,2290087.0
4409,595,124,8,17730656.0,2216332.0
4410,289,67,17,26954027.0,1585531.0
4411,1065,443,2,4136620.0,2068310.0
4412,2477,482,14,43900290.0,3135735.0
4413,589,278,1,3677816.0,3677816.0
4414,2866,34,1,1443949.0,1443949.0
4415,793,283,20,73423640.0,3671182.0
4416,1438,438,8,21669528.0,2708691.0
4417,2269,246,17,73011668.0,4294804.0
4418,2724,169,14,18494406.0,1321029.0
4419,888,15,9,33833889.0,3759321.0
4420,743,395,11,17840526.0,1621866.0
4421,2380,75,17,20145272.0,1185016.0
4422,2324,28,13,52557089.0,4042853.0
4423,121,409,12,19375284.0,1614607.0
4424,689,415,2,162266.0,81133.0
4425,2100,292,17,38878201.0,2286953.0
4426,2542,110,10,18647780.0,1864778.0
4427,1377,184,3,9365760.0,3121920.0
4428,1575,103,20,79427320.0,3971366.0
4429,1997,247,11,18498216.0,1681656.0
4430,2252,77,6,3512412.0,585402.0
4431,2891,9,11,43349944.0,3940904.0
4432,135,128,19,34321923.0,1806417.0
4433,12,186,3,11879208.0,3959736.0
4434,448,304,17,3643423.0,214319.0
4435,682,58,13,1151293.0,88561.0
4436,376,252,5,15889340.0,3177868.0
4437,2724,154,5,5977840.0,1195568.0
4438,1519,357,18,3622626.0,201257.0
4439,1274,107,1,340695.0,340695.0
4440,536,499,6,18316590.0,3052765.0
4441,59,53,7,10395238.0,1485034.0
4442,2431,42,11,39773481.0,3615771.0
4443,2018,466,7,11197277.0,1599611.0
4444,264,354,10,4045740.0,404574.0
4445,547,453,7,16531060.0,2361580.0
4446,2131,252,12,38134416.0,3177868.0
4447,1450,157,18,71593020.0,3977390.0
4448,195,244,11,49340929.0,4485539.0
4449,1955,460,8,36369560.0,4546195.0
4450,2632,31,9,9307854.0,1034206.0
4451,2983,174,9,21706974.0,2411886.0
4452,1621,463,19,45663137.0,2403323.0
4453,141,29,17,65517116.0,3853948.0
4454,1637,44,6,14851254.0,2475209.0
4455,2724,345,8,14812832.0,1851604.0
4456,1842,7,12,13772172.0,1147681.0
4457,1430,430,15,23721135.0,1581409.0
4458,323,169,12,15852348.0,1321029.0
4459,167,485,10,43076610.0,4307661.0
4460,2178,55,1,4482054.0,4482054.0
4461,2941,151,16,12895296.0,805956.0
4462,2437,232,19,42176162.0,2219798.0
4463,1097,338,10,42528640.0,4252864.0
4464,924,115,8,31819832.0,3977479.0
4465,868,354,3,1213722.0,404574.0
4466,1531,466,16,25593776.0,1599611.0
4467,7,199,16,26461488.0,1653843.0
4468,2832,476,7,33898984.0,4842712.0
4469,2376,213,6,26521002.0,4420167.0
4470,1106,495,6,3201972.0,533662.0
4471,2494,219,11,32952612.0,2995692.0
4472,2275,387,17,55928844.0,3289932.0
4473,1669,228,5,6182785.0,1236557.0
4474,2907,19,9,33102252.0,3678028.0
4475,2952,91,8,30662392.0,3832799.0
4476,393,438,19,51465129.0,2708691.0
4477,1504,274,4,684440.0,171110.0
4478,1096,195,16,18818640.0,1176165.0
4479,434,355,18,81768402.0,4542689.0
4480,1765,97,20,30149680.0,1507484.0
4481,626,318,3,2946684.0,982228.0
4482,149,498,12,55481472.0,4623456.0
4483,2546,19,20,73560560.0,3678028.0
4484,2601,150,18,58281318.0,3237851.0
4485,2480,66,19,70455971.0,3708209.0
4486,2594,196,4,13091536.0,3272884.0
4487,2374,246,7,30063628.0,4294804.0
4488,1132,238,13,7072065.0,544005.0
4489,1465,260,10,49830840.0,4983084.0
4490,2056,478,14,58782094.0,4198721.0
4491,534,304,16,3429104.0,214319.0
4492,2342,403,8,27379008.0,3422376.0
4493,673,229,14,56921312.0,4065808.0
4494,838,388,20,65776420.0,3288821.0
4495,712,236,14,26128928.0,1866352.0
4496,135,130,9,40743180.0,4527020.0
4497,2265,293,4,9211388.0,2302847.0
4498,1378,405,11,2647150.0,240650.0
4499,1290,248,3,3551946.0,1183982.0
4500,2309,496,18,51210360.0,2845020.0
4501,1216,213,3,13260501.0,4420167.0
4502,1803,272,9,2721690.0,302410.0
4503,2751,120,13,30427085.0,2340545.0
4504,1177,307,9,26202033.0,2911337.0
4505,323,396,20,72436840.0,3621842.0
4506,499,118,1,2189160.0,2189160.0
4507,394,246,15,64422060.0,4294804.0
4508,211,349,5,11852875.0,2370575.0
4509,1700,208,2,3217854.0,1608927.0
4510,1025,99,18,74803482.0,4155749.0
4511,945,79,8,16914280.0,2114285.0
4512,1065,28,17,68728501.0,4042853.0
4513,1698,323,11,4780193.0,434563.0
4514,751,92,1,423745.0,423745.0
4515,733,321,6,7900068.0,1316678.0
4516,2962,481,5,22593075.0,4518615.0
4517,780,424,16,46501680.0,2906355.0
4518,1804,79,2,4228570.0,2114285.0
4519,4,56,15,17221455.0,1148097.0
4520,2282,102,15,72286125.0,4819075.0
4521,2922,337,4,10584744.0,2646186.0
4522,2243,433,4,2944864.0,736216.0
4523,1102,87,10,29535960.0,2953596.0
4524,170,54,6,5366670.0,894445.0
4525,2706,88,3,11567664.0,3855888.0
4526,72,474,8,31198656.0,3899832.0
4527,1806,347,1,807781.0,807781.0
4528,208,444,17,83207996.0,4894588.0
4529,2629,476,5,24213560.0,4842712.0
4530,1671,109,6,1431834.0,238639.0
4531,2972,76,6,21641982.0,3606997.0
4532,56,227,18,29276820.0,1626490.0
4533,908,130,2,9054040.0,4527020.0
4534,978,117,7,33155906.0,4736558.0
4535,2589,314,10,7342010.0,734201.0
4536,2064,104,17,49353805.0,2903165.0
4537,329,29,15,57809220.0,3853948.0
4538,1599,210,16,34469488.0,2154343.0
4539,1562,291,3,11312910.0,3770970.0
4540,143,258,2,4280656.0,2140328.0
4541,2744,388,14,46043494.0,3288821.0
4542,134,331,8,15896272.0,1987034.0
4543,1133,115,3,11932437.0,3977479.0
4544,1788,1,2,1193532.0,596766.0
4545,1533,83,9,36360612.0,4040068.0
4546,778,188,19,82256282.0,4329278.0
4547,1617,357,4,805028.0,201257.0
4548,179,218,8,36195224.0,4524403.0
4549,1533,287,2,6856118.0,3428059.0
4550,2498,80,11,29289909.0,2662719.0
4551,30,388,20,65776420.0,3288821.0
4552,1817,270,15,41495865.0,2766391.0
4553,2035,167,3,7422177.0,2474059.0
4554,741,298,15,13547805.0,903187.0
4555,1729,35,19,78137234.0,4112486.0
4556,1948,325,12,17588136.0,1465678.0
4557,2198,7,17,19510577.0,1147681.0
4558,1920,43,8,23631520.0,2953940.0
4559,1778,171,5,21906890.0,4381378.0
4560,354,168,7,13244987.0,1892141.0
4561,1624,374,16,35612320.0,2225770.0
4562,171,226,18,88803234.0,4933513.0
4563,828,411,12,36749688.0,3062474.0
4564,2934,325,16,23450848.0,1465678.0
4565,1302,290,16,58725136.0,3670321.0
4566,2390,401,4,7663308.0,1915827.0
4567,205,322,7,28971418.0,4138774.0
4568,120,157,2,7954780.0,3977390.0
4569,2463,77,1,585402.0,585402.0
4570,627,169,19,25099551.0,1321029.0
4571,2714,55,16,71712864.0,4482054.0
4572,634,486,16,38391424.0,2399464.0
4573,2325,27,1,143466.0,143466.0
4574,1538,20,15,44743590.0,2982906.0
4575,674,272,17,5140970.0,302410.0
4576,1525,23,2,5218088.0,2609044.0
4577,2351,69,4,16660524.0,4165131.0
4578,1455,285,19,13415121.0,706059.0
4579,2574,500,10,14397850.0,1439785.0
4580,2246,488,12,14640204.0,1220017.0
4581,2630,206,6,23262150.0,3877025.0
4582,371,189,10,9046700.0,904670.0
4583,678,107,2,681390.0,340695.0
4584,1051,239,16,56056688.0,3503543.0
4585,506,206,8,31016200.0,3877025.0
4586,12,88,8,30847104.0,3855888.0
4587,2418,216,2,6626910.0,3313455.0
4588,1525,5,16,56908416.0,3556776.0
4589,1145,10,12,4663236.0,388603.0
4590,2238,44,17,42078553.0,2475209.0
4591,2833,27,12,1721592.0,143466.0
4592,798,435,15,50656980.0,3377132.0
4593,187,175,8,23267472.0,2908434.0
4594,1793,22,8,17603296.0,2200412.0
4595,465,100,14,24287788.0,1734842.0
4596,574,26,6,6994974.0,1165829.0
4597,1744,464,15,6187575.0,412505.0
4598,2013,89,5,1291040.0,258208.0
4599,1557,384,2,6731978.0,3365989.0
4600,1306,88,9,34702992.0,3855888.0
4601,1540,223,15,59857125.0,3990475.0
4602,347,12,10,30203780.0,3020378.0
4603,2656,134,16,56695184.0,3543449.0
4604,947,455,3,14623533.0,4874511.0
4605,584,224,10,14405430.0,1440543.0
4606,1250,326,17,59917129.0,3524537.0
4607,1773,357,4,805028.0,201257.0
4608,1177,171,14,61339292.0,4381378.0
4609,501,65,20,49126320.0,2456316.0
4610,2871,29,10,38539480.0,3853948.0
4611,63,354,2,809148.0,404574.0
4612,530,122,17,67881272.0,3993016.0
4613,2585,61,2,1361500.0,680750.0
4614,1488,51,18,3117906.0,173217.0
4615,2287,248,16,18943712.0,1183982.0
4616,2091,259,9,2045043.0,227227.0
4617,2590,294,20,23476240.0,1173812.0
4618,2102,251,5,7402170.0,1480434.0
4619,583,29,12,46247376.0,3853948.0
4620,2335,111,14,3580262.0,255733.0
4621,2949,271,13,18309239.0,1408403.0
4622,2808,491,10,30594090.0,3059409.0
4623,1121,105,1,802530.0,802530.0
4624,1745,491,2,6118818.0,3059409.0
4625,2675,214,6,9921168.0,1653528.0
4626,2160,49,8,35605272.0,4450659.0
4627,1698,459,3,8054757.0,2684919.0
4628,979,147,8,36829320.0,4603665.0
4629,2005,355,1,4542689.0,4542689.0
4630,230,269,13,33204314.0,2554178.0
4631,320,134,20,70868980.0,3543449.0
4632,2678,76,4,14427988.0,3606997.0
4633,2134,262,5,8281310.0,1656262.0
4634,812,407,18,6219342.0,345519.0
4635,710,398,17,18153688.0,1067864.0
4636,144,160,6,27388572.0,4564762.0
4637,247,236,3,5599056.0,1866352.0
4638,2686,487,19,27657198.0,1455642.0
4639,2501,326,17,59917129.0,3524537.0
4640,1186,194,5,11450435.0,2290087.0
4641,2613,461,11,32519553.0,2956323.0
4642,117,124,3,6648996.0,2216332.0
4643,519,76,16,57711952.0,3606997.0
4644,1753,222,8,14519696.0,1814962.0
4645,1373,387,19,62508708.0,3289932.0
4646,506,21,10,5016440.0,501644.0
4647,2640,458,8,31146376.0,3893297.0
4648,2290,408,8,36483720.0,4560465.0
4649,1388,120,20,46810900.0,2340545.0
4650,1358,467,8,32092264.0,4011533.0
4651,2477,280,16,30486352.0,1905397.0
4652,2906,497,1,4111290.0,4111290.0
4653,2252,167,8,19792472.0,2474059.0
4654,1375,34,15,21659235.0,1443949.0
4655,1392,200,11,25878853.0,2352623.0
4656,1668,447,19,31145370.0,1639230.0
4657,1122,33,20,51415540.0,2570777.0
4658,226,141,2,8478920.0,4239460.0
4659,1258,390,9,29503359.0,3278151.0
4660,836,133,3,3990303.0,1330101.0
4661,871,475,9,44198595.0,4910955.0
4662,2367,133,20,26602020.0,1330101.0
4663,1054,109,8,1909112.0,238639.0
4664,1374,235,14,41303528.0,2950252.0
4665,84,274,5,855550.0,171110.0
4666,1468,268,2,7725552.0,3862776.0
4667,2668,409,1,1614607.0,1614607.0
4668,2467,299,10,1924020.0,192402.0
4669,2208,5,4,14227104.0,3556776.0
4670,876,256,10,33503500.0,3350350.0
4671,1364,134,6,21260694.0,3543449.0
4672,928,187,7,19319139.0,2759877.0
4673,1878,352,4,7309932.0,1827483.0
4674,1129,420,5,20983625.0,4196725.0
4675,588,146,11,37305807.0,3391437.0
4676,2518,29,9,34685532.0,3853948.0
4677,40,143,20,17977600.0,898880.0
4678,1019,430,20,31628180.0,1581409.0
4679,539,227,19,30903310.0,1626490.0
4680,2518,371,1,1392594.0,1392594.0
4681,459,491,10,30594090.0,3059409.0
4682,633,302,12,51582444.0,4298537.0
4683,2943,285,5,3530295.0,706059.0
4684,1001,293,8,18422776.0,2302847.0
4685,2015,460,15,68192925.0,4546195.0
4686,1227,310,14,45583342.0,3255953.0
4687,2177,175,15,43626510.0,2908434.0
4688,2467,336,13,32241118.0,2480086.0
4689,957,6,9,34435647.0,3826183.0
4690,478,217,9,1415610.0,157290.0
4691,2891,258,11,23543608.0,2140328.0
4692,624,143,13,11685440.0,898880.0
4693,79,139,20,72182360.0,3609118.0
4694,2052,248,10,11839820.0,1183982.0
4695,1014,324,16,51797216.0,3237326.0
4696,2620,340,3,3526599.0,1175533.0
4697,1070,406,7,12726483.0,1818069.0
4698,893,464,20,8250100.0,412505.0
4699,1515,260,19,94678596.0,4983084.0
4700,1068,374,13,28935010.0,2225770.0
4701,2911,6,19,72697477.0,3826183.0
4702,2736,121,4,5501172.0,1375293.0
4703,1075,169,12,15852348.0,1321029.0
4704,1290,103,13,51627758.0,3971366.0
4705,2455,247,4,6726624.0,1681656.0
4706,2053,48,20,4292660.0,214633.0
4707,220,38,16,29243424.0,1827714.0
4708,2512,445,18,65764008.0,3653556.0
4709,1236,351,9,4024170.0,447130.0
4710,1808,308,14,47469716.0,3390694.0
4711,2976,107,12,4088340.0,340695.0
4712,2494,420,14,58754150.0,4196725.0
4713,784,181,9,10958472.0,1217608.0
4714,1179,352,8,14619864.0,1827483.0
4715,1438,76,10,36069970.0,3606997.0
4716,2983,266,14,66563504.0,4754536.0
4717,2721,49,2,8901318.0,4450659.0
4718,1417,264,18,73433538.0,4079641.0
4719,2813,59,17,6036020.0,355060.0
4720,1118,261,16,64213856.0,4013366.0
4721,452,374,8,17806160.0,2225770.0
4722,2639,66,3,11124627.0,3708209.0
4723,2075,71,17,60863332.0,3580196.0
4724,2537,80,16,42603504.0,2662719.0
4725,2758,350,4,5760988.0,1440247.0
4726,1943,48,20,4292660.0,214633.0
4727,2435,6,16,61218928.0,3826183.0
4728,807,241,5,15891210.0,3178242.0
4729,1356,28,16,64685648.0,4042853.0
4730,1592,147,8,36829320.0,4603665.0
4731,2794,70,2,1100424.0,550212.0
4732,1767,149,12,28032324.0,2336027.0
4733,291,327,17,80245831.0,4720343.0
4734,2841,22,1,2200412.0,2200412.0
4735,1298,269,13,33204314.0,2554178.0
4736,638,410,9,38727891.0,4303099.0
4737,731,323,18,7822134.0,434563.0
4738,853,75,15,17775240.0,1185016.0
4739,274,492,18,89442900.0,4969050.0
4740,1770,284,13,63127597.0,4855969.0
4741,712,316,5,8295195.0,1659039.0
4742,2120,480,15,20731065.0,1382071.0
4743,374,161,6,2502228.0,417038.0
4744,2612,490,4,9143664.0,2285916.0
4745,2735,448,13,22368047.0,1720619.0
4746,1224,497,8,32890320.0,4111290.0
4747,1928,152,10,49866080.0,4986608.0
4748,652,20,13,38777778.0,2982906.0
4749,544,453,14,33062120.0,2361580.0
4750,7,115,12,47729748.0,3977479.0
4751,2108,325,16,23450848.0,1465678.0
4752,380,459,14,37588866.0,2684919.0
4753,1806,319,19,91025694.0,4790826.0
4754,2734,432,8,9825968.0,1228246.0
4755,2381,483,16,3126320.0,195395.0
4756,1625,318,2,1964456.0,982228.0
4757,1095,402,18,16349256.0,908292.0
4758,744,422,17,63336730.0,3725690.0
4759,1294,463,8,19226584.0,2403323.0
4760,2857,39,9,32967855.0,3663095.0
4761,4,47,2,6218890.0,3109445.0
4762,149,232,8,17758384.0,2219798.0
4763,2168,127,20,25878860.0,1293943.0
4764,124,443,9,18614790.0,2068310.0
4765,222,17,16,68608832.0,4288052.0
4766,1837,409,6,9687642.0,1614607.0
4767,643,132,19,23768259.0,1250961.0
4768,2232,345,11,20367644.0,1851604.0
4769,312,24,2,2454202.0,1227101.0
4770,2072,296,13,32701136.0,2515472.0
4771,1051,171,7,30669646.0,4381378.0
4772,2415,48,15,3219495.0,214633.0
4773,1094,130,12,54324240.0,4527020.0
4774,1900,153,17,11947498.0,702794.0
4775,891,210,12,25852116.0,2154343.0
4776,1019,214,13,21495864.0,1653528.0
4777,2357,9,8,31527232.0,3940904.0
4778,2743,72,16,24134208.0,1508388.0
4779,2816,286,16,19950464.0,1246904.0
4780,1958,245,11,33289905.0,3026355.0
4781,1450,404,15,37321455.0,2488097.0
4782,2906,433,4,2944864.0,736216.0
4783,2122,159,1,3697553.0,3697553.0
4784,437,414,8,6835176.0,854397.0
4785,471,343,9,3124197.0,347133.0
4786,1888,100,19,32961998.0,1734842.0
4787,481,198,9,27732465.0,3081385.0
4788,1760,395,15,24327990.0,1621866.0
4789,1855,128,4,7225668.0,1806417.0
4790,2245,18,10,47358920.0,4735892.0
4791,2073,423,17,44962467.0,2644851.0
4792,199,149,7,16352189.0,2336027.0
4793,1598,209,6,3478638.0,579773.0
4794,1702,222,4,7259848.0,1814962.0
4795,2147,293,8,18422776.0,2302847.0
4796,1686,340,11,12930863.0,1175533.0
4797,1645,199,17,28115331.0,1653843.0
4798,479,37,10,48161560.0,4816156.0
4799,2655,352,16,29239728.0,1827483.0
4800,2453,179,20,80144220.0,4007211.0
