OrderID,CustomerID,OrderDate,TotalAmount,OrderYear,OrderMonth,OrderQuarter,OrderWeekday
1,294,2023-11-13,0,2023,11,4,Thứ Hai
2,388,2023-01-26,0,2023,1,1,Thứ Năm
3,112,2024-08-06,0,2024,8,3,Thứ Ba
4,386,2023-06-25,0,2023,6,2,Chủ Nhật
5,268,2023-03-31,0,2023,3,1,Thứ Sáu
6,193,2024-12-02,0,2024,12,4,Thứ Hai
7,522,2023-11-03,0,2023,11,4,Thứ Sáu
8,731,2024-08-17,0,2024,8,3,Thứ Bảy
9,260,2023-08-25,0,2023,8,3,Thứ Sáu
10,148,2023-01-09,0,2023,1,1,Thứ Hai
11,449,2024-11-10,0,2024,11,4,Chủ Nhật
12,29,2023-11-11,0,2023,11,4,Thứ Bảy
13,674,2023-03-29,0,2023,3,1,Thứ Tư
14,169,2023-07-17,0,2023,7,3,Thứ Hai
15,594,2023-12-23,0,2023,12,4,Thứ Bảy
16,743,2023-06-20,0,2023,6,2,Thứ Ba
17,477,2023-08-17,0,2023,8,3,Thứ Năm
18,448,2023-12-06,0,2023,12,4,Thứ Tư
19,536,2024-02-02,0,2024,2,1,Thứ Sáu
20,404,2023-09-28,720,2023,9,3,Thứ Năm
21,246,2023-10-08,0,2023,10,4,Chủ Nhật
22,128,2023-03-17,0,2023,3,1,Thứ Sáu
23,412,2024-02-25,0,2024,2,1,Chủ Nhật
24,83,2024-09-21,0,2024,9,3,Thứ Bảy
25,728,2024-03-19,0,2024,3,1,Thứ Ba
26,596,2024-09-14,0,2024,9,3,Thứ Bảy
27,338,2023-11-23,0,2023,11,4,Thứ Năm
28,701,2024-08-15,0,2024,8,3,Thứ Năm
29,199,2024-03-17,0,2024,3,1,Chủ Nhật
30,727,2024-04-17,0,2024,4,2,Thứ Tư
31,566,2024-02-23,0,2024,2,1,Thứ Sáu
32,172,2024-01-14,0,2024,1,1,Chủ Nhật
33,135,2024-06-30,0,2024,6,2,Chủ Nhật
34,227,2024-06-04,0,2024,6,2,Thứ Ba
35,647,2024-04-26,486,2024,4,2,Thứ Sáu
36,348,2023-03-29,0,2023,3,1,Thứ Tư
37,478,2024-04-30,0,2024,4,2,Thứ Ba
38,603,2024-10-04,0,2024,10,4,Thứ Sáu
39,459,2024-11-20,0,2024,11,4,Thứ Tư
40,296,2024-07-11,0,2024,7,3,Thứ Năm
41,52,2024-06-20,0,2024,6,2,Thứ Năm
42,740,2023-06-06,0,2023,6,2,Thứ Ba
43,127,2024-10-23,0,2024,10,4,Thứ Tư
44,56,2024-08-20,0,2024,8,3,Thứ Ba
45,29,2023-09-07,212,2023,9,3,Thứ Năm
46,445,2023-11-07,0,2023,11,4,Thứ Ba
47,455,2023-02-28,0,2023,2,1,Thứ Ba
48,710,2024-04-02,0,2024,4,2,Thứ Ba
49,292,2023-06-04,0,2023,6,2,Chủ Nhật
50,335,2023-11-21,0,2023,11,4,Thứ Ba
51,341,2023-03-29,0,2023,3,1,Thứ Tư
52,76,2024-03-25,0,2024,3,1,Thứ Hai
53,525,2023-08-16,0,2023,8,3,Thứ Tư
54,253,2024-02-02,0,2024,2,1,Thứ Sáu
55,676,2024-04-27,0,2024,4,2,Thứ Bảy
56,503,2024-11-03,0,2024,11,4,Chủ Nhật
57,139,2024-08-15,0,2024,8,3,Thứ Năm
58,376,2024-04-14,0,2024,4,2,Chủ Nhật
59,309,2024-11-29,0,2024,11,4,Thứ Sáu
60,698,2024-12-09,0,2024,12,4,Thứ Hai
61,655,2024-02-06,927,2024,2,1,Thứ Ba
62,578,2023-08-03,0,2023,8,3,Thứ Năm
63,762,2023-07-25,0,2023,7,3,Thứ Ba
64,309,2023-02-23,0,2023,2,1,Thứ Năm
65,54,2023-09-18,0,2023,9,3,Thứ Hai
66,589,2024-12-15,0,2024,12,4,Chủ Nhật
67,484,2024-08-12,0,2024,8,3,Thứ Hai
68,453,2024-06-10,168,2024,6,2,Thứ Hai
69,288,2023-09-16,0,2023,9,3,Thứ Bảy
70,174,2023-10-16,0,2023,10,4,Thứ Hai
71,587,2023-12-26,0,2023,12,4,Thứ Ba
72,683,2024-02-12,230,2024,2,1,Thứ Hai
73,725,2023-02-12,0,2023,2,1,Chủ Nhật
74,429,2023-07-10,0,2023,7,3,Thứ Hai
75,35,2024-03-31,0,2024,3,1,Chủ Nhật
76,311,2023-02-10,0,2023,2,1,Thứ Sáu
77,373,2024-02-18,0,2024,2,1,Chủ Nhật
78,673,2023-12-08,0,2023,12,4,Thứ Sáu
79,347,2023-12-07,0,2023,12,4,Thứ Năm
80,337,2023-08-23,0,2023,8,3,Thứ Tư
81,94,2024-07-29,0,2024,7,3,Thứ Hai
82,487,2023-07-09,0,2023,7,3,Chủ Nhật
83,735,2023-09-19,0,2023,9,3,Thứ Ba
84,384,2024-03-11,0,2024,3,1,Thứ Hai
85,302,2024-08-16,0,2024,8,3,Thứ Sáu
86,183,2024-04-23,0,2024,4,2,Thứ Ba
87,730,2023-07-21,0,2023,7,3,Thứ Sáu
88,213,2024-08-11,0,2024,8,3,Chủ Nhật
89,384,2023-09-09,0,2023,9,3,Thứ Bảy
90,200,2024-06-09,0,2024,6,2,Chủ Nhật
91,725,2023-09-21,0,2023,9,3,Thứ Năm
92,374,2024-05-14,0,2024,5,2,Thứ Ba
93,176,2024-01-28,0,2024,1,1,Chủ Nhật
94,589,2023-04-08,0,2023,4,2,Thứ Bảy
95,621,2024-04-26,0,2024,4,2,Thứ Sáu
96,170,2024-12-24,0,2024,12,4,Thứ Ba
97,733,2023-07-22,0,2023,7,3,Thứ Bảy
98,642,2024-10-16,0,2024,10,4,Thứ Tư
99,256,2023-01-13,0,2023,1,1,Thứ Sáu
100,771,2024-01-15,0,2024,1,1,Thứ Hai
101,300,2023-08-28,0,2023,8,3,Thứ Hai
102,294,2024-01-08,0,2024,1,1,Thứ Hai
103,681,2023-02-14,0,2023,2,1,Thứ Ba
104,375,2023-03-13,0,2023,3,1,Thứ Hai
105,343,2023-05-13,588,2023,5,2,Thứ Bảy
106,103,2024-09-11,0,2024,9,3,Thứ Tư
107,493,2024-05-09,0,2024,5,2,Thứ Năm
108,339,2024-02-23,0,2024,2,1,Thứ Sáu
109,106,2023-06-25,0,2023,6,2,Chủ Nhật
110,658,2023-09-28,770,2023,9,3,Thứ Năm
111,150,2024-08-07,0,2024,8,3,Thứ Tư
112,255,2024-01-17,0,2024,1,1,Thứ Tư
113,770,2023-10-07,0,2023,10,4,Thứ Bảy
114,309,2023-07-30,0,2023,7,3,Chủ Nhật
115,256,2024-08-26,0,2024,8,3,Thứ Hai
116,438,2023-06-06,0,2023,6,2,Thứ Ba
117,282,2024-04-28,0,2024,4,2,Chủ Nhật
118,281,2023-03-01,0,2023,3,1,Thứ Tư
119,379,2024-09-03,0,2024,9,3,Thứ Ba
120,365,2024-05-20,0,2024,5,2,Thứ Hai
121,287,2024-11-24,0,2024,11,4,Chủ Nhật
122,794,2024-06-11,0,2024,6,2,Thứ Ba
123,324,2024-10-06,0,2024,10,4,Chủ Nhật
124,390,2023-08-30,0,2023,8,3,Thứ Tư
125,226,2023-03-17,0,2023,3,1,Thứ Sáu
126,150,2023-05-07,0,2023,5,2,Chủ Nhật
127,646,2023-05-10,0,2023,5,2,Thứ Tư
128,609,2024-08-28,0,2024,8,3,Thứ Tư
129,441,2023-01-29,0,2023,1,1,Chủ Nhật
130,176,2024-10-07,0,2024,10,4,Thứ Hai
131,509,2024-09-20,0,2024,9,3,Thứ Sáu
132,654,2024-05-12,0,2024,5,2,Chủ Nhật
133,308,2024-10-03,0,2024,10,4,Thứ Năm
134,138,2024-05-06,0,2024,5,2,Thứ Hai
135,759,2023-04-08,744,2023,4,2,Thứ Bảy
136,149,2023-01-27,0,2023,1,1,Thứ Sáu
137,67,2024-06-27,0,2024,6,2,Thứ Năm
138,514,2023-04-12,0,2023,4,2,Thứ Tư
139,388,2024-01-11,0,2024,1,1,Thứ Năm
140,797,2023-04-28,0,2023,4,2,Thứ Sáu
141,747,2024-05-07,0,2024,5,2,Thứ Ba
142,762,2023-09-10,0,2023,9,3,Chủ Nhật
143,91,2023-05-31,0,2023,5,2,Thứ Tư
144,322,2024-04-15,0,2024,4,2,Thứ Hai
145,317,2024-05-25,0,2024,5,2,Thứ Bảy
146,58,2024-12-11,0,2024,12,4,Thứ Tư
147,516,2024-11-14,0,2024,11,4,Thứ Năm
148,201,2024-05-21,0,2024,5,2,Thứ Ba
149,505,2024-12-28,0,2024,12,4,Thứ Bảy
150,445,2023-06-13,0,2023,6,2,Thứ Ba
151,755,2023-04-14,0,2023,4,2,Thứ Sáu
152,400,2023-08-29,0,2023,8,3,Thứ Ba
153,393,2024-05-27,0,2024,5,2,Thứ Hai
154,157,2023-09-17,0,2023,9,3,Chủ Nhật
155,96,2024-11-27,0,2024,11,4,Thứ Tư
156,126,2024-03-02,0,2024,3,1,Thứ Bảy
157,460,2023-08-26,0,2023,8,3,Thứ Bảy
158,664,2024-09-13,0,2024,9,3,Thứ Sáu
159,194,2024-12-27,0,2024,12,4,Thứ Sáu
160,516,2024-12-22,280,2024,12,4,Chủ Nhật
161,141,2023-01-04,0,2023,1,1,Thứ Tư
162,541,2024-05-27,0,2024,5,2,Thứ Hai
163,376,2023-05-13,0,2023,5,2,Thứ Bảy
164,638,2023-09-08,0,2023,9,3,Thứ Sáu
165,523,2023-11-10,0,2023,11,4,Thứ Sáu
166,384,2023-12-19,0,2023,12,4,Thứ Ba
167,306,2024-12-20,0,2024,12,4,Thứ Sáu
168,268,2024-05-25,0,2024,5,2,Thứ Bảy
169,775,2024-08-12,0,2024,8,3,Thứ Hai
170,544,2023-01-04,0,2023,1,1,Thứ Tư
171,551,2024-02-16,0,2024,2,1,Thứ Sáu
172,397,2023-07-25,0,2023,7,3,Thứ Ba
173,390,2024-02-23,0,2024,2,1,Thứ Sáu
174,134,2024-01-16,0,2024,1,1,Thứ Ba
175,215,2023-06-25,0,2023,6,2,Chủ Nhật
176,290,2023-11-26,0,2023,11,4,Chủ Nhật
177,540,2023-11-19,0,2023,11,4,Chủ Nhật
178,759,2023-05-05,0,2023,5,2,Thứ Sáu
179,179,2023-10-06,0,2023,10,4,Thứ Sáu
180,467,2024-01-19,0,2024,1,1,Thứ Sáu
181,114,2024-12-01,0,2024,12,4,Chủ Nhật
182,508,2023-01-06,0,2023,1,1,Thứ Sáu
183,664,2024-11-17,0,2024,11,4,Chủ Nhật
184,467,2024-05-06,0,2024,5,2,Thứ Hai
185,800,2023-07-25,0,2023,7,3,Thứ Ba
186,25,2023-11-22,628,2023,11,4,Thứ Tư
187,85,2023-04-12,312,2023,4,2,Thứ Tư
188,528,2023-12-30,0,2023,12,4,Thứ Bảy
189,463,2023-05-07,0,2023,5,2,Chủ Nhật
190,624,2024-05-01,0,2024,5,2,Thứ Tư
191,111,2023-09-29,0,2023,9,3,Thứ Sáu
192,225,2024-09-10,0,2024,9,3,Thứ Ba
193,87,2023-11-01,0,2023,11,4,Thứ Tư
194,418,2023-01-02,0,2023,1,1,Thứ Hai
195,344,2023-02-26,0,2023,2,1,Chủ Nhật
196,690,2023-07-18,0,2023,7,3,Thứ Ba
197,459,2024-09-04,0,2024,9,3,Thứ Tư
198,146,2023-04-25,0,2023,4,2,Thứ Ba
199,705,2023-08-22,0,2023,8,3,Thứ Ba
200,149,2023-12-24,0,2023,12,4,Chủ Nhật
201,584,2023-08-14,0,2023,8,3,Thứ Hai
202,426,2024-10-01,0,2024,10,4,Thứ Ba
203,667,2024-11-21,0,2024,11,4,Thứ Năm
204,674,2023-04-30,756,2023,4,2,Chủ Nhật
205,345,2023-11-04,0,2023,11,4,Thứ Bảy
206,366,2024-04-16,0,2024,4,2,Thứ Ba
207,18,2023-08-13,0,2023,8,3,Chủ Nhật
208,244,2023-08-11,0,2023,8,3,Thứ Sáu
209,449,2024-06-24,0,2024,6,2,Thứ Hai
210,59,2024-12-31,0,2024,12,4,Thứ Ba
211,278,2024-12-15,0,2024,12,4,Chủ Nhật
212,469,2024-08-14,0,2024,8,3,Thứ Tư
213,408,2024-05-15,0,2024,5,2,Thứ Tư
214,656,2023-12-06,0,2023,12,4,Thứ Tư
215,505,2024-12-03,0,2024,12,4,Thứ Ba
216,155,2024-01-18,0,2024,1,1,Thứ Năm
217,562,2024-10-03,0,2024,10,4,Thứ Năm
218,506,2023-01-23,0,2023,1,1,Thứ Hai
219,300,2023-09-22,0,2023,9,3,Thứ Sáu
220,627,2023-04-01,0,2023,4,2,Thứ Bảy
221,733,2023-02-07,0,2023,2,1,Thứ Ba
222,371,2023-12-30,0,2023,12,4,Thứ Bảy
223,39,2024-01-20,0,2024,1,1,Thứ Bảy
224,165,2024-09-21,0,2024,9,3,Thứ Bảy
225,505,2023-09-15,0,2023,9,3,Thứ Sáu
226,195,2024-10-03,0,2024,10,4,Thứ Năm
227,315,2023-05-31,0,2023,5,2,Thứ Tư
228,517,2024-10-31,0,2024,10,4,Thứ Năm
229,9,2024-11-15,0,2024,11,4,Thứ Sáu
230,689,2023-03-18,540,2023,3,1,Thứ Bảy
231,712,2024-09-24,0,2024,9,3,Thứ Ba
232,216,2023-08-11,0,2023,8,3,Thứ Sáu
233,399,2024-04-23,0,2024,4,2,Thứ Ba
234,625,2023-10-29,0,2023,10,4,Chủ Nhật
235,562,2024-09-25,291,2024,9,3,Thứ Tư
236,365,2023-05-04,0,2023,5,2,Thứ Năm
237,283,2023-08-03,0,2023,8,3,Thứ Năm
238,354,2023-10-10,0,2023,10,4,Thứ Ba
239,133,2023-08-21,110,2023,8,3,Thứ Hai
240,380,2024-10-28,0,2024,10,4,Thứ Hai
241,454,2024-08-21,0,2024,8,3,Thứ Tư
242,113,2024-04-03,0,2024,4,2,Thứ Tư
243,686,2024-06-02,705,2024,6,2,Chủ Nhật
244,537,2023-12-16,0,2023,12,4,Thứ Bảy
245,408,2023-06-05,224,2023,6,2,Thứ Hai
246,15,2023-03-12,0,2023,3,1,Chủ Nhật
247,65,2024-10-19,0,2024,10,4,Thứ Bảy
248,636,2023-09-24,0,2023,9,3,Chủ Nhật
249,67,2023-01-17,0,2023,1,1,Thứ Ba
250,12,2024-06-29,0,2024,6,2,Thứ Bảy
251,33,2024-04-26,0,2024,4,2,Thứ Sáu
252,267,2023-02-22,0,2023,2,1,Thứ Tư
253,671,2023-04-13,0,2023,4,2,Thứ Năm
254,690,2024-06-30,0,2024,6,2,Chủ Nhật
255,493,2024-11-18,0,2024,11,4,Thứ Hai
256,613,2023-05-10,0,2023,5,2,Thứ Tư
257,647,2024-04-05,0,2024,4,2,Thứ Sáu
258,540,2023-11-18,0,2023,11,4,Thứ Bảy
259,696,2024-08-09,0,2024,8,3,Thứ Sáu
260,669,2023-12-11,0,2023,12,4,Thứ Hai
261,100,2023-06-19,0,2023,6,2,Thứ Hai
262,188,2023-05-12,0,2023,5,2,Thứ Sáu
263,731,2023-12-22,0,2023,12,4,Thứ Sáu
264,729,2023-11-05,0,2023,11,4,Chủ Nhật
265,399,2024-05-12,0,2024,5,2,Chủ Nhật
266,373,2024-09-10,0,2024,9,3,Thứ Ba
267,791,2023-12-31,0,2023,12,4,Chủ Nhật
268,266,2024-04-02,0,2024,4,2,Thứ Ba
269,119,2023-05-21,0,2023,5,2,Chủ Nhật
270,373,2023-08-02,0,2023,8,3,Thứ Tư
271,226,2024-10-04,0,2024,10,4,Thứ Sáu
272,651,2024-12-17,0,2024,12,4,Thứ Ba
273,249,2024-05-18,0,2024,5,2,Thứ Bảy
274,243,2024-08-04,677,2024,8,3,Chủ Nhật
275,373,2024-06-29,0,2024,6,2,Thứ Bảy
276,80,2024-06-12,0,2024,6,2,Thứ Tư
277,26,2024-08-04,0,2024,8,3,Chủ Nhật
278,717,2024-06-04,0,2024,6,2,Thứ Ba
279,678,2023-01-17,0,2023,1,1,Thứ Ba
280,216,2024-04-03,0,2024,4,2,Thứ Tư
281,555,2023-07-10,0,2023,7,3,Thứ Hai
282,409,2024-11-06,0,2024,11,4,Thứ Tư
283,581,2024-06-25,0,2024,6,2,Thứ Ba
284,166,2024-05-28,0,2024,5,2,Thứ Ba
285,224,2023-12-23,0,2023,12,4,Thứ Bảy
286,589,2024-02-03,0,2024,2,1,Thứ Bảy
287,698,2024-12-30,0,2024,12,4,Thứ Hai
288,644,2023-03-31,0,2023,3,1,Thứ Sáu
289,77,2023-11-16,0,2023,11,4,Thứ Năm
290,714,2024-10-17,0,2024,10,4,Thứ Năm
291,266,2024-04-10,0,2024,4,2,Thứ Tư
292,535,2024-02-08,159,2024,2,1,Thứ Năm
293,741,2024-05-29,0,2024,5,2,Thứ Tư
294,92,2023-07-07,0,2023,7,3,Thứ Sáu
295,773,2023-12-18,0,2023,12,4,Thứ Hai
296,102,2024-08-04,0,2024,8,3,Chủ Nhật
297,608,2024-04-11,0,2024,4,2,Thứ Năm
298,391,2023-03-06,0,2023,3,1,Thứ Hai
299,608,2024-12-14,0,2024,12,4,Thứ Bảy
300,207,2023-10-28,0,2023,10,4,Thứ Bảy
301,442,2024-08-11,0,2024,8,3,Chủ Nhật
302,319,2024-01-27,0,2024,1,1,Thứ Bảy
303,784,2024-07-04,0,2024,7,3,Thứ Năm
304,700,2023-05-18,360,2023,5,2,Thứ Năm
305,7,2023-11-20,0,2023,11,4,Thứ Hai
306,616,2023-05-17,0,2023,5,2,Thứ Tư
307,574,2023-06-10,0,2023,6,2,Thứ Bảy
308,727,2024-03-30,0,2024,3,1,Thứ Bảy
309,2,2023-01-24,0,2023,1,1,Thứ Ba
310,274,2024-06-24,0,2024,6,2,Thứ Hai
311,5,2023-01-09,0,2023,1,1,Thứ Hai
312,660,2024-11-18,0,2024,11,4,Thứ Hai
313,499,2023-06-04,0,2023,6,2,Chủ Nhật
314,721,2024-10-03,0,2024,10,4,Thứ Năm
315,739,2023-06-09,0,2023,6,2,Thứ Sáu
316,319,2023-05-14,0,2023,5,2,Chủ Nhật
317,428,2023-01-16,0,2023,1,1,Thứ Hai
318,286,2024-11-04,420,2024,11,4,Thứ Hai
319,233,2024-08-02,0,2024,8,3,Thứ Sáu
320,573,2024-05-20,0,2024,5,2,Thứ Hai
321,159,2023-02-18,0,2023,2,1,Thứ Bảy
322,204,2023-09-10,0,2023,9,3,Chủ Nhật
323,366,2023-01-30,0,2023,1,1,Thứ Hai
324,727,2024-07-29,0,2024,7,3,Thứ Hai
325,606,2023-12-28,0,2023,12,4,Thứ Năm
326,183,2023-02-20,0,2023,2,1,Thứ Hai
327,653,2023-07-24,0,2023,7,3,Thứ Hai
328,723,2023-03-11,0,2023,3,1,Thứ Bảy
329,706,2023-06-10,0,2023,6,2,Thứ Bảy
330,650,2024-08-06,0,2024,8,3,Thứ Ba
331,713,2023-04-28,0,2023,4,2,Thứ Sáu
332,625,2023-10-31,0,2023,10,4,Thứ Ba
333,96,2024-10-16,0,2024,10,4,Thứ Tư
334,234,2024-11-03,0,2024,11,4,Chủ Nhật
335,320,2024-12-05,0,2024,12,4,Thứ Năm
336,619,2024-06-28,0,2024,6,2,Thứ Sáu
337,509,2024-02-17,0,2024,2,1,Thứ Bảy
338,672,2023-07-07,0,2023,7,3,Thứ Sáu
339,68,2024-11-26,0,2024,11,4,Thứ Ba
340,281,2023-03-23,0,2023,3,1,Thứ Năm
341,260,2024-07-05,0,2024,7,3,Thứ Sáu
342,202,2024-08-22,0,2024,8,3,Thứ Năm
343,640,2023-01-30,0,2023,1,1,Thứ Hai
344,505,2023-09-16,0,2023,9,3,Thứ Bảy
345,631,2024-07-19,0,2024,7,3,Thứ Sáu
346,756,2023-12-27,0,2023,12,4,Thứ Tư
347,515,2023-12-04,0,2023,12,4,Thứ Hai
348,723,2023-05-15,0,2023,5,2,Thứ Hai
349,66,2023-02-03,0,2023,2,1,Thứ Sáu
350,670,2024-06-17,0,2024,6,2,Thứ Hai
351,579,2024-01-20,0,2024,1,1,Thứ Bảy
352,732,2023-04-16,0,2023,4,2,Chủ Nhật
353,140,2024-08-25,0,2024,8,3,Chủ Nhật
354,435,2023-07-08,0,2023,7,3,Thứ Bảy
355,786,2023-05-28,0,2023,5,2,Chủ Nhật
356,487,2023-11-08,0,2023,11,4,Thứ Tư
357,89,2023-08-17,0,2023,8,3,Thứ Năm
358,394,2024-07-21,0,2024,7,3,Chủ Nhật
359,561,2024-12-04,105,2024,12,4,Thứ Tư
360,353,2023-04-28,0,2023,4,2,Thứ Sáu
361,799,2024-07-17,0,2024,7,3,Thứ Tư
362,154,2024-09-28,0,2024,9,3,Thứ Bảy
363,694,2024-02-19,0,2024,2,1,Thứ Hai
364,230,2023-06-05,0,2023,6,2,Thứ Hai
365,318,2024-05-27,0,2024,5,2,Thứ Hai
366,428,2023-08-19,0,2023,8,3,Thứ Bảy
367,106,2024-11-10,0,2024,11,4,Chủ Nhật
368,309,2023-11-24,0,2023,11,4,Thứ Sáu
369,575,2024-02-09,0,2024,2,1,Thứ Sáu
370,797,2023-02-19,0,2023,2,1,Chủ Nhật
371,249,2024-08-04,0,2024,8,3,Chủ Nhật
372,656,2024-04-24,0,2024,4,2,Thứ Tư
373,679,2024-06-05,0,2024,6,2,Thứ Tư
374,474,2024-01-20,0,2024,1,1,Thứ Bảy
375,279,2023-08-18,0,2023,8,3,Thứ Sáu
376,646,2024-09-16,0,2024,9,3,Thứ Hai
377,660,2023-01-13,0,2023,1,1,Thứ Sáu
378,230,2023-07-24,0,2023,7,3,Thứ Hai
379,145,2024-02-28,0,2024,2,1,Thứ Tư
380,439,2023-09-27,0,2023,9,3,Thứ Tư
381,777,2024-11-24,0,2024,11,4,Chủ Nhật
382,662,2023-06-28,0,2023,6,2,Thứ Tư
383,429,2023-03-30,0,2023,3,1,Thứ Năm
384,181,2023-05-24,0,2023,5,2,Thứ Tư
385,172,2024-04-05,0,2024,4,2,Thứ Sáu
386,566,2024-11-16,0,2024,11,4,Thứ Bảy
387,226,2024-07-06,0,2024,7,3,Thứ Bảy
388,773,2024-07-13,0,2024,7,3,Thứ Bảy
389,386,2023-06-27,0,2023,6,2,Thứ Ba
390,737,2023-11-29,0,2023,11,4,Thứ Tư
391,796,2023-04-01,0,2023,4,2,Thứ Bảy
392,299,2024-07-12,0,2024,7,3,Thứ Sáu
393,672,2024-01-09,0,2024,1,1,Thứ Ba
394,182,2024-02-02,0,2024,2,1,Thứ Sáu
395,722,2024-09-27,0,2024,9,3,Thứ Sáu
396,281,2023-12-01,0,2023,12,4,Thứ Sáu
397,19,2023-04-16,0,2023,4,2,Chủ Nhật
398,60,2023-07-08,0,2023,7,3,Thứ Bảy
399,587,2024-06-12,0,2024,6,2,Thứ Tư
400,295,2023-10-16,0,2023,10,4,Thứ Hai
401,421,2024-02-28,0,2024,2,1,Thứ Tư
402,91,2023-08-20,460,2023,8,3,Chủ Nhật
403,795,2024-11-23,0,2024,11,4,Thứ Bảy
404,376,2023-10-05,0,2023,10,4,Thứ Năm
405,383,2023-10-28,0,2023,10,4,Thứ Bảy
406,415,2023-05-07,0,2023,5,2,Chủ Nhật
407,653,2023-05-20,0,2023,5,2,Thứ Bảy
408,136,2024-04-26,0,2024,4,2,Thứ Sáu
409,211,2024-01-05,0,2024,1,1,Thứ Sáu
410,642,2024-07-06,0,2024,7,3,Thứ Bảy
411,401,2024-04-18,0,2024,4,2,Thứ Năm
412,731,2024-08-15,0,2024,8,3,Thứ Năm
413,71,2024-12-22,0,2024,12,4,Chủ Nhật
414,197,2024-10-09,0,2024,10,4,Thứ Tư
415,680,2024-08-16,0,2024,8,3,Thứ Sáu
416,296,2023-02-14,966,2023,2,1,Thứ Ba
417,396,2024-05-15,0,2024,5,2,Thứ Tư
418,489,2024-08-06,0,2024,8,3,Thứ Ba
419,721,2024-04-08,774,2024,4,2,Thứ Hai
420,657,2024-01-29,0,2024,1,1,Thứ Hai
421,671,2024-01-24,0,2024,1,1,Thứ Tư
422,295,2024-03-13,0,2024,3,1,Thứ Tư
423,639,2023-10-21,928,2023,10,4,Thứ Bảy
424,338,2023-08-01,0,2023,8,3,Thứ Ba
425,227,2024-10-28,0,2024,10,4,Thứ Hai
426,96,2023-04-23,0,2023,4,2,Chủ Nhật
427,740,2024-01-02,318,2024,1,1,Thứ Ba
428,499,2023-08-15,0,2023,8,3,Thứ Ba
429,366,2023-09-21,0,2023,9,3,Thứ Năm
430,113,2024-05-23,0,2024,5,2,Thứ Năm
431,85,2024-07-09,0,2024,7,3,Thứ Ba
432,320,2024-05-16,0,2024,5,2,Thứ Năm
433,14,2023-08-28,0,2023,8,3,Thứ Hai
434,781,2023-04-04,0,2023,4,2,Thứ Ba
435,118,2024-11-18,0,2024,11,4,Thứ Hai
436,4,2024-11-29,0,2024,11,4,Thứ Sáu
437,599,2024-01-10,935,2024,1,1,Thứ Tư
438,81,2024-05-14,0,2024,5,2,Thứ Ba
439,374,2023-12-12,0,2023,12,4,Thứ Ba
440,120,2024-02-10,0,2024,2,1,Thứ Bảy
441,646,2023-02-17,0,2023,2,1,Thứ Sáu
442,526,2023-08-26,0,2023,8,3,Thứ Bảy
443,677,2024-10-11,0,2024,10,4,Thứ Sáu
444,233,2024-07-15,0,2024,7,3,Thứ Hai
445,235,2024-07-02,0,2024,7,3,Thứ Ba
446,26,2024-02-12,0,2024,2,1,Thứ Hai
447,202,2023-08-02,0,2023,8,3,Thứ Tư
448,81,2024-11-24,0,2024,11,4,Chủ Nhật
449,503,2024-01-25,0,2024,1,1,Thứ Năm
450,257,2024-04-02,0,2024,4,2,Thứ Ba
451,69,2023-08-26,0,2023,8,3,Thứ Bảy
452,239,2023-02-25,0,2023,2,1,Thứ Bảy
453,668,2023-09-09,0,2023,9,3,Thứ Bảy
454,85,2024-08-31,0,2024,8,3,Thứ Bảy
455,172,2024-11-01,0,2024,11,4,Thứ Sáu
456,224,2023-03-08,0,2023,3,1,Thứ Tư
457,460,2024-08-11,0,2024,8,3,Chủ Nhật
458,561,2023-04-29,0,2023,4,2,Thứ Bảy
459,707,2024-03-06,0,2024,3,1,Thứ Tư
460,272,2024-07-13,0,2024,7,3,Thứ Bảy
461,306,2023-07-19,0,2023,7,3,Thứ Tư
462,660,2023-07-03,0,2023,7,3,Thứ Hai
463,357,2023-12-28,0,2023,12,4,Thứ Năm
464,18,2023-09-06,0,2023,9,3,Thứ Tư
465,52,2024-06-07,0,2024,6,2,Thứ Sáu
466,304,2023-07-02,0,2023,7,3,Chủ Nhật
467,350,2024-11-06,0,2024,11,4,Thứ Tư
468,409,2024-01-17,0,2024,1,1,Thứ Tư
469,722,2023-10-06,0,2023,10,4,Thứ Sáu
470,570,2024-12-08,0,2024,12,4,Chủ Nhật
471,339,2024-12-31,0,2024,12,4,Thứ Ba
472,449,2024-09-02,0,2024,9,3,Thứ Hai
473,752,2023-01-24,0,2023,1,1,Thứ Ba
474,154,2023-10-20,0,2023,10,4,Thứ Sáu
475,580,2024-06-22,0,2024,6,2,Thứ Bảy
476,760,2024-06-18,0,2024,6,2,Thứ Ba
477,757,2024-08-07,0,2024,8,3,Thứ Tư
478,606,2024-08-31,0,2024,8,3,Thứ Bảy
479,597,2024-03-28,0,2024,3,1,Thứ Năm
480,358,2023-06-07,0,2023,6,2,Thứ Tư
481,707,2024-08-31,0,2024,8,3,Thứ Bảy
482,37,2024-02-19,0,2024,2,1,Thứ Hai
483,385,2024-12-12,315,2024,12,4,Thứ Năm
484,461,2023-10-04,0,2023,10,4,Thứ Tư
485,636,2024-07-07,0,2024,7,3,Chủ Nhật
486,181,2024-12-27,0,2024,12,4,Thứ Sáu
487,112,2023-09-03,0,2023,9,3,Chủ Nhật
488,672,2023-05-14,0,2023,5,2,Chủ Nhật
489,571,2024-01-06,0,2024,1,1,Thứ Bảy
490,279,2024-05-14,0,2024,5,2,Thứ Ba
491,112,2023-04-20,0,2023,4,2,Thứ Năm
492,730,2024-01-23,0,2024,1,1,Thứ Ba
493,725,2024-05-20,0,2024,5,2,Thứ Hai
494,758,2023-02-23,0,2023,2,1,Thứ Năm
495,755,2023-12-31,0,2023,12,4,Chủ Nhật
496,687,2024-02-27,0,2024,2,1,Thứ Ba
497,582,2023-01-22,0,2023,1,1,Chủ Nhật
498,184,2024-09-16,0,2024,9,3,Thứ Hai
499,533,2024-07-16,0,2024,7,3,Thứ Ba
500,474,2024-10-04,0,2024,10,4,Thứ Sáu
501,472,2023-04-05,0,2023,4,2,Thứ Tư
502,646,2024-08-05,0,2024,8,3,Thứ Hai
503,559,2023-02-07,0,2023,2,1,Thứ Ba
504,422,2024-04-08,408,2024,4,2,Thứ Hai
505,150,2023-02-10,0,2023,2,1,Thứ Sáu
506,143,2023-06-17,0,2023,6,2,Thứ Bảy
507,382,2024-08-09,0,2024,8,3,Thứ Sáu
508,604,2023-10-25,0,2023,10,4,Thứ Tư
509,695,2024-12-21,0,2024,12,4,Thứ Bảy
510,676,2023-12-10,0,2023,12,4,Chủ Nhật
511,98,2024-04-21,0,2024,4,2,Chủ Nhật
512,771,2023-05-31,0,2023,5,2,Thứ Tư
513,789,2024-12-29,0,2024,12,4,Chủ Nhật
514,550,2024-01-01,0,2024,1,1,Thứ Hai
515,397,2024-01-26,0,2024,1,1,Thứ Sáu
516,748,2024-04-22,0,2024,4,2,Thứ Hai
517,718,2024-04-11,0,2024,4,2,Thứ Năm
518,669,2023-06-18,0,2023,6,2,Chủ Nhật
519,562,2023-02-09,0,2023,2,1,Thứ Năm
520,28,2024-08-02,0,2024,8,3,Thứ Sáu
521,397,2023-08-23,0,2023,8,3,Thứ Tư
522,4,2024-08-04,0,2024,8,3,Chủ Nhật
523,181,2023-08-02,0,2023,8,3,Thứ Tư
524,448,2023-05-25,0,2023,5,2,Thứ Năm
525,17,2024-01-24,0,2024,1,1,Thứ Tư
526,506,2024-06-11,0,2024,6,2,Thứ Ba
527,438,2024-04-14,0,2024,4,2,Chủ Nhật
528,782,2023-03-12,0,2023,3,1,Chủ Nhật
529,66,2024-12-06,0,2024,12,4,Thứ Sáu
530,758,2023-03-04,0,2023,3,1,Thứ Bảy
531,22,2024-01-08,0,2024,1,1,Thứ Hai
532,348,2023-12-13,0,2023,12,4,Thứ Tư
533,550,2024-10-24,0,2024,10,4,Thứ Năm
534,361,2023-02-19,0,2023,2,1,Chủ Nhật
535,758,2024-10-04,0,2024,10,4,Thứ Sáu
536,282,2023-06-12,0,2023,6,2,Thứ Hai
537,597,2024-11-03,0,2024,11,4,Chủ Nhật
538,62,2023-09-28,0,2023,9,3,Thứ Năm
539,791,2023-02-25,0,2023,2,1,Thứ Bảy
540,393,2023-08-21,0,2023,8,3,Thứ Hai
541,364,2023-12-14,660,2023,12,4,Thứ Năm
542,558,2024-04-02,0,2024,4,2,Thứ Ba
543,541,2024-01-22,0,2024,1,1,Thứ Hai
544,653,2024-01-04,0,2024,1,1,Thứ Năm
545,466,2024-08-19,0,2024,8,3,Thứ Hai
546,429,2023-11-09,0,2023,11,4,Thứ Năm
547,549,2024-11-28,0,2024,11,4,Thứ Năm
548,341,2023-12-06,0,2023,12,4,Thứ Tư
549,752,2024-06-25,0,2024,6,2,Thứ Ba
550,732,2024-11-01,0,2024,11,4,Thứ Sáu
551,653,2024-07-11,0,2024,7,3,Thứ Năm
552,559,2024-11-12,0,2024,11,4,Thứ Ba
553,486,2024-10-31,603,2024,10,4,Thứ Năm
554,507,2023-12-28,790,2023,12,4,Thứ Năm
555,413,2023-08-30,0,2023,8,3,Thứ Tư
556,457,2023-08-14,0,2023,8,3,Thứ Hai
557,59,2024-06-23,0,2024,6,2,Chủ Nhật
558,444,2024-08-27,0,2024,8,3,Thứ Ba
559,461,2024-02-11,0,2024,2,1,Chủ Nhật
560,47,2024-01-11,0,2024,1,1,Thứ Năm
561,446,2024-10-03,603,2024,10,4,Thứ Năm
562,469,2023-03-17,0,2023,3,1,Thứ Sáu
563,364,2023-05-29,0,2023,5,2,Thứ Hai
564,146,2023-06-27,0,2023,6,2,Thứ Ba
565,180,2024-05-08,0,2024,5,2,Thứ Tư
566,790,2023-01-08,0,2023,1,1,Chủ Nhật
567,105,2023-02-21,0,2023,2,1,Thứ Ba
568,101,2024-02-21,0,2024,2,1,Thứ Tư
569,616,2024-10-30,426,2024,10,4,Thứ Tư
570,182,2023-05-07,0,2023,5,2,Chủ Nhật
571,793,2023-04-11,0,2023,4,2,Thứ Ba
572,632,2023-04-18,0,2023,4,2,Thứ Ba
573,50,2024-04-20,0,2024,4,2,Thứ Bảy
574,501,2024-05-02,0,2024,5,2,Thứ Năm
575,434,2023-08-26,0,2023,8,3,Thứ Bảy
576,409,2023-12-08,0,2023,12,4,Thứ Sáu
577,93,2023-12-24,0,2023,12,4,Chủ Nhật
578,216,2024-07-30,0,2024,7,3,Thứ Ba
579,375,2023-05-19,0,2023,5,2,Thứ Sáu
580,646,2024-09-20,0,2024,9,3,Thứ Sáu
581,275,2024-12-16,0,2024,12,4,Thứ Hai
582,374,2023-07-24,858,2023,7,3,Thứ Hai
583,749,2024-06-18,0,2024,6,2,Thứ Ba
584,74,2024-08-29,0,2024,8,3,Thứ Năm
585,429,2024-08-19,0,2024,8,3,Thứ Hai
586,651,2024-04-23,0,2024,4,2,Thứ Ba
587,171,2024-06-10,0,2024,6,2,Thứ Hai
588,714,2023-02-26,680,2023,2,1,Chủ Nhật
589,527,2023-01-17,0,2023,1,1,Thứ Ba
590,48,2023-12-16,0,2023,12,4,Thứ Bảy
591,562,2023-11-23,0,2023,11,4,Thứ Năm
592,300,2024-07-06,0,2024,7,3,Thứ Bảy
593,434,2023-04-15,0,2023,4,2,Thứ Bảy
594,259,2024-04-08,0,2024,4,2,Thứ Hai
595,679,2024-11-07,0,2024,11,4,Thứ Năm
596,509,2023-06-08,0,2023,6,2,Thứ Năm
597,124,2024-03-23,0,2024,3,1,Thứ Bảy
598,495,2024-09-04,0,2024,9,3,Thứ Tư
599,404,2024-07-17,0,2024,7,3,Thứ Tư
600,622,2023-12-08,0,2023,12,4,Thứ Sáu
601,798,2023-04-04,0,2023,4,2,Thứ Ba
602,133,2024-08-04,0,2024,8,3,Chủ Nhật
603,506,2023-07-23,0,2023,7,3,Chủ Nhật
604,274,2024-02-19,0,2024,2,1,Thứ Hai
605,466,2023-05-17,0,2023,5,2,Thứ Tư
606,450,2023-05-22,0,2023,5,2,Thứ Hai
607,586,2023-07-19,0,2023,7,3,Thứ Tư
608,510,2023-09-24,0,2023,9,3,Chủ Nhật
609,776,2023-06-08,0,2023,6,2,Thứ Năm
610,245,2024-08-12,0,2024,8,3,Thứ Hai
611,323,2024-09-24,0,2024,9,3,Thứ Ba
612,242,2023-03-05,0,2023,3,1,Chủ Nhật
613,606,2023-04-05,0,2023,4,2,Thứ Tư
614,96,2024-05-06,0,2024,5,2,Thứ Hai
615,152,2023-03-01,0,2023,3,1,Thứ Tư
616,322,2023-11-17,0,2023,11,4,Thứ Sáu
617,581,2024-02-07,0,2024,2,1,Thứ Tư
618,586,2024-09-06,360,2024,9,3,Thứ Sáu
619,728,2024-08-18,0,2024,8,3,Chủ Nhật
620,550,2023-06-06,0,2023,6,2,Thứ Ba
621,185,2023-06-18,0,2023,6,2,Chủ Nhật
622,262,2023-05-09,0,2023,5,2,Thứ Ba
623,13,2024-08-25,0,2024,8,3,Chủ Nhật
624,141,2024-11-10,0,2024,11,4,Chủ Nhật
625,401,2023-02-22,0,2023,2,1,Thứ Tư
626,48,2023-10-25,0,2023,10,4,Thứ Tư
627,273,2024-01-08,305,2024,1,1,Thứ Hai
628,585,2024-02-03,0,2024,2,1,Thứ Bảy
629,621,2023-01-25,0,2023,1,1,Thứ Tư
630,502,2023-09-28,0,2023,9,3,Thứ Năm
631,691,2023-12-16,0,2023,12,4,Thứ Bảy
632,793,2023-09-23,0,2023,9,3,Thứ Bảy
633,350,2024-12-14,0,2024,12,4,Thứ Bảy
634,268,2023-11-26,292,2023,11,4,Chủ Nhật
635,373,2023-11-12,0,2023,11,4,Chủ Nhật
636,568,2024-08-18,0,2024,8,3,Chủ Nhật
637,233,2023-01-20,0,2023,1,1,Thứ Sáu
638,657,2024-02-09,0,2024,2,1,Thứ Sáu
639,448,2024-06-29,0,2024,6,2,Thứ Bảy
640,87,2023-11-05,0,2023,11,4,Chủ Nhật
641,513,2023-10-18,0,2023,10,4,Thứ Tư
642,555,2024-12-24,0,2024,12,4,Thứ Ba
643,529,2024-08-22,0,2024,8,3,Thứ Năm
644,436,2023-12-16,0,2023,12,4,Thứ Bảy
645,302,2024-07-13,0,2024,7,3,Thứ Bảy
646,186,2024-05-01,0,2024,5,2,Thứ Tư
647,284,2024-03-03,0,2024,3,1,Chủ Nhật
648,3,2024-03-27,0,2024,3,1,Thứ Tư
649,270,2024-03-13,0,2024,3,1,Thứ Tư
650,400,2024-01-29,696,2024,1,1,Thứ Hai
651,763,2024-07-20,0,2024,7,3,Thứ Bảy
652,329,2023-09-21,0,2023,9,3,Thứ Năm
653,144,2024-07-04,0,2024,7,3,Thứ Năm
654,8,2023-09-03,0,2023,9,3,Chủ Nhật
655,172,2023-08-03,0,2023,8,3,Thứ Năm
656,466,2024-09-07,0,2024,9,3,Thứ Bảy
657,564,2024-08-19,0,2024,8,3,Thứ Hai
658,192,2024-02-10,0,2024,2,1,Thứ Bảy
659,36,2023-02-01,0,2023,2,1,Thứ Tư
660,384,2023-05-25,0,2023,5,2,Thứ Năm
661,484,2023-12-15,0,2023,12,4,Thứ Sáu
662,110,2023-01-03,0,2023,1,1,Thứ Ba
663,272,2024-12-20,0,2024,12,4,Thứ Sáu
664,792,2023-08-14,0,2023,8,3,Thứ Hai
665,99,2024-11-23,0,2024,11,4,Thứ Bảy
666,27,2023-09-24,0,2023,9,3,Chủ Nhật
667,419,2024-02-08,0,2024,2,1,Thứ Năm
668,481,2024-03-11,0,2024,3,1,Thứ Hai
669,127,2024-07-26,0,2024,7,3,Thứ Sáu
670,377,2024-08-18,0,2024,8,3,Chủ Nhật
671,607,2023-10-16,0,2023,10,4,Thứ Hai
672,626,2024-03-20,0,2024,3,1,Thứ Tư
673,170,2023-05-05,0,2023,5,2,Thứ Sáu
674,415,2024-07-15,0,2024,7,3,Thứ Hai
675,21,2024-05-27,0,2024,5,2,Thứ Hai
676,575,2024-11-05,0,2024,11,4,Thứ Ba
677,470,2024-04-08,0,2024,4,2,Thứ Hai
678,324,2024-02-09,0,2024,2,1,Thứ Sáu
679,800,2023-12-19,0,2023,12,4,Thứ Ba
680,332,2023-02-22,0,2023,2,1,Thứ Tư
681,86,2024-09-18,0,2024,9,3,Thứ Tư
682,539,2023-10-17,0,2023,10,4,Thứ Ba
683,616,2024-02-23,0,2024,2,1,Thứ Sáu
684,192,2023-01-27,0,2023,1,1,Thứ Sáu
685,423,2023-08-06,0,2023,8,3,Chủ Nhật
686,198,2023-01-04,0,2023,1,1,Thứ Tư
687,13,2023-03-15,0,2023,3,1,Thứ Tư
688,78,2023-03-01,0,2023,3,1,Thứ Tư
689,152,2024-11-09,0,2024,11,4,Thứ Bảy
690,747,2023-09-21,0,2023,9,3,Thứ Năm
691,133,2024-04-07,150,2024,4,2,Chủ Nhật
692,264,2024-06-07,720,2024,6,2,Thứ Sáu
693,577,2024-12-17,0,2024,12,4,Thứ Ba
694,690,2023-03-13,0,2023,3,1,Thứ Hai
695,533,2023-03-22,0,2023,3,1,Thứ Tư
696,521,2023-07-08,0,2023,7,3,Thứ Bảy
697,272,2023-12-20,0,2023,12,4,Thứ Tư
698,294,2024-10-26,0,2024,10,4,Thứ Bảy
699,70,2024-03-30,0,2024,3,1,Thứ Bảy
700,233,2023-04-20,0,2023,4,2,Thứ Năm
701,2,2024-03-28,0,2024,3,1,Thứ Năm
702,726,2023-03-07,81,2023,3,1,Thứ Ba
703,503,2024-05-22,0,2024,5,2,Thứ Tư
704,755,2024-12-22,0,2024,12,4,Chủ Nhật
705,595,2024-02-08,0,2024,2,1,Thứ Năm
706,528,2023-04-24,0,2023,4,2,Thứ Hai
707,395,2023-08-20,0,2023,8,3,Chủ Nhật
708,602,2024-09-15,0,2024,9,3,Chủ Nhật
709,377,2024-05-01,0,2024,5,2,Thứ Tư
710,347,2023-04-17,0,2023,4,2,Thứ Hai
711,554,2024-06-03,0,2024,6,2,Thứ Hai
712,34,2024-03-04,0,2024,3,1,Thứ Hai
713,689,2024-11-21,0,2024,11,4,Thứ Năm
714,523,2024-01-20,0,2024,1,1,Thứ Bảy
715,189,2024-05-07,0,2024,5,2,Thứ Ba
716,454,2023-06-08,480,2023,6,2,Thứ Năm
717,182,2023-05-05,0,2023,5,2,Thứ Sáu
718,314,2023-12-21,784,2023,12,4,Thứ Năm
719,283,2024-04-10,0,2024,4,2,Thứ Tư
720,782,2024-01-16,0,2024,1,1,Thứ Ba
721,434,2024-03-05,430,2024,3,1,Thứ Ba
722,334,2024-12-21,0,2024,12,4,Thứ Bảy
723,266,2024-10-20,0,2024,10,4,Chủ Nhật
724,636,2023-01-30,0,2023,1,1,Thứ Hai
725,251,2023-08-03,0,2023,8,3,Thứ Năm
726,247,2023-06-28,0,2023,6,2,Thứ Tư
727,562,2024-04-15,0,2024,4,2,Thứ Hai
728,342,2024-06-25,0,2024,6,2,Thứ Ba
729,454,2024-05-29,0,2024,5,2,Thứ Tư
730,600,2023-02-03,0,2023,2,1,Thứ Sáu
731,428,2023-04-30,828,2023,4,2,Chủ Nhật
732,51,2024-08-07,0,2024,8,3,Thứ Tư
733,279,2023-08-18,0,2023,8,3,Thứ Sáu
734,114,2023-05-14,0,2023,5,2,Chủ Nhật
735,511,2024-02-20,0,2024,2,1,Thứ Ba
736,582,2024-05-25,0,2024,5,2,Thứ Bảy
737,294,2024-03-09,0,2024,3,1,Thứ Bảy
738,477,2023-08-29,0,2023,8,3,Thứ Ba
739,24,2024-10-14,0,2024,10,4,Thứ Hai
740,639,2024-02-24,0,2024,2,1,Thứ Bảy
741,774,2023-10-01,0,2023,10,4,Chủ Nhật
742,302,2023-12-03,0,2023,12,4,Chủ Nhật
743,423,2024-01-15,0,2024,1,1,Thứ Hai
744,32,2023-07-26,0,2023,7,3,Thứ Tư
745,297,2023-08-21,0,2023,8,3,Thứ Hai
746,240,2023-06-22,0,2023,6,2,Thứ Năm
747,512,2023-08-04,0,2023,8,3,Thứ Sáu
748,771,2023-03-02,0,2023,3,1,Thứ Năm
749,794,2023-09-04,0,2023,9,3,Thứ Hai
750,723,2024-09-25,0,2024,9,3,Thứ Tư
751,551,2024-08-11,333,2024,8,3,Chủ Nhật
752,627,2024-09-11,0,2024,9,3,Thứ Tư
753,262,2023-10-30,0,2023,10,4,Thứ Hai
754,672,2024-06-04,0,2024,6,2,Thứ Ba
755,526,2024-01-27,0,2024,1,1,Thứ Bảy
756,651,2023-01-14,0,2023,1,1,Thứ Bảy
757,707,2024-11-22,0,2024,11,4,Thứ Sáu
758,684,2023-08-26,0,2023,8,3,Thứ Bảy
759,113,2024-10-31,0,2024,10,4,Thứ Năm
760,783,2023-11-16,0,2023,11,4,Thứ Năm
761,497,2024-12-31,0,2024,12,4,Thứ Ba
762,438,2023-09-01,0,2023,9,3,Thứ Sáu
763,387,2024-03-25,0,2024,3,1,Thứ Hai
764,344,2024-07-09,0,2024,7,3,Thứ Ba
765,446,2023-03-20,0,2023,3,1,Thứ Hai
766,685,2024-10-28,0,2024,10,4,Thứ Hai
767,101,2023-09-24,0,2023,9,3,Chủ Nhật
768,513,2024-06-07,0,2024,6,2,Thứ Sáu
769,77,2023-02-19,598,2023,2,1,Chủ Nhật
770,289,2023-09-17,0,2023,9,3,Chủ Nhật
771,200,2023-03-18,485,2023,3,1,Thứ Bảy
772,119,2023-01-07,0,2023,1,1,Thứ Bảy
773,73,2024-08-01,243,2024,8,3,Thứ Năm
774,43,2024-06-12,0,2024,6,2,Thứ Tư
775,6,2024-05-04,0,2024,5,2,Thứ Bảy
776,463,2024-10-21,0,2024,10,4,Thứ Hai
777,486,2023-02-12,0,2023,2,1,Chủ Nhật
778,93,2024-08-11,0,2024,8,3,Chủ Nhật
779,722,2024-07-26,0,2024,7,3,Thứ Sáu
780,394,2023-12-21,0,2023,12,4,Thứ Năm
781,234,2023-01-16,0,2023,1,1,Thứ Hai
782,259,2024-09-12,0,2024,9,3,Thứ Năm
783,606,2023-12-09,0,2023,12,4,Thứ Bảy
784,754,2023-08-10,0,2023,8,3,Thứ Năm
785,295,2024-07-16,0,2024,7,3,Thứ Ba
786,562,2023-04-24,0,2023,4,2,Thứ Hai
787,60,2023-06-21,238,2023,6,2,Thứ Tư
788,646,2024-08-23,0,2024,8,3,Thứ Sáu
789,624,2024-07-15,0,2024,7,3,Thứ Hai
790,533,2024-03-27,936,2024,3,1,Thứ Tư
791,716,2024-01-18,0,2024,1,1,Thứ Năm
792,715,2024-04-13,0,2024,4,2,Thứ Bảy
793,301,2024-01-13,429,2024,1,1,Thứ Bảy
794,584,2023-05-27,0,2023,5,2,Thứ Bảy
795,317,2023-04-15,0,2023,4,2,Thứ Bảy
796,706,2024-07-03,0,2024,7,3,Thứ Tư
797,226,2024-11-30,0,2024,11,4,Thứ Bảy
798,309,2023-07-15,0,2023,7,3,Thứ Bảy
799,359,2023-05-11,0,2023,5,2,Thứ Năm
800,120,2024-10-02,0,2024,10,4,Thứ Tư
801,485,2023-09-11,0,2023,9,3,Thứ Hai
802,655,2023-09-03,0,2023,9,3,Chủ Nhật
803,443,2024-06-17,0,2024,6,2,Thứ Hai
804,564,2023-10-18,0,2023,10,4,Thứ Tư
805,460,2024-11-27,0,2024,11,4,Thứ Tư
806,95,2023-03-19,0,2023,3,1,Chủ Nhật
807,719,2023-07-01,0,2023,7,3,Thứ Bảy
808,754,2024-05-13,0,2024,5,2,Thứ Hai
809,736,2023-12-17,0,2023,12,4,Chủ Nhật
810,728,2024-05-19,0,2024,5,2,Chủ Nhật
811,720,2024-10-02,0,2024,10,4,Thứ Tư
812,424,2023-08-29,0,2023,8,3,Thứ Ba
813,133,2023-08-01,0,2023,8,3,Thứ Ba
814,461,2024-03-18,0,2024,3,1,Thứ Hai
815,398,2023-09-18,0,2023,9,3,Thứ Hai
816,252,2024-06-14,0,2024,6,2,Thứ Sáu
817,558,2023-11-16,945,2023,11,4,Thứ Năm
818,114,2024-05-12,0,2024,5,2,Chủ Nhật
819,143,2024-06-06,0,2024,6,2,Thứ Năm
820,52,2023-06-23,0,2023,6,2,Thứ Sáu
821,500,2024-04-12,0,2024,4,2,Thứ Sáu
822,449,2024-10-28,0,2024,10,4,Thứ Hai
823,60,2024-04-05,0,2024,4,2,Thứ Sáu
824,36,2023-11-30,612,2023,11,4,Thứ Năm
825,603,2024-01-27,660,2024,1,1,Thứ Bảy
826,495,2023-01-17,0,2023,1,1,Thứ Ba
827,69,2024-07-06,0,2024,7,3,Thứ Bảy
828,601,2023-04-09,0,2023,4,2,Chủ Nhật
829,561,2024-09-05,0,2024,9,3,Thứ Năm
830,281,2023-12-04,0,2023,12,4,Thứ Hai
831,149,2024-12-24,0,2024,12,4,Thứ Ba
832,598,2023-10-22,0,2023,10,4,Chủ Nhật
833,615,2024-11-25,0,2024,11,4,Thứ Hai
834,167,2024-06-02,0,2024,6,2,Chủ Nhật
835,61,2024-01-09,0,2024,1,1,Thứ Ba
836,50,2023-05-10,0,2023,5,2,Thứ Tư
837,656,2024-06-20,0,2024,6,2,Thứ Năm
838,61,2024-05-17,0,2024,5,2,Thứ Sáu
839,729,2023-10-25,0,2023,10,4,Thứ Tư
840,328,2023-01-28,0,2023,1,1,Thứ Bảy
841,75,2024-09-29,0,2024,9,3,Chủ Nhật
842,313,2023-07-15,0,2023,7,3,Thứ Bảy
843,11,2023-10-19,0,2023,10,4,Thứ Năm
844,638,2023-05-12,0,2023,5,2,Thứ Sáu
845,327,2023-07-23,0,2023,7,3,Chủ Nhật
846,667,2023-11-20,0,2023,11,4,Thứ Hai
847,129,2024-06-14,0,2024,6,2,Thứ Sáu
848,116,2024-06-26,0,2024,6,2,Thứ Tư
849,240,2024-09-01,0,2024,9,3,Chủ Nhật
850,415,2024-09-12,0,2024,9,3,Thứ Năm
851,277,2024-10-14,0,2024,10,4,Thứ Hai
852,674,2023-08-29,0,2023,8,3,Thứ Ba
853,294,2023-09-26,0,2023,9,3,Thứ Ba
854,293,2024-11-29,0,2024,11,4,Thứ Sáu
855,23,2023-02-16,0,2023,2,1,Thứ Năm
856,746,2023-07-04,0,2023,7,3,Thứ Ba
857,701,2024-10-13,0,2024,10,4,Chủ Nhật
858,39,2023-05-04,0,2023,5,2,Thứ Năm
859,602,2024-11-02,880,2024,11,4,Thứ Bảy
860,797,2024-12-03,0,2024,12,4,Thứ Ba
861,189,2023-12-26,0,2023,12,4,Thứ Ba
862,800,2023-01-15,570,2023,1,1,Chủ Nhật
863,181,2024-05-19,0,2024,5,2,Chủ Nhật
864,155,2024-04-09,0,2024,4,2,Thứ Ba
865,664,2023-03-11,0,2023,3,1,Thứ Bảy
866,749,2024-01-14,0,2024,1,1,Chủ Nhật
867,391,2024-02-24,100,2024,2,1,Thứ Bảy
868,787,2024-01-21,0,2024,1,1,Chủ Nhật
869,100,2024-05-05,0,2024,5,2,Chủ Nhật
870,152,2023-12-15,0,2023,12,4,Thứ Sáu
871,146,2024-09-14,0,2024,9,3,Thứ Bảy
872,702,2024-01-15,0,2024,1,1,Thứ Hai
873,508,2024-06-26,0,2024,6,2,Thứ Tư
874,698,2023-07-17,0,2023,7,3,Thứ Hai
875,343,2023-11-28,0,2023,11,4,Thứ Ba
876,1,2023-12-11,105,2023,12,4,Thứ Hai
877,350,2024-03-29,0,2024,3,1,Thứ Sáu
878,479,2024-02-02,0,2024,2,1,Thứ Sáu
879,165,2024-11-12,0,2024,11,4,Thứ Ba
880,361,2024-04-13,0,2024,4,2,Thứ Bảy
881,642,2024-06-25,0,2024,6,2,Thứ Ba
882,615,2023-06-03,0,2023,6,2,Thứ Bảy
883,435,2023-12-18,0,2023,12,4,Thứ Hai
884,315,2024-05-26,0,2024,5,2,Chủ Nhật
885,285,2023-05-14,0,2023,5,2,Chủ Nhật
886,126,2023-03-14,0,2023,3,1,Thứ Ba
887,548,2024-05-27,0,2024,5,2,Thứ Hai
888,537,2023-10-05,0,2023,10,4,Thứ Năm
889,639,2023-12-13,0,2023,12,4,Thứ Tư
890,242,2024-10-05,0,2024,10,4,Thứ Bảy
891,622,2023-05-14,0,2023,5,2,Chủ Nhật
892,39,2023-10-26,0,2023,10,4,Thứ Năm
893,771,2024-04-19,0,2024,4,2,Thứ Sáu
894,216,2024-04-04,0,2024,4,2,Thứ Năm
895,207,2023-11-22,0,2023,11,4,Thứ Tư
896,567,2023-09-03,0,2023,9,3,Chủ Nhật
897,259,2023-12-28,0,2023,12,4,Thứ Năm
898,559,2024-01-29,0,2024,1,1,Thứ Hai
899,446,2023-07-22,0,2023,7,3,Thứ Bảy
900,195,2023-11-06,0,2023,11,4,Thứ Hai
901,567,2023-07-21,0,2023,7,3,Thứ Sáu
902,532,2024-08-20,0,2024,8,3,Thứ Ba
903,161,2023-11-07,0,2023,11,4,Thứ Ba
904,60,2024-04-11,0,2024,4,2,Thứ Năm
905,317,2023-08-27,0,2023,8,3,Chủ Nhật
906,209,2023-12-30,0,2023,12,4,Thứ Bảy
907,662,2024-03-17,0,2024,3,1,Chủ Nhật
908,60,2023-12-02,0,2023,12,4,Thứ Bảy
909,768,2024-06-03,0,2024,6,2,Thứ Hai
910,244,2023-02-16,0,2023,2,1,Thứ Năm
911,461,2024-05-28,0,2024,5,2,Thứ Ba
912,131,2024-05-16,0,2024,5,2,Thứ Năm
913,114,2023-07-29,150,2023,7,3,Thứ Bảy
914,10,2023-09-22,0,2023,9,3,Thứ Sáu
915,305,2023-12-24,0,2023,12,4,Chủ Nhật
916,141,2024-01-13,0,2024,1,1,Thứ Bảy
917,778,2023-01-09,0,2023,1,1,Thứ Hai
918,344,2024-07-01,0,2024,7,3,Thứ Hai
919,611,2023-02-25,0,2023,2,1,Thứ Bảy
920,61,2024-05-01,0,2024,5,2,Thứ Tư
921,80,2024-03-20,0,2024,3,1,Thứ Tư
922,55,2023-10-18,0,2023,10,4,Thứ Tư
923,673,2024-05-26,0,2024,5,2,Chủ Nhật
924,474,2024-10-10,0,2024,10,4,Thứ Năm
925,544,2023-04-28,0,2023,4,2,Thứ Sáu
926,198,2023-01-27,0,2023,1,1,Thứ Sáu
927,343,2023-12-27,0,2023,12,4,Thứ Tư
928,609,2023-11-27,0,2023,11,4,Thứ Hai
929,40,2024-03-09,0,2024,3,1,Thứ Bảy
930,593,2023-10-05,0,2023,10,4,Thứ Năm
931,149,2024-09-16,0,2024,9,3,Thứ Hai
932,594,2024-11-10,0,2024,11,4,Chủ Nhật
933,200,2024-10-13,0,2024,10,4,Chủ Nhật
934,777,2023-07-05,0,2023,7,3,Thứ Tư
935,56,2024-10-27,0,2024,10,4,Chủ Nhật
936,509,2023-01-04,0,2023,1,1,Thứ Tư
937,436,2024-02-17,0,2024,2,1,Thứ Bảy
938,29,2024-03-11,0,2024,3,1,Thứ Hai
939,36,2024-03-17,0,2024,3,1,Chủ Nhật
940,158,2023-01-24,0,2023,1,1,Thứ Ba
941,275,2024-12-09,0,2024,12,4,Thứ Hai
942,303,2024-04-07,0,2024,4,2,Chủ Nhật
943,716,2023-12-10,0,2023,12,4,Chủ Nhật
944,194,2023-01-09,0,2023,1,1,Thứ Hai
945,114,2024-01-11,0,2024,1,1,Thứ Năm
946,502,2023-12-15,0,2023,12,4,Thứ Sáu
947,251,2024-02-11,0,2024,2,1,Chủ Nhật
948,694,2023-10-27,0,2023,10,4,Thứ Sáu
949,521,2023-09-29,0,2023,9,3,Thứ Sáu
950,490,2024-07-10,0,2024,7,3,Thứ Tư
951,107,2023-03-29,0,2023,3,1,Thứ Tư
952,412,2023-12-13,159,2023,12,4,Thứ Tư
953,589,2023-03-31,0,2023,3,1,Thứ Sáu
954,213,2024-03-20,0,2024,3,1,Thứ Tư
955,643,2023-03-09,0,2023,3,1,Thứ Năm
956,184,2023-02-17,0,2023,2,1,Thứ Sáu
957,281,2024-05-05,0,2024,5,2,Chủ Nhật
958,499,2024-10-17,0,2024,10,4,Thứ Năm
959,528,2024-04-02,0,2024,4,2,Thứ Ba
960,575,2024-12-22,0,2024,12,4,Chủ Nhật
961,513,2023-12-12,0,2023,12,4,Thứ Ba
962,262,2024-10-30,0,2024,10,4,Thứ Tư
963,13,2023-06-07,0,2023,6,2,Thứ Tư
964,107,2023-06-16,0,2023,6,2,Thứ Sáu
965,10,2023-10-08,0,2023,10,4,Chủ Nhật
966,339,2024-04-22,0,2024,4,2,Thứ Hai
967,760,2024-08-28,0,2024,8,3,Thứ Tư
968,700,2024-04-06,384,2024,4,2,Thứ Bảy
969,544,2024-02-27,0,2024,2,1,Thứ Ba
970,564,2024-12-26,0,2024,12,4,Thứ Năm
971,106,2023-12-10,0,2023,12,4,Chủ Nhật
972,530,2024-08-29,0,2024,8,3,Thứ Năm
973,722,2023-06-29,0,2023,6,2,Thứ Năm
974,788,2024-04-09,0,2024,4,2,Thứ Ba
975,155,2024-05-17,0,2024,5,2,Thứ Sáu
976,770,2024-03-16,0,2024,3,1,Thứ Bảy
977,478,2024-08-02,0,2024,8,3,Thứ Sáu
978,105,2024-10-07,0,2024,10,4,Thứ Hai
979,119,2023-01-30,0,2023,1,1,Thứ Hai
980,520,2023-12-04,0,2023,12,4,Thứ Hai
981,571,2023-02-26,0,2023,2,1,Chủ Nhật
982,69,2023-03-25,0,2023,3,1,Thứ Bảy
983,352,2023-08-08,0,2023,8,3,Thứ Ba
984,655,2023-09-29,0,2023,9,3,Thứ Sáu
985,736,2023-09-24,0,2023,9,3,Chủ Nhật
986,182,2023-08-06,0,2023,8,3,Chủ Nhật
987,358,2023-11-19,0,2023,11,4,Chủ Nhật
988,146,2023-03-29,0,2023,3,1,Thứ Tư
989,646,2024-10-13,0,2024,10,4,Chủ Nhật
990,127,2024-08-12,0,2024,8,3,Thứ Hai
991,536,2024-10-28,0,2024,10,4,Thứ Hai
992,306,2024-03-02,0,2024,3,1,Thứ Bảy
993,237,2024-03-21,0,2024,3,1,Thứ Năm
994,228,2024-03-11,0,2024,3,1,Thứ Hai
995,273,2024-10-16,0,2024,10,4,Thứ Tư
996,26,2023-01-23,0,2023,1,1,Thứ Hai
997,348,2023-01-28,0,2023,1,1,Thứ Bảy
998,516,2024-01-20,0,2024,1,1,Thứ Bảy
999,558,2024-01-25,0,2024,1,1,Thứ Năm
1000,711,2024-02-26,0,2024,2,1,Thứ Hai
1001,277,2024-04-27,0,2024,4,2,Thứ Bảy
1002,668,2024-08-16,0,2024,8,3,Thứ Sáu
1003,11,2024-06-06,0,2024,6,2,Thứ Năm
1004,762,2024-03-27,924,2024,3,1,Thứ Tư
1005,285,2024-09-01,0,2024,9,3,Chủ Nhật
1006,181,2024-08-08,0,2024,8,3,Thứ Năm
1007,641,2024-04-21,0,2024,4,2,Chủ Nhật
1008,246,2024-08-28,0,2024,8,3,Thứ Tư
1009,698,2024-10-08,976,2024,10,4,Thứ Ba
1010,761,2023-04-28,0,2023,4,2,Thứ Sáu
1011,187,2023-11-18,0,2023,11,4,Thứ Bảy
1012,575,2023-02-18,0,2023,2,1,Thứ Bảy
1013,522,2024-06-24,348,2024,6,2,Thứ Hai
1014,547,2024-05-19,0,2024,5,2,Chủ Nhật
1015,448,2023-06-07,0,2023,6,2,Thứ Tư
1016,587,2024-03-14,0,2024,3,1,Thứ Năm
1017,329,2023-01-28,0,2023,1,1,Thứ Bảy
1018,259,2024-05-14,0,2024,5,2,Thứ Ba
1019,45,2023-04-09,0,2023,4,2,Chủ Nhật
1020,139,2024-11-24,0,2024,11,4,Chủ Nhật
1021,728,2023-01-20,0,2023,1,1,Thứ Sáu
1022,356,2024-10-02,800,2024,10,4,Thứ Tư
1023,51,2024-12-01,168,2024,12,4,Chủ Nhật
1024,120,2023-07-12,0,2023,7,3,Thứ Tư
1025,303,2024-03-05,0,2024,3,1,Thứ Ba
1026,168,2024-08-20,0,2024,8,3,Thứ Ba
1027,275,2024-04-15,0,2024,4,2,Thứ Hai
1028,362,2024-07-28,0,2024,7,3,Chủ Nhật
1029,147,2024-12-27,0,2024,12,4,Thứ Sáu
1030,346,2024-04-29,0,2024,4,2,Thứ Hai
1031,441,2023-01-09,0,2023,1,1,Thứ Hai
1032,57,2024-05-18,0,2024,5,2,Thứ Bảy
1033,653,2024-03-30,952,2024,3,1,Thứ Bảy
1034,18,2024-04-04,0,2024,4,2,Thứ Năm
1035,255,2023-05-04,0,2023,5,2,Thứ Năm
1036,738,2023-05-26,0,2023,5,2,Thứ Sáu
1037,643,2024-12-29,0,2024,12,4,Chủ Nhật
1038,498,2023-12-31,0,2023,12,4,Chủ Nhật
1039,390,2024-01-19,0,2024,1,1,Thứ Sáu
1040,383,2024-12-30,0,2024,12,4,Thứ Hai
1041,781,2024-12-14,525,2024,12,4,Thứ Bảy
1042,76,2023-07-20,0,2023,7,3,Thứ Năm
1043,693,2023-10-09,0,2023,10,4,Thứ Hai
1044,298,2024-04-26,0,2024,4,2,Thứ Sáu
1045,408,2023-11-14,0,2023,11,4,Thứ Ba
1046,248,2023-10-08,0,2023,10,4,Chủ Nhật
1047,205,2024-04-05,0,2024,4,2,Thứ Sáu
1048,473,2023-01-08,0,2023,1,1,Chủ Nhật
1049,243,2024-11-21,0,2024,11,4,Thứ Năm
1050,301,2024-04-07,0,2024,4,2,Chủ Nhật
1051,672,2024-12-27,0,2024,12,4,Thứ Sáu
1052,73,2023-01-10,0,2023,1,1,Thứ Ba
1053,172,2023-08-20,0,2023,8,3,Chủ Nhật
1054,793,2023-01-14,0,2023,1,1,Thứ Bảy
1055,123,2024-02-19,0,2024,2,1,Thứ Hai
1056,182,2024-05-12,0,2024,5,2,Chủ Nhật
1057,304,2023-02-12,0,2023,2,1,Chủ Nhật
1058,704,2023-12-07,0,2023,12,4,Thứ Năm
1059,736,2023-08-13,0,2023,8,3,Chủ Nhật
1060,462,2024-08-06,848,2024,8,3,Thứ Ba
1061,552,2024-11-13,0,2024,11,4,Thứ Tư
1062,301,2024-01-24,0,2024,1,1,Thứ Tư
1063,491,2023-05-27,0,2023,5,2,Thứ Bảy
1064,260,2023-05-14,0,2023,5,2,Chủ Nhật
1065,557,2023-01-24,0,2023,1,1,Thứ Ba
1066,227,2024-01-07,364,2024,1,1,Chủ Nhật
1067,67,2024-02-02,0,2024,2,1,Thứ Sáu
1068,739,2023-10-07,0,2023,10,4,Thứ Bảy
1069,402,2023-10-16,0,2023,10,4,Thứ Hai
1070,270,2023-02-12,0,2023,2,1,Chủ Nhật
1071,62,2023-07-25,0,2023,7,3,Thứ Ba
1072,717,2024-06-12,0,2024,6,2,Thứ Tư
1073,191,2023-12-10,0,2023,12,4,Chủ Nhật
1074,333,2023-12-20,0,2023,12,4,Thứ Tư
1075,614,2024-09-28,0,2024,9,3,Thứ Bảy
1076,272,2023-01-30,0,2023,1,1,Thứ Hai
1077,785,2024-10-11,0,2024,10,4,Thứ Sáu
1078,210,2023-10-15,0,2023,10,4,Chủ Nhật
1079,650,2023-10-03,0,2023,10,4,Thứ Ba
1080,306,2024-07-10,0,2024,7,3,Thứ Tư
1081,46,2023-11-03,0,2023,11,4,Thứ Sáu
1082,470,2023-01-03,0,2023,1,1,Thứ Ba
1083,571,2024-09-08,0,2024,9,3,Chủ Nhật
1084,244,2024-05-08,0,2024,5,2,Thứ Tư
1085,639,2023-05-13,0,2023,5,2,Thứ Bảy
1086,270,2023-06-10,0,2023,6,2,Thứ Bảy
1087,416,2023-10-12,0,2023,10,4,Thứ Năm
1088,675,2024-04-18,0,2024,4,2,Thứ Năm
1089,692,2024-05-22,0,2024,5,2,Thứ Tư
1090,30,2024-07-24,0,2024,7,3,Thứ Tư
1091,162,2023-04-18,0,2023,4,2,Thứ Ba
1092,607,2024-02-23,0,2024,2,1,Thứ Sáu
1093,442,2024-08-23,0,2024,8,3,Thứ Sáu
1094,249,2024-09-24,0,2024,9,3,Thứ Ba
1095,11,2024-12-20,0,2024,12,4,Thứ Sáu
1096,346,2024-10-10,0,2024,10,4,Thứ Năm
1097,775,2023-12-29,0,2023,12,4,Thứ Sáu
1098,554,2024-11-23,416,2024,11,4,Thứ Bảy
1099,387,2024-07-21,437,2024,7,3,Chủ Nhật
1100,65,2024-12-16,0,2024,12,4,Thứ Hai
1101,373,2023-05-11,0,2023,5,2,Thứ Năm
1102,250,2024-05-05,0,2024,5,2,Chủ Nhật
1103,726,2024-12-01,0,2024,12,4,Chủ Nhật
1104,291,2023-05-12,0,2023,5,2,Thứ Sáu
1105,397,2023-01-15,0,2023,1,1,Chủ Nhật
1106,427,2024-02-01,0,2024,2,1,Thứ Năm
1107,596,2024-01-30,0,2024,1,1,Thứ Ba
1108,748,2023-01-15,0,2023,1,1,Chủ Nhật
1109,614,2024-02-05,0,2024,2,1,Thứ Hai
1110,273,2023-02-07,0,2023,2,1,Thứ Ba
1111,84,2023-07-07,0,2023,7,3,Thứ Sáu
1112,490,2024-06-12,0,2024,6,2,Thứ Tư
1113,249,2023-11-28,0,2023,11,4,Thứ Ba
1114,666,2024-09-10,0,2024,9,3,Thứ Ba
1115,599,2023-06-03,0,2023,6,2,Thứ Bảy
1116,622,2023-10-29,0,2023,10,4,Chủ Nhật
1117,444,2024-09-03,0,2024,9,3,Thứ Ba
1118,608,2023-11-19,0,2023,11,4,Chủ Nhật
1119,2,2024-02-01,0,2024,2,1,Thứ Năm
1120,297,2024-04-02,0,2024,4,2,Thứ Ba
1121,448,2023-10-20,0,2023,10,4,Thứ Sáu
1122,536,2023-07-22,0,2023,7,3,Thứ Bảy
1123,404,2024-02-12,0,2024,2,1,Thứ Hai
1124,365,2024-01-06,0,2024,1,1,Thứ Bảy
1125,22,2023-01-05,0,2023,1,1,Thứ Năm
1126,42,2023-11-24,0,2023,11,4,Thứ Sáu
1127,16,2024-11-05,0,2024,11,4,Thứ Ba
1128,776,2024-05-27,0,2024,5,2,Thứ Hai
1129,584,2024-08-08,220,2024,8,3,Thứ Năm
1130,304,2023-12-28,0,2023,12,4,Thứ Năm
1131,711,2023-10-16,0,2023,10,4,Thứ Hai
1132,85,2024-01-18,547,2024,1,1,Thứ Năm
1133,367,2024-06-26,0,2024,6,2,Thứ Tư
1134,692,2023-07-11,0,2023,7,3,Thứ Ba
1135,795,2024-01-09,0,2024,1,1,Thứ Ba
1136,352,2023-04-11,110,2023,4,2,Thứ Ba
1137,130,2023-02-02,0,2023,2,1,Thứ Năm
1138,513,2023-12-04,0,2023,12,4,Thứ Hai
1139,63,2023-05-17,0,2023,5,2,Thứ Tư
1140,484,2024-09-02,0,2024,9,3,Thứ Hai
1141,487,2023-11-24,0,2023,11,4,Thứ Sáu
1142,663,2023-06-19,0,2023,6,2,Thứ Hai
1143,504,2024-01-01,0,2024,1,1,Thứ Hai
1144,94,2023-02-15,0,2023,2,1,Thứ Tư
1145,523,2024-11-21,0,2024,11,4,Thứ Năm
1146,343,2023-05-08,0,2023,5,2,Thứ Hai
1147,709,2024-01-26,0,2024,1,1,Thứ Sáu
1148,105,2024-10-16,0,2024,10,4,Thứ Tư
1149,678,2024-07-12,0,2024,7,3,Thứ Sáu
1150,365,2023-05-02,0,2023,5,2,Thứ Ba
1151,602,2024-10-23,0,2024,10,4,Thứ Tư
1152,192,2023-01-22,0,2023,1,1,Chủ Nhật
1153,2,2023-03-14,0,2023,3,1,Thứ Ba
1154,542,2024-08-22,0,2024,8,3,Thứ Năm
1155,111,2024-01-22,0,2024,1,1,Thứ Hai
1156,500,2024-07-19,0,2024,7,3,Thứ Sáu
1157,551,2024-05-09,0,2024,5,2,Thứ Năm
1158,232,2024-07-31,0,2024,7,3,Thứ Tư
1159,95,2023-11-26,0,2023,11,4,Chủ Nhật
1160,139,2023-05-21,0,2023,5,2,Chủ Nhật
1161,316,2024-06-15,0,2024,6,2,Thứ Bảy
1162,663,2024-04-07,0,2024,4,2,Chủ Nhật
1163,218,2024-05-19,0,2024,5,2,Chủ Nhật
1164,478,2024-07-12,0,2024,7,3,Thứ Sáu
1165,391,2024-11-14,0,2024,11,4,Thứ Năm
1166,683,2024-10-27,168,2024,10,4,Chủ Nhật
1167,532,2024-04-04,0,2024,4,2,Thứ Năm
1168,327,2023-06-17,0,2023,6,2,Thứ Bảy
1169,209,2023-07-11,0,2023,7,3,Thứ Ba
1170,314,2023-07-21,426,2023,7,3,Thứ Sáu
1171,73,2024-07-06,0,2024,7,3,Thứ Bảy
1172,347,2023-04-19,0,2023,4,2,Thứ Tư
1173,293,2023-01-12,0,2023,1,1,Thứ Năm
1174,456,2024-08-17,0,2024,8,3,Thứ Bảy
1175,148,2024-02-05,0,2024,2,1,Thứ Hai
1176,527,2023-08-10,80,2023,8,3,Thứ Năm
1177,86,2023-03-03,0,2023,3,1,Thứ Sáu
1178,704,2024-05-08,0,2024,5,2,Thứ Tư
1179,583,2024-08-26,0,2024,8,3,Thứ Hai
1180,776,2023-10-26,0,2023,10,4,Thứ Năm
1181,157,2023-06-14,0,2023,6,2,Thứ Tư
1182,688,2024-03-20,0,2024,3,1,Thứ Tư
1183,596,2024-12-19,0,2024,12,4,Thứ Năm
1184,753,2024-07-02,0,2024,7,3,Thứ Ba
1185,13,2023-03-05,0,2023,3,1,Chủ Nhật
1186,682,2023-10-10,0,2023,10,4,Thứ Ba
1187,558,2024-10-19,0,2024,10,4,Thứ Bảy
1188,788,2024-03-29,0,2024,3,1,Thứ Sáu
1189,187,2023-05-06,0,2023,5,2,Thứ Bảy
1190,206,2024-06-20,0,2024,6,2,Thứ Năm
1191,419,2023-09-19,0,2023,9,3,Thứ Ba
1192,130,2024-12-29,0,2024,12,4,Chủ Nhật
1193,582,2024-09-03,0,2024,9,3,Thứ Ba
1194,290,2024-01-30,0,2024,1,1,Thứ Ba
1195,240,2024-06-13,0,2024,6,2,Thứ Năm
1196,529,2024-07-31,0,2024,7,3,Thứ Tư
1197,591,2023-08-22,0,2023,8,3,Thứ Ba
1198,163,2024-07-16,0,2024,7,3,Thứ Ba
1199,766,2023-02-23,0,2023,2,1,Thứ Năm
1200,570,2024-01-17,0,2024,1,1,Thứ Tư
1201,312,2024-01-13,0,2024,1,1,Thứ Bảy
1202,656,2024-03-23,0,2024,3,1,Thứ Bảy
1203,754,2023-01-14,0,2023,1,1,Thứ Bảy
1204,621,2023-04-24,60,2023,4,2,Thứ Hai
1205,459,2023-10-25,0,2023,10,4,Thứ Tư
1206,391,2023-07-05,0,2023,7,3,Thứ Tư
1207,282,2024-01-19,242,2024,1,1,Thứ Sáu
1208,508,2023-12-22,486,2023,12,4,Thứ Sáu
1209,427,2023-11-12,0,2023,11,4,Chủ Nhật
1210,671,2023-06-24,0,2023,6,2,Thứ Bảy
1211,693,2023-08-20,0,2023,8,3,Chủ Nhật
1212,408,2024-12-02,901,2024,12,4,Thứ Hai
1213,753,2024-04-05,0,2024,4,2,Thứ Sáu
1214,182,2024-09-18,950,2024,9,3,Thứ Tư
1215,594,2024-12-10,0,2024,12,4,Thứ Ba
1216,237,2023-06-12,0,2023,6,2,Thứ Hai
1217,351,2023-05-23,0,2023,5,2,Thứ Ba
1218,303,2023-05-12,0,2023,5,2,Thứ Sáu
1219,54,2023-04-12,950,2023,4,2,Thứ Tư
1220,607,2023-09-11,0,2023,9,3,Thứ Hai
1221,217,2024-12-05,0,2024,12,4,Thứ Năm
1222,429,2023-06-27,0,2023,6,2,Thứ Ba
1223,648,2024-11-12,0,2024,11,4,Thứ Ba
1224,101,2024-07-20,0,2024,7,3,Thứ Bảy
1225,159,2024-06-07,0,2024,6,2,Thứ Sáu
1226,398,2024-09-02,0,2024,9,3,Thứ Hai
1227,374,2023-08-17,456,2023,8,3,Thứ Năm
1228,502,2024-10-03,200,2024,10,4,Thứ Năm
1229,428,2024-01-16,0,2024,1,1,Thứ Ba
1230,774,2023-05-31,0,2023,5,2,Thứ Tư
1231,213,2023-01-29,0,2023,1,1,Chủ Nhật
1232,136,2024-04-24,0,2024,4,2,Thứ Tư
1233,121,2024-12-18,858,2024,12,4,Thứ Tư
1234,693,2023-07-20,0,2023,7,3,Thứ Năm
1235,473,2023-10-04,0,2023,10,4,Thứ Tư
1236,443,2023-09-04,0,2023,9,3,Thứ Hai
1237,704,2023-04-10,0,2023,4,2,Thứ Hai
1238,642,2023-07-06,0,2023,7,3,Thứ Năm
1239,287,2024-02-09,0,2024,2,1,Thứ Sáu
1240,202,2024-12-08,0,2024,12,4,Chủ Nhật
1241,579,2023-01-15,0,2023,1,1,Chủ Nhật
1242,400,2023-06-22,0,2023,6,2,Thứ Năm
1243,576,2024-10-23,0,2024,10,4,Thứ Tư
1244,725,2023-02-26,0,2023,2,1,Chủ Nhật
1245,355,2023-04-19,0,2023,4,2,Thứ Tư
1246,690,2024-11-10,0,2024,11,4,Chủ Nhật
1247,356,2023-10-21,0,2023,10,4,Thứ Bảy
1248,35,2023-07-10,0,2023,7,3,Thứ Hai
1249,414,2023-11-07,0,2023,11,4,Thứ Ba
1250,97,2023-01-19,0,2023,1,1,Thứ Năm
1251,424,2024-11-09,0,2024,11,4,Thứ Bảy
1252,645,2023-10-07,0,2023,10,4,Thứ Bảy
1253,111,2023-07-14,0,2023,7,3,Thứ Sáu
1254,230,2024-09-04,0,2024,9,3,Thứ Tư
1255,499,2024-08-27,0,2024,8,3,Thứ Ba
1256,347,2023-11-15,0,2023,11,4,Thứ Tư
1257,127,2023-12-25,0,2023,12,4,Thứ Hai
1258,262,2024-12-11,0,2024,12,4,Thứ Tư
1259,39,2023-08-19,0,2023,8,3,Thứ Bảy
1260,537,2023-05-20,0,2023,5,2,Thứ Bảy
1261,291,2024-12-04,0,2024,12,4,Thứ Tư
1262,167,2024-12-27,0,2024,12,4,Thứ Sáu
1263,164,2023-05-19,0,2023,5,2,Thứ Sáu
1264,297,2024-01-23,450,2024,1,1,Thứ Ba
1265,6,2023-09-17,0,2023,9,3,Chủ Nhật
1266,760,2023-10-23,0,2023,10,4,Thứ Hai
1267,363,2023-12-24,0,2023,12,4,Chủ Nhật
1268,409,2024-05-20,0,2024,5,2,Thứ Hai
1269,196,2024-09-24,0,2024,9,3,Thứ Ba
1270,424,2024-10-08,0,2024,10,4,Thứ Ba
1271,774,2024-05-27,0,2024,5,2,Thứ Hai
1272,195,2024-03-20,0,2024,3,1,Thứ Tư
1273,564,2023-03-19,0,2023,3,1,Chủ Nhật
1274,309,2023-12-06,0,2023,12,4,Thứ Tư
1275,762,2023-10-14,0,2023,10,4,Thứ Bảy
1276,133,2023-03-23,0,2023,3,1,Thứ Năm
1277,707,2023-04-26,0,2023,4,2,Thứ Tư
1278,390,2023-10-31,195,2023,10,4,Thứ Ba
1279,290,2023-10-18,0,2023,10,4,Thứ Tư
1280,496,2023-11-19,331,2023,11,4,Chủ Nhật
1281,362,2023-05-01,0,2023,5,2,Thứ Hai
1282,578,2024-05-11,0,2024,5,2,Thứ Bảy
1283,185,2023-12-25,0,2023,12,4,Thứ Hai
1284,394,2023-06-20,0,2023,6,2,Thứ Ba
1285,401,2024-01-01,591,2024,1,1,Thứ Hai
1286,497,2023-11-21,0,2023,11,4,Thứ Ba
1287,141,2023-01-16,0,2023,1,1,Thứ Hai
1288,261,2024-04-17,0,2024,4,2,Thứ Tư
1289,724,2023-01-19,0,2023,1,1,Thứ Năm
1290,406,2024-05-16,0,2024,5,2,Thứ Năm
1291,692,2023-01-10,0,2023,1,1,Thứ Ba
1292,684,2024-05-11,0,2024,5,2,Thứ Bảy
1293,296,2023-10-02,0,2023,10,4,Thứ Hai
1294,383,2023-09-22,0,2023,9,3,Thứ Sáu
1295,666,2023-05-23,0,2023,5,2,Thứ Ba
1296,148,2024-03-29,0,2024,3,1,Thứ Sáu
1297,622,2023-04-17,0,2023,4,2,Thứ Hai
1298,226,2023-10-15,420,2023,10,4,Chủ Nhật
1299,167,2023-04-12,0,2023,4,2,Thứ Tư
1300,518,2023-06-29,0,2023,6,2,Thứ Năm
1301,692,2023-12-29,0,2023,12,4,Thứ Sáu
1302,208,2024-10-02,0,2024,10,4,Thứ Tư
1303,331,2023-09-05,0,2023,9,3,Thứ Ba
1304,572,2023-05-26,0,2023,5,2,Thứ Sáu
1305,366,2024-10-15,0,2024,10,4,Thứ Ba
1306,700,2024-10-31,0,2024,10,4,Thứ Năm
1307,43,2024-05-27,0,2024,5,2,Thứ Hai
1308,511,2024-08-09,0,2024,8,3,Thứ Sáu
1309,254,2023-03-14,0,2023,3,1,Thứ Ba
1310,319,2024-10-23,0,2024,10,4,Thứ Tư
1311,783,2024-12-04,0,2024,12,4,Thứ Tư
1312,10,2024-08-04,0,2024,8,3,Chủ Nhật
1313,512,2023-10-20,0,2023,10,4,Thứ Sáu
1314,714,2024-06-09,0,2024,6,2,Chủ Nhật
1315,673,2024-04-29,0,2024,4,2,Thứ Hai
1316,357,2023-02-12,0,2023,2,1,Chủ Nhật
1317,173,2023-02-01,0,2023,2,1,Thứ Tư
1318,614,2023-12-31,0,2023,12,4,Chủ Nhật
1319,306,2024-09-14,0,2024,9,3,Thứ Bảy
1320,198,2023-11-20,0,2023,11,4,Thứ Hai
1321,480,2023-09-25,0,2023,9,3,Thứ Hai
1322,790,2024-09-15,0,2024,9,3,Chủ Nhật
1323,205,2023-04-28,0,2023,4,2,Thứ Sáu
1324,391,2023-11-21,0,2023,11,4,Thứ Ba
1325,209,2023-07-04,0,2023,7,3,Thứ Ba
1326,371,2024-05-26,0,2024,5,2,Chủ Nhật
1327,86,2023-02-04,0,2023,2,1,Thứ Bảy
1328,201,2024-01-14,0,2024,1,1,Chủ Nhật
1329,277,2023-05-25,0,2023,5,2,Thứ Năm
1330,387,2024-01-07,0,2024,1,1,Chủ Nhật
1331,320,2023-12-28,0,2023,12,4,Thứ Năm
1332,103,2024-07-05,0,2024,7,3,Thứ Sáu
1333,358,2023-11-20,0,2023,11,4,Thứ Hai
1334,422,2024-12-08,0,2024,12,4,Chủ Nhật
1335,111,2023-05-08,0,2023,5,2,Thứ Hai
1336,310,2023-02-28,0,2023,2,1,Thứ Ba
1337,302,2024-01-13,0,2024,1,1,Thứ Bảy
1338,252,2023-07-10,0,2023,7,3,Thứ Hai
1339,514,2023-01-30,0,2023,1,1,Thứ Hai
1340,690,2024-07-29,0,2024,7,3,Thứ Hai
1341,459,2024-09-11,0,2024,9,3,Thứ Tư
1342,62,2024-02-05,0,2024,2,1,Thứ Hai
1343,696,2023-02-10,0,2023,2,1,Thứ Sáu
1344,371,2024-08-08,0,2024,8,3,Thứ Năm
1345,339,2023-05-18,0,2023,5,2,Thứ Năm
1346,358,2023-01-21,0,2023,1,1,Thứ Bảy
1347,304,2024-05-23,0,2024,5,2,Thứ Năm
1348,401,2024-05-08,0,2024,5,2,Thứ Tư
1349,378,2023-07-05,0,2023,7,3,Thứ Tư
1350,74,2024-05-31,0,2024,5,2,Thứ Sáu
1351,116,2023-12-21,0,2023,12,4,Thứ Năm
1352,51,2024-11-16,0,2024,11,4,Thứ Bảy
1353,68,2023-04-05,0,2023,4,2,Thứ Tư
1354,439,2023-06-28,0,2023,6,2,Thứ Tư
1355,747,2023-12-19,0,2023,12,4,Thứ Ba
1356,557,2024-02-19,0,2024,2,1,Thứ Hai
1357,637,2024-07-03,0,2024,7,3,Thứ Tư
1358,83,2023-08-16,0,2023,8,3,Thứ Tư
1359,135,2023-01-27,0,2023,1,1,Thứ Sáu
1360,391,2024-03-09,0,2024,3,1,Thứ Bảy
1361,458,2024-02-26,0,2024,2,1,Thứ Hai
1362,245,2023-04-03,0,2023,4,2,Thứ Hai
1363,569,2024-10-27,0,2024,10,4,Chủ Nhật
1364,36,2023-12-11,595,2023,12,4,Thứ Hai
1365,231,2024-01-28,0,2024,1,1,Chủ Nhật
1366,611,2024-11-18,0,2024,11,4,Thứ Hai
1367,2,2023-06-06,0,2023,6,2,Thứ Ba
1368,181,2024-07-10,0,2024,7,3,Thứ Tư
1369,316,2023-12-01,0,2023,12,4,Thứ Sáu
1370,777,2023-01-13,0,2023,1,1,Thứ Sáu
1371,515,2024-04-05,0,2024,4,2,Thứ Sáu
1372,241,2024-06-08,0,2024,6,2,Thứ Bảy
1373,176,2023-10-24,0,2023,10,4,Thứ Ba
1374,705,2024-07-21,0,2024,7,3,Chủ Nhật
1375,364,2024-10-23,0,2024,10,4,Thứ Tư
1376,309,2023-07-05,0,2023,7,3,Thứ Tư
1377,24,2023-11-26,0,2023,11,4,Chủ Nhật
1378,253,2023-09-08,0,2023,9,3,Thứ Sáu
1379,408,2023-04-23,495,2023,4,2,Chủ Nhật
1380,678,2023-10-08,0,2023,10,4,Chủ Nhật
1381,740,2024-10-12,0,2024,10,4,Thứ Bảy
1382,209,2023-02-02,0,2023,2,1,Thứ Năm
1383,292,2023-07-04,0,2023,7,3,Thứ Ba
1384,758,2023-07-21,0,2023,7,3,Thứ Sáu
1385,61,2023-10-18,0,2023,10,4,Thứ Tư
1386,140,2024-01-17,0,2024,1,1,Thứ Tư
1387,304,2023-01-20,630,2023,1,1,Thứ Sáu
1388,183,2024-11-27,0,2024,11,4,Thứ Tư
1389,186,2024-04-10,0,2024,4,2,Thứ Tư
1390,76,2023-05-20,0,2023,5,2,Thứ Bảy
1391,223,2023-08-27,0,2023,8,3,Chủ Nhật
1392,705,2023-07-26,0,2023,7,3,Thứ Tư
1393,371,2024-09-16,0,2024,9,3,Thứ Hai
1394,730,2023-06-07,0,2023,6,2,Thứ Tư
1395,135,2023-10-02,0,2023,10,4,Thứ Hai
1396,578,2023-09-12,0,2023,9,3,Thứ Ba
1397,777,2024-05-25,0,2024,5,2,Thứ Bảy
1398,46,2023-03-20,0,2023,3,1,Thứ Hai
1399,655,2024-09-24,0,2024,9,3,Thứ Ba
1400,285,2024-05-24,0,2024,5,2,Thứ Sáu
1401,551,2024-04-01,0,2024,4,2,Thứ Hai
1402,488,2023-07-26,0,2023,7,3,Thứ Tư
1403,485,2023-11-30,0,2023,11,4,Thứ Năm
1404,510,2024-04-14,0,2024,4,2,Chủ Nhật
1405,599,2024-09-09,0,2024,9,3,Thứ Hai
1406,628,2024-07-28,234,2024,7,3,Chủ Nhật
1407,58,2023-03-27,0,2023,3,1,Thứ Hai
1408,461,2023-02-16,0,2023,2,1,Thứ Năm
1409,339,2023-11-12,0,2023,11,4,Chủ Nhật
1410,58,2024-05-20,0,2024,5,2,Thứ Hai
1411,781,2024-01-01,0,2024,1,1,Thứ Hai
1412,361,2024-02-25,0,2024,2,1,Chủ Nhật
1413,773,2023-05-02,0,2023,5,2,Thứ Ba
1414,364,2024-03-31,0,2024,3,1,Chủ Nhật
1415,538,2023-10-11,500,2023,10,4,Thứ Tư
1416,405,2023-04-06,0,2023,4,2,Thứ Năm
1417,608,2023-01-28,0,2023,1,1,Thứ Bảy
1418,64,2023-11-10,0,2023,11,4,Thứ Sáu
1419,183,2023-06-07,0,2023,6,2,Thứ Tư
1420,194,2024-07-16,0,2024,7,3,Thứ Ba
1421,606,2024-04-14,0,2024,4,2,Chủ Nhật
1422,702,2023-10-27,0,2023,10,4,Thứ Sáu
1423,4,2023-03-05,0,2023,3,1,Chủ Nhật
1424,357,2023-10-24,0,2023,10,4,Thứ Ba
1425,326,2023-09-11,0,2023,9,3,Thứ Hai
1426,191,2023-09-12,0,2023,9,3,Thứ Ba
1427,303,2023-08-04,0,2023,8,3,Thứ Sáu
1428,292,2023-08-13,0,2023,8,3,Chủ Nhật
1429,715,2024-05-28,0,2024,5,2,Thứ Ba
1430,495,2024-12-21,0,2024,12,4,Thứ Bảy
1431,779,2023-06-23,0,2023,6,2,Thứ Sáu
1432,179,2023-10-27,0,2023,10,4,Thứ Sáu
1433,701,2024-02-04,0,2024,2,1,Chủ Nhật
1434,487,2023-09-12,0,2023,9,3,Thứ Ba
1435,236,2024-12-05,0,2024,12,4,Thứ Năm
1436,784,2023-08-05,0,2023,8,3,Thứ Bảy
1437,121,2024-11-09,0,2024,11,4,Thứ Bảy
1438,221,2023-11-24,0,2023,11,4,Thứ Sáu
1439,378,2024-04-12,0,2024,4,2,Thứ Sáu
1440,221,2023-10-30,0,2023,10,4,Thứ Hai
1441,297,2023-02-23,0,2023,2,1,Thứ Năm
1442,223,2023-06-23,0,2023,6,2,Thứ Sáu
1443,366,2023-03-08,0,2023,3,1,Thứ Tư
1444,795,2023-06-27,0,2023,6,2,Thứ Ba
1445,44,2024-06-10,0,2024,6,2,Thứ Hai
1446,492,2024-09-09,0,2024,9,3,Thứ Hai
1447,789,2024-12-29,0,2024,12,4,Chủ Nhật
1448,393,2023-01-31,0,2023,1,1,Thứ Ba
1449,227,2023-12-18,0,2023,12,4,Thứ Hai
1450,394,2023-02-03,0,2023,2,1,Thứ Sáu
1451,422,2024-01-20,0,2024,1,1,Thứ Bảy
1452,370,2024-07-23,0,2024,7,3,Thứ Ba
1453,22,2024-08-24,0,2024,8,3,Thứ Bảy
1454,738,2024-06-15,0,2024,6,2,Thứ Bảy
1455,454,2024-06-26,0,2024,6,2,Thứ Tư
1456,676,2023-09-11,0,2023,9,3,Thứ Hai
1457,645,2024-09-10,0,2024,9,3,Thứ Ba
1458,556,2023-06-28,0,2023,6,2,Thứ Tư
1459,216,2024-03-04,0,2024,3,1,Thứ Hai
1460,557,2024-07-03,0,2024,7,3,Thứ Tư
1461,373,2023-03-30,0,2023,3,1,Thứ Năm
1462,387,2023-02-04,0,2023,2,1,Thứ Bảy
1463,410,2024-09-17,907,2024,9,3,Thứ Ba
1464,675,2023-12-15,0,2023,12,4,Thứ Sáu
1465,120,2023-07-04,0,2023,7,3,Thứ Ba
1466,201,2023-03-14,0,2023,3,1,Thứ Ba
1467,56,2024-05-07,0,2024,5,2,Thứ Ba
1468,561,2023-12-04,0,2023,12,4,Thứ Hai
1469,729,2023-08-15,0,2023,8,3,Thứ Ba
1470,320,2023-10-23,0,2023,10,4,Thứ Hai
1471,468,2023-03-24,0,2023,3,1,Thứ Sáu
1472,161,2024-02-01,0,2024,2,1,Thứ Năm
1473,489,2024-01-21,0,2024,1,1,Chủ Nhật
1474,513,2023-08-25,0,2023,8,3,Thứ Sáu
1475,287,2024-06-05,0,2024,6,2,Thứ Tư
1476,784,2024-03-31,0,2024,3,1,Chủ Nhật
1477,709,2023-08-26,0,2023,8,3,Thứ Bảy
1478,719,2023-10-24,0,2023,10,4,Thứ Ba
1479,349,2023-01-14,0,2023,1,1,Thứ Bảy
1480,577,2024-10-31,0,2024,10,4,Thứ Năm
1481,126,2024-09-11,0,2024,9,3,Thứ Tư
1482,755,2024-05-21,0,2024,5,2,Thứ Ba
1483,504,2024-03-11,0,2024,3,1,Thứ Hai
1484,91,2023-09-30,0,2023,9,3,Thứ Bảy
1485,760,2024-06-14,0,2024,6,2,Thứ Sáu
1486,101,2023-01-03,0,2023,1,1,Thứ Ba
1487,646,2024-01-02,0,2024,1,1,Thứ Ba
1488,79,2023-12-03,0,2023,12,4,Chủ Nhật
1489,789,2023-07-10,0,2023,7,3,Thứ Hai
1490,707,2024-08-27,0,2024,8,3,Thứ Ba
1491,661,2024-01-02,0,2024,1,1,Thứ Ba
1492,494,2024-04-01,0,2024,4,2,Thứ Hai
1493,236,2024-03-01,0,2024,3,1,Thứ Sáu
1494,600,2024-07-15,0,2024,7,3,Thứ Hai
1495,105,2023-07-25,0,2023,7,3,Thứ Ba
1496,266,2024-11-05,0,2024,11,4,Thứ Ba
1497,84,2024-06-19,0,2024,6,2,Thứ Tư
1498,573,2024-07-17,0,2024,7,3,Thứ Tư
1499,192,2023-10-15,0,2023,10,4,Chủ Nhật
1500,343,2023-07-30,0,2023,7,3,Chủ Nhật
1501,87,2023-07-15,0,2023,7,3,Thứ Bảy
1502,60,2024-08-16,0,2024,8,3,Thứ Sáu
1503,308,2024-04-25,0,2024,4,2,Thứ Năm
1504,637,2023-09-14,0,2023,9,3,Thứ Năm
1505,54,2024-04-27,0,2024,4,2,Thứ Bảy
1506,240,2024-12-16,0,2024,12,4,Thứ Hai
1507,542,2024-12-14,0,2024,12,4,Thứ Bảy
1508,716,2023-11-20,0,2023,11,4,Thứ Hai
1509,309,2024-04-10,0,2024,4,2,Thứ Tư
1510,662,2023-07-30,0,2023,7,3,Chủ Nhật
1511,526,2024-03-19,0,2024,3,1,Thứ Ba
1512,336,2023-09-04,0,2023,9,3,Thứ Hai
1513,691,2023-09-01,0,2023,9,3,Thứ Sáu
1514,391,2023-02-23,0,2023,2,1,Thứ Năm
1515,653,2023-09-16,0,2023,9,3,Thứ Bảy
1516,58,2024-10-31,0,2024,10,4,Thứ Năm
1517,470,2023-03-19,0,2023,3,1,Chủ Nhật
1518,594,2023-02-18,0,2023,2,1,Thứ Bảy
1519,293,2024-03-08,0,2024,3,1,Thứ Sáu
1520,312,2024-03-28,0,2024,3,1,Thứ Năm
1521,658,2024-09-08,0,2024,9,3,Chủ Nhật
1522,557,2024-11-26,0,2024,11,4,Thứ Ba
1523,447,2023-07-13,0,2023,7,3,Thứ Năm
1524,160,2024-10-31,0,2024,10,4,Thứ Năm
1525,457,2024-12-01,0,2024,12,4,Chủ Nhật
1526,404,2024-12-07,0,2024,12,4,Thứ Bảy
1527,58,2024-07-05,0,2024,7,3,Thứ Sáu
1528,465,2023-11-21,0,2023,11,4,Thứ Ba
1529,784,2023-01-25,0,2023,1,1,Thứ Tư
1530,762,2023-11-15,0,2023,11,4,Thứ Tư
1531,619,2024-01-19,0,2024,1,1,Thứ Sáu
1532,28,2023-11-14,0,2023,11,4,Thứ Ba
1533,480,2024-06-09,0,2024,6,2,Chủ Nhật
1534,393,2024-06-13,0,2024,6,2,Thứ Năm
1535,24,2023-10-13,0,2023,10,4,Thứ Sáu
1536,662,2024-01-28,0,2024,1,1,Chủ Nhật
1537,374,2023-10-30,0,2023,10,4,Thứ Hai
1538,370,2024-10-09,0,2024,10,4,Thứ Tư
1539,671,2024-03-17,0,2024,3,1,Chủ Nhật
1540,776,2024-02-12,0,2024,2,1,Thứ Hai
1541,364,2023-10-18,0,2023,10,4,Thứ Tư
1542,104,2023-04-06,0,2023,4,2,Thứ Năm
1543,586,2024-11-19,0,2024,11,4,Thứ Ba
1544,443,2023-05-05,0,2023,5,2,Thứ Sáu
1545,398,2023-09-02,0,2023,9,3,Thứ Bảy
1546,178,2023-04-23,0,2023,4,2,Chủ Nhật
1547,89,2023-04-11,0,2023,4,2,Thứ Ba
1548,27,2023-06-09,0,2023,6,2,Thứ Sáu
1549,2,2024-08-27,0,2024,8,3,Thứ Ba
1550,84,2024-03-17,0,2024,3,1,Chủ Nhật
1551,99,2023-04-08,0,2023,4,2,Thứ Bảy
1552,398,2024-08-29,0,2024,8,3,Thứ Năm
1553,315,2024-01-27,0,2024,1,1,Thứ Bảy
1554,81,2023-10-30,0,2023,10,4,Thứ Hai
1555,102,2024-02-24,255,2024,2,1,Thứ Bảy
1556,13,2023-09-30,0,2023,9,3,Thứ Bảy
1557,731,2024-01-18,0,2024,1,1,Thứ Năm
1558,746,2023-11-27,0,2023,11,4,Thứ Hai
1559,38,2024-12-16,0,2024,12,4,Thứ Hai
1560,233,2023-06-20,0,2023,6,2,Thứ Ba
1561,742,2024-08-10,0,2024,8,3,Thứ Bảy
1562,395,2024-12-10,0,2024,12,4,Thứ Ba
1563,777,2023-03-04,0,2023,3,1,Thứ Bảy
1564,12,2024-07-24,0,2024,7,3,Thứ Tư
1565,227,2023-07-24,0,2023,7,3,Thứ Hai
1566,44,2023-12-11,0,2023,12,4,Thứ Hai
1567,84,2023-01-04,0,2023,1,1,Thứ Tư
1568,347,2024-02-09,882,2024,2,1,Thứ Sáu
1569,379,2023-02-20,0,2023,2,1,Thứ Hai
1570,360,2023-11-05,0,2023,11,4,Chủ Nhật
1571,556,2024-12-05,0,2024,12,4,Thứ Năm
1572,772,2024-08-01,0,2024,8,3,Thứ Năm
1573,172,2023-02-19,0,2023,2,1,Chủ Nhật
1574,184,2024-05-21,0,2024,5,2,Thứ Ba
1575,362,2023-04-08,0,2023,4,2,Thứ Bảy
1576,48,2023-03-18,0,2023,3,1,Thứ Bảy
1577,311,2024-10-08,0,2024,10,4,Thứ Ba
1578,49,2023-07-08,0,2023,7,3,Thứ Bảy
1579,374,2024-06-16,0,2024,6,2,Chủ Nhật
1580,94,2023-02-28,0,2023,2,1,Thứ Ba
1581,585,2023-02-01,0,2023,2,1,Thứ Tư
1582,93,2023-08-04,0,2023,8,3,Thứ Sáu
1583,96,2024-09-08,0,2024,9,3,Chủ Nhật
1584,464,2024-04-18,0,2024,4,2,Thứ Năm
1585,253,2024-02-14,0,2024,2,1,Thứ Tư
1586,515,2024-12-27,0,2024,12,4,Thứ Sáu
1587,616,2023-06-13,882,2023,6,2,Thứ Ba
1588,787,2023-12-13,0,2023,12,4,Thứ Tư
1589,631,2024-01-20,0,2024,1,1,Thứ Bảy
1590,609,2023-12-24,0,2023,12,4,Chủ Nhật
1591,335,2024-04-16,0,2024,4,2,Thứ Ba
1592,309,2024-07-05,0,2024,7,3,Thứ Sáu
1593,397,2024-11-28,0,2024,11,4,Thứ Năm
1594,251,2023-01-20,324,2023,1,1,Thứ Sáu
1595,332,2024-02-29,0,2024,2,1,Thứ Năm
1596,659,2023-08-22,0,2023,8,3,Thứ Ba
1597,263,2024-02-07,0,2024,2,1,Thứ Tư
1598,710,2024-04-25,0,2024,4,2,Thứ Năm
1599,641,2023-01-29,0,2023,1,1,Chủ Nhật
1600,47,2023-04-09,0,2023,4,2,Chủ Nhật
1601,137,2024-03-04,0,2024,3,1,Thứ Hai
1602,692,2024-12-24,0,2024,12,4,Thứ Ba
1603,491,2024-05-05,0,2024,5,2,Chủ Nhật
1604,327,2023-02-26,0,2023,2,1,Chủ Nhật
1605,127,2024-03-05,0,2024,3,1,Thứ Ba
1606,607,2024-03-26,0,2024,3,1,Thứ Ba
1607,173,2023-11-16,0,2023,11,4,Thứ Năm
1608,31,2024-05-04,0,2024,5,2,Thứ Bảy
1609,700,2023-10-17,0,2023,10,4,Thứ Ba
1610,800,2023-10-11,0,2023,10,4,Thứ Tư
1611,284,2024-05-22,0,2024,5,2,Thứ Tư
1612,409,2024-07-14,0,2024,7,3,Chủ Nhật
1613,785,2024-12-30,0,2024,12,4,Thứ Hai
1614,762,2024-02-06,0,2024,2,1,Thứ Ba
1615,711,2023-06-02,0,2023,6,2,Thứ Sáu
1616,21,2023-09-11,242,2023,9,3,Thứ Hai
1617,144,2024-10-16,928,2024,10,4,Thứ Tư
1618,738,2024-06-05,0,2024,6,2,Thứ Tư
1619,529,2023-11-23,400,2023,11,4,Thứ Năm
1620,248,2023-11-15,0,2023,11,4,Thứ Tư
1621,708,2024-07-03,0,2024,7,3,Thứ Tư
1622,671,2023-01-04,0,2023,1,1,Thứ Tư
1623,98,2023-01-21,0,2023,1,1,Thứ Bảy
1624,164,2024-01-23,0,2024,1,1,Thứ Ba
1625,35,2023-01-06,0,2023,1,1,Thứ Sáu
1626,703,2023-06-23,0,2023,6,2,Thứ Sáu
1627,537,2023-04-10,0,2023,4,2,Thứ Hai
1628,118,2024-08-19,0,2024,8,3,Thứ Hai
1629,323,2023-06-23,0,2023,6,2,Thứ Sáu
1630,225,2024-05-14,0,2024,5,2,Thứ Ba
1631,543,2023-04-16,0,2023,4,2,Chủ Nhật
1632,34,2024-11-16,0,2024,11,4,Thứ Bảy
1633,254,2024-08-26,516,2024,8,3,Thứ Hai
1634,558,2023-05-18,0,2023,5,2,Thứ Năm
1635,559,2024-04-10,0,2024,4,2,Thứ Tư
1636,498,2023-03-29,0,2023,3,1,Thứ Tư
1637,766,2024-03-10,0,2024,3,1,Chủ Nhật
1638,273,2024-03-16,0,2024,3,1,Thứ Bảy
1639,527,2023-08-28,0,2023,8,3,Thứ Hai
1640,794,2023-11-17,0,2023,11,4,Thứ Sáu
1641,249,2023-10-27,0,2023,10,4,Thứ Sáu
1642,143,2024-06-08,0,2024,6,2,Thứ Bảy
1643,539,2024-01-23,0,2024,1,1,Thứ Ba
1644,170,2024-10-15,0,2024,10,4,Thứ Ba
1645,136,2023-08-20,0,2023,8,3,Chủ Nhật
1646,541,2024-02-25,0,2024,2,1,Chủ Nhật
1647,653,2024-07-10,0,2024,7,3,Thứ Tư
1648,515,2024-10-23,0,2024,10,4,Thứ Tư
1649,13,2024-11-04,459,2024,11,4,Thứ Hai
1650,118,2024-03-06,0,2024,3,1,Thứ Tư
1651,25,2024-06-16,0,2024,6,2,Chủ Nhật
1652,542,2024-08-06,0,2024,8,3,Thứ Ba
1653,28,2023-12-24,892,2023,12,4,Chủ Nhật
1654,395,2024-01-22,0,2024,1,1,Thứ Hai
1655,195,2023-12-18,0,2023,12,4,Thứ Hai
1656,364,2024-03-05,0,2024,3,1,Thứ Ba
1657,558,2024-02-22,0,2024,2,1,Thứ Năm
1658,609,2024-04-02,0,2024,4,2,Thứ Ba
1659,245,2024-06-01,0,2024,6,2,Thứ Bảy
1660,416,2023-05-01,0,2023,5,2,Thứ Hai
1661,63,2024-03-10,0,2024,3,1,Chủ Nhật
1662,355,2024-02-28,400,2024,2,1,Thứ Tư
1663,300,2024-05-18,0,2024,5,2,Thứ Bảy
1664,404,2024-09-12,0,2024,9,3,Thứ Năm
1665,721,2023-09-01,0,2023,9,3,Thứ Sáu
1666,123,2023-10-12,0,2023,10,4,Thứ Năm
1667,143,2024-08-23,0,2024,8,3,Thứ Sáu
1668,378,2023-02-17,0,2023,2,1,Thứ Sáu
1669,256,2024-01-23,0,2024,1,1,Thứ Ba
1670,33,2023-09-09,0,2023,9,3,Thứ Bảy
1671,346,2023-12-15,0,2023,12,4,Thứ Sáu
1672,617,2023-01-15,0,2023,1,1,Chủ Nhật
1673,285,2024-03-19,0,2024,3,1,Thứ Ba
1674,756,2023-10-05,0,2023,10,4,Thứ Năm
1675,124,2024-12-26,0,2024,12,4,Thứ Năm
1676,307,2023-03-27,0,2023,3,1,Thứ Hai
1677,690,2024-05-25,0,2024,5,2,Thứ Bảy
1678,80,2023-05-25,0,2023,5,2,Thứ Năm
1679,484,2024-07-20,0,2024,7,3,Thứ Bảy
1680,436,2024-05-18,0,2024,5,2,Thứ Bảy
1681,156,2023-10-08,0,2023,10,4,Chủ Nhật
1682,135,2024-03-10,0,2024,3,1,Chủ Nhật
1683,142,2024-05-27,0,2024,5,2,Thứ Hai
1684,136,2023-05-01,0,2023,5,2,Thứ Hai
1685,512,2024-07-02,0,2024,7,3,Thứ Ba
1686,639,2023-06-19,0,2023,6,2,Thứ Hai
1687,409,2023-03-20,0,2023,3,1,Thứ Hai
1688,206,2023-10-19,0,2023,10,4,Thứ Năm
1689,625,2024-12-10,0,2024,12,4,Thứ Ba
1690,333,2024-08-07,0,2024,8,3,Thứ Tư
1691,278,2023-10-05,0,2023,10,4,Thứ Năm
1692,358,2024-07-01,0,2024,7,3,Thứ Hai
1693,347,2024-05-23,0,2024,5,2,Thứ Năm
1694,304,2023-12-11,0,2023,12,4,Thứ Hai
1695,222,2023-09-23,0,2023,9,3,Thứ Bảy
1696,438,2024-08-19,0,2024,8,3,Thứ Hai
1697,167,2024-09-14,0,2024,9,3,Thứ Bảy
1698,388,2023-03-20,0,2023,3,1,Thứ Hai
1699,653,2023-02-15,760,2023,2,1,Thứ Tư
1700,124,2024-05-19,0,2024,5,2,Chủ Nhật
1701,328,2024-01-13,0,2024,1,1,Thứ Bảy
1702,3,2024-06-23,0,2024,6,2,Chủ Nhật
1703,346,2023-11-19,0,2023,11,4,Chủ Nhật
1704,276,2024-03-01,0,2024,3,1,Thứ Sáu
1705,322,2023-07-25,0,2023,7,3,Thứ Ba
1706,480,2024-02-28,0,2024,2,1,Thứ Tư
1707,661,2023-10-23,0,2023,10,4,Thứ Hai
1708,745,2023-07-13,0,2023,7,3,Thứ Năm
1709,29,2023-01-19,0,2023,1,1,Thứ Năm
1710,257,2024-06-03,0,2024,6,2,Thứ Hai
1711,99,2023-01-26,0,2023,1,1,Thứ Năm
1712,134,2023-03-05,0,2023,3,1,Chủ Nhật
1713,322,2024-01-07,0,2024,1,1,Chủ Nhật
1714,488,2024-02-12,0,2024,2,1,Thứ Hai
1715,461,2023-07-19,0,2023,7,3,Thứ Tư
1716,255,2023-04-03,786,2023,4,2,Thứ Hai
1717,22,2023-04-21,0,2023,4,2,Thứ Sáu
1718,381,2024-11-17,0,2024,11,4,Chủ Nhật
1719,265,2024-12-17,0,2024,12,4,Thứ Ba
1720,464,2023-06-21,0,2023,6,2,Thứ Tư
1721,216,2023-09-05,0,2023,9,3,Thứ Ba
1722,193,2024-10-02,0,2024,10,4,Thứ Tư
1723,768,2023-03-29,0,2023,3,1,Thứ Tư
1724,404,2023-10-11,0,2023,10,4,Thứ Tư
1725,345,2023-04-12,0,2023,4,2,Thứ Tư
1726,754,2024-04-14,0,2024,4,2,Chủ Nhật
1727,116,2023-12-19,0,2023,12,4,Thứ Ba
1728,617,2024-05-05,0,2024,5,2,Chủ Nhật
1729,690,2023-05-22,0,2023,5,2,Thứ Hai
1730,537,2024-09-02,0,2024,9,3,Thứ Hai
1731,521,2023-05-04,0,2023,5,2,Thứ Năm
1732,219,2024-07-22,850,2024,7,3,Thứ Hai
1733,717,2024-09-06,0,2024,9,3,Thứ Sáu
1734,116,2024-02-11,0,2024,2,1,Chủ Nhật
1735,416,2023-07-15,375,2023,7,3,Thứ Bảy
1736,580,2024-08-03,0,2024,8,3,Thứ Bảy
1737,597,2024-04-08,0,2024,4,2,Thứ Hai
1738,160,2023-08-21,0,2023,8,3,Thứ Hai
1739,59,2023-07-18,0,2023,7,3,Thứ Ba
1740,2,2024-07-11,0,2024,7,3,Thứ Năm
1741,500,2024-09-30,0,2024,9,3,Thứ Hai
1742,771,2024-08-07,0,2024,8,3,Thứ Tư
1743,8,2024-02-23,0,2024,2,1,Thứ Sáu
1744,308,2024-10-19,0,2024,10,4,Thứ Bảy
1745,337,2023-03-27,0,2023,3,1,Thứ Hai
1746,122,2023-03-13,0,2023,3,1,Thứ Hai
1747,32,2024-06-26,0,2024,6,2,Thứ Tư
1748,730,2024-12-26,0,2024,12,4,Thứ Năm
1749,787,2023-04-21,0,2023,4,2,Thứ Sáu
1750,673,2023-07-19,0,2023,7,3,Thứ Tư
1751,710,2024-11-08,0,2024,11,4,Thứ Sáu
1752,512,2024-09-15,0,2024,9,3,Chủ Nhật
1753,391,2024-04-28,0,2024,4,2,Chủ Nhật
1754,781,2024-05-15,0,2024,5,2,Thứ Tư
1755,14,2023-07-06,0,2023,7,3,Thứ Năm
1756,445,2024-11-10,0,2024,11,4,Chủ Nhật
1757,183,2023-12-07,0,2023,12,4,Thứ Năm
1758,498,2024-01-09,0,2024,1,1,Thứ Ba
1759,473,2024-10-18,0,2024,10,4,Thứ Sáu
1760,109,2023-10-16,0,2023,10,4,Thứ Hai
1761,330,2024-10-26,97,2024,10,4,Thứ Bảy
1762,184,2024-04-26,323,2024,4,2,Thứ Sáu
1763,392,2023-01-08,0,2023,1,1,Chủ Nhật
1764,83,2024-09-22,0,2024,9,3,Chủ Nhật
1765,130,2024-09-11,0,2024,9,3,Thứ Tư
1766,725,2024-08-26,0,2024,8,3,Thứ Hai
1767,217,2024-02-08,0,2024,2,1,Thứ Năm
1768,139,2024-07-13,300,2024,7,3,Thứ Bảy
1769,616,2023-04-09,0,2023,4,2,Chủ Nhật
1770,127,2024-06-14,0,2024,6,2,Thứ Sáu
1771,719,2024-06-04,252,2024,6,2,Thứ Ba
1772,280,2024-07-19,0,2024,7,3,Thứ Sáu
1773,760,2024-10-18,0,2024,10,4,Thứ Sáu
1774,582,2023-04-17,0,2023,4,2,Thứ Hai
1775,503,2023-02-06,0,2023,2,1,Thứ Hai
1776,124,2023-03-20,0,2023,3,1,Thứ Hai
1777,223,2024-10-12,0,2024,10,4,Thứ Bảy
1778,238,2023-10-04,0,2023,10,4,Thứ Tư
1779,136,2024-05-27,0,2024,5,2,Thứ Hai
1780,49,2023-11-07,0,2023,11,4,Thứ Ba
1781,388,2024-01-24,0,2024,1,1,Thứ Tư
1782,414,2024-12-16,0,2024,12,4,Thứ Hai
1783,12,2023-02-05,0,2023,2,1,Chủ Nhật
1784,511,2023-12-30,0,2023,12,4,Thứ Bảy
1785,395,2024-10-28,0,2024,10,4,Thứ Hai
1786,773,2024-12-01,0,2024,12,4,Chủ Nhật
1787,136,2024-06-13,0,2024,6,2,Thứ Năm
1788,731,2023-06-20,0,2023,6,2,Thứ Ba
1789,191,2023-10-18,0,2023,10,4,Thứ Tư
1790,196,2024-01-30,0,2024,1,1,Thứ Ba
1791,158,2023-04-06,0,2023,4,2,Thứ Năm
1792,584,2024-01-16,0,2024,1,1,Thứ Ba
1793,252,2024-07-02,0,2024,7,3,Thứ Ba
1794,572,2024-08-13,0,2024,8,3,Thứ Ba
1795,31,2024-10-14,0,2024,10,4,Thứ Hai
1796,53,2024-01-24,0,2024,1,1,Thứ Tư
1797,742,2023-01-05,0,2023,1,1,Thứ Năm
1798,730,2023-01-08,0,2023,1,1,Chủ Nhật
1799,660,2024-08-11,0,2024,8,3,Chủ Nhật
1800,142,2024-06-30,0,2024,6,2,Chủ Nhật
1801,781,2023-03-30,0,2023,3,1,Thứ Năm
1802,481,2024-05-24,0,2024,5,2,Thứ Sáu
1803,41,2023-02-09,0,2023,2,1,Thứ Năm
1804,326,2024-10-07,0,2024,10,4,Thứ Hai
1805,436,2023-06-05,0,2023,6,2,Thứ Hai
1806,574,2023-06-15,0,2023,6,2,Thứ Năm
1807,32,2024-02-25,0,2024,2,1,Chủ Nhật
1808,225,2023-11-30,0,2023,11,4,Thứ Năm
1809,498,2024-06-23,0,2024,6,2,Chủ Nhật
1810,648,2023-03-12,600,2023,3,1,Chủ Nhật
1811,612,2024-09-16,0,2024,9,3,Thứ Hai
1812,406,2024-07-17,0,2024,7,3,Thứ Tư
1813,426,2023-10-10,0,2023,10,4,Thứ Ba
1814,404,2024-08-06,0,2024,8,3,Thứ Ba
1815,409,2023-10-10,0,2023,10,4,Thứ Ba
1816,598,2023-09-20,0,2023,9,3,Thứ Tư
1817,550,2023-06-22,0,2023,6,2,Thứ Năm
1818,172,2023-06-07,0,2023,6,2,Thứ Tư
1819,160,2023-03-11,0,2023,3,1,Thứ Bảy
1820,472,2024-08-22,0,2024,8,3,Thứ Năm
1821,19,2023-04-28,0,2023,4,2,Thứ Sáu
1822,301,2023-11-07,0,2023,11,4,Thứ Ba
1823,571,2023-06-16,0,2023,6,2,Thứ Sáu
1824,783,2024-08-28,0,2024,8,3,Thứ Tư
1825,745,2023-06-21,0,2023,6,2,Thứ Tư
1826,263,2023-12-24,0,2023,12,4,Chủ Nhật
1827,228,2024-11-07,0,2024,11,4,Thứ Năm
1828,435,2024-08-27,0,2024,8,3,Thứ Ba
1829,490,2024-05-15,0,2024,5,2,Thứ Tư
1830,607,2023-09-23,0,2023,9,3,Thứ Bảy
1831,424,2024-04-01,0,2024,4,2,Thứ Hai
1832,83,2023-05-26,0,2023,5,2,Thứ Sáu
1833,426,2024-12-26,0,2024,12,4,Thứ Năm
1834,9,2024-01-30,0,2024,1,1,Thứ Ba
1835,393,2023-02-17,0,2023,2,1,Thứ Sáu
1836,168,2023-07-01,0,2023,7,3,Thứ Bảy
1837,424,2024-07-14,0,2024,7,3,Chủ Nhật
1838,585,2023-04-20,0,2023,4,2,Thứ Năm
1839,633,2023-07-25,0,2023,7,3,Thứ Ba
1840,48,2024-04-27,0,2024,4,2,Thứ Bảy
1841,16,2024-03-15,0,2024,3,1,Thứ Sáu
1842,423,2023-05-09,0,2023,5,2,Thứ Ba
1843,462,2023-12-17,0,2023,12,4,Chủ Nhật
1844,730,2024-03-14,0,2024,3,1,Thứ Năm
1845,507,2024-01-09,0,2024,1,1,Thứ Ba
1846,459,2024-06-17,0,2024,6,2,Thứ Hai
1847,510,2024-06-03,390,2024,6,2,Thứ Hai
1848,583,2023-04-18,0,2023,4,2,Thứ Ba
1849,743,2024-12-31,0,2024,12,4,Thứ Ba
1850,289,2024-11-09,0,2024,11,4,Thứ Bảy
1851,251,2024-04-23,0,2024,4,2,Thứ Ba
1852,101,2024-02-07,0,2024,2,1,Thứ Tư
1853,467,2023-03-05,0,2023,3,1,Chủ Nhật
1854,19,2023-06-08,420,2023,6,2,Thứ Năm
1855,279,2023-02-04,0,2023,2,1,Thứ Bảy
1856,123,2024-03-10,0,2024,3,1,Chủ Nhật
1857,673,2024-01-17,0,2024,1,1,Thứ Tư
1858,479,2023-06-26,0,2023,6,2,Thứ Hai
1859,421,2024-04-12,0,2024,4,2,Thứ Sáu
1860,100,2023-02-23,0,2023,2,1,Thứ Năm
1861,502,2023-07-24,0,2023,7,3,Thứ Hai
1862,254,2023-05-03,0,2023,5,2,Thứ Tư
1863,38,2024-01-12,0,2024,1,1,Thứ Sáu
1864,190,2023-03-29,0,2023,3,1,Thứ Tư
1865,346,2023-12-30,952,2023,12,4,Thứ Bảy
1866,749,2023-11-30,0,2023,11,4,Thứ Năm
1867,91,2024-06-02,0,2024,6,2,Chủ Nhật
1868,271,2024-08-03,0,2024,8,3,Thứ Bảy
1869,397,2024-02-06,0,2024,2,1,Thứ Ba
1870,399,2024-03-12,0,2024,3,1,Thứ Ba
1871,237,2023-06-24,0,2023,6,2,Thứ Bảy
1872,346,2023-04-22,0,2023,4,2,Thứ Bảy
1873,708,2024-06-21,0,2024,6,2,Thứ Sáu
1874,766,2024-08-17,0,2024,8,3,Thứ Bảy
1875,214,2023-03-16,0,2023,3,1,Thứ Năm
1876,362,2024-03-11,385,2024,3,1,Thứ Hai
1877,779,2023-09-20,0,2023,9,3,Thứ Tư
1878,748,2024-04-17,0,2024,4,2,Thứ Tư
1879,641,2023-03-15,0,2023,3,1,Thứ Tư
1880,525,2023-07-30,0,2023,7,3,Chủ Nhật
1881,464,2023-12-02,0,2023,12,4,Thứ Bảy
1882,361,2023-09-13,0,2023,9,3,Thứ Tư
1883,342,2023-09-08,0,2023,9,3,Thứ Sáu
1884,789,2024-04-07,0,2024,4,2,Chủ Nhật
1885,497,2024-05-02,0,2024,5,2,Thứ Năm
1886,662,2024-10-13,0,2024,10,4,Chủ Nhật
1887,779,2023-08-19,0,2023,8,3,Thứ Bảy
1888,116,2024-07-01,0,2024,7,3,Thứ Hai
1889,778,2024-06-12,0,2024,6,2,Thứ Tư
1890,525,2024-07-08,0,2024,7,3,Thứ Hai
1891,164,2024-09-24,0,2024,9,3,Thứ Ba
1892,142,2024-09-20,0,2024,9,3,Thứ Sáu
1893,318,2024-07-06,0,2024,7,3,Thứ Bảy
1894,290,2023-10-02,0,2023,10,4,Thứ Hai
1895,420,2024-10-28,0,2024,10,4,Thứ Hai
1896,415,2024-07-27,0,2024,7,3,Thứ Bảy
1897,406,2023-03-08,0,2023,3,1,Thứ Tư
1898,345,2023-04-29,0,2023,4,2,Thứ Bảy
1899,185,2024-05-15,0,2024,5,2,Thứ Tư
1900,151,2024-05-03,0,2024,5,2,Thứ Sáu
1901,470,2023-03-13,0,2023,3,1,Thứ Hai
1902,197,2024-09-27,0,2024,9,3,Thứ Sáu
1903,530,2024-04-21,0,2024,4,2,Chủ Nhật
1904,51,2024-02-08,0,2024,2,1,Thứ Năm
1905,143,2023-01-08,0,2023,1,1,Chủ Nhật
1906,24,2023-05-17,602,2023,5,2,Thứ Tư
1907,708,2024-10-22,0,2024,10,4,Thứ Ba
1908,205,2023-05-05,0,2023,5,2,Thứ Sáu
1909,112,2023-04-26,920,2023,4,2,Thứ Tư
1910,729,2024-01-22,0,2024,1,1,Thứ Hai
1911,652,2023-09-20,0,2023,9,3,Thứ Tư
1912,731,2024-12-02,0,2024,12,4,Thứ Hai
1913,539,2023-10-22,0,2023,10,4,Chủ Nhật
1914,357,2023-01-22,0,2023,1,1,Chủ Nhật
1915,717,2024-02-13,0,2024,2,1,Thứ Ba
1916,675,2024-05-05,0,2024,5,2,Chủ Nhật
1917,473,2023-03-08,0,2023,3,1,Thứ Tư
1918,279,2024-06-01,0,2024,6,2,Thứ Bảy
1919,475,2023-04-18,954,2023,4,2,Thứ Ba
1920,307,2024-06-26,0,2024,6,2,Thứ Tư
1921,306,2024-09-08,0,2024,9,3,Chủ Nhật
1922,229,2024-09-22,0,2024,9,3,Chủ Nhật
1923,323,2024-10-28,0,2024,10,4,Thứ Hai
1924,142,2023-02-03,0,2023,2,1,Thứ Sáu
1925,486,2023-07-23,0,2023,7,3,Chủ Nhật
1926,491,2023-04-06,0,2023,4,2,Thứ Năm
1927,611,2024-12-24,0,2024,12,4,Thứ Ba
1928,572,2023-09-10,0,2023,9,3,Chủ Nhật
1929,90,2024-01-20,0,2024,1,1,Thứ Bảy
1930,207,2023-05-12,0,2023,5,2,Thứ Sáu
1931,86,2024-07-17,0,2024,7,3,Thứ Tư
1932,623,2023-09-20,0,2023,9,3,Thứ Tư
1933,326,2024-11-25,0,2024,11,4,Thứ Hai
1934,26,2024-09-07,0,2024,9,3,Thứ Bảy
1935,43,2024-06-07,0,2024,6,2,Thứ Sáu
1936,328,2024-03-05,0,2024,3,1,Thứ Ba
1937,593,2024-10-29,0,2024,10,4,Thứ Ba
1938,289,2023-05-08,800,2023,5,2,Thứ Hai
1939,252,2023-02-06,0,2023,2,1,Thứ Hai
1940,732,2023-08-05,0,2023,8,3,Thứ Bảy
1941,564,2024-08-15,140,2024,8,3,Thứ Năm
1942,785,2023-06-18,0,2023,6,2,Chủ Nhật
1943,182,2024-01-16,0,2024,1,1,Thứ Ba
1944,724,2024-10-01,0,2024,10,4,Thứ Ba
1945,204,2023-10-11,0,2023,10,4,Thứ Tư
1946,529,2023-01-01,0,2023,1,1,Chủ Nhật
1947,219,2023-08-10,0,2023,8,3,Thứ Năm
1948,697,2023-12-30,0,2023,12,4,Thứ Bảy
1949,193,2023-03-30,0,2023,3,1,Thứ Năm
1950,603,2024-12-04,765,2024,12,4,Thứ Tư
1951,111,2023-04-26,0,2023,4,2,Thứ Tư
1952,73,2024-06-08,0,2024,6,2,Thứ Bảy
1953,120,2024-08-17,0,2024,8,3,Thứ Bảy
1954,115,2024-09-27,0,2024,9,3,Thứ Sáu
1955,39,2024-06-24,0,2024,6,2,Thứ Hai
1956,522,2024-05-26,0,2024,5,2,Chủ Nhật
1957,48,2024-02-21,0,2024,2,1,Thứ Tư
1958,587,2024-10-04,0,2024,10,4,Thứ Sáu
1959,367,2023-09-19,0,2023,9,3,Thứ Ba
1960,446,2023-11-22,0,2023,11,4,Thứ Tư
1961,752,2024-07-14,840,2024,7,3,Chủ Nhật
1962,434,2024-04-20,0,2024,4,2,Thứ Bảy
1963,73,2023-02-12,0,2023,2,1,Chủ Nhật
1964,35,2024-06-07,0,2024,6,2,Thứ Sáu
1965,27,2023-02-28,0,2023,2,1,Thứ Ba
1966,51,2023-09-30,0,2023,9,3,Thứ Bảy
1967,386,2023-09-24,0,2023,9,3,Chủ Nhật
1968,156,2023-09-14,0,2023,9,3,Thứ Năm
1969,30,2024-12-20,0,2024,12,4,Thứ Sáu
1970,187,2024-09-21,0,2024,9,3,Thứ Bảy
1971,779,2024-08-31,0,2024,8,3,Thứ Bảy
1972,312,2023-05-14,0,2023,5,2,Chủ Nhật
1973,512,2023-10-08,952,2023,10,4,Chủ Nhật
1974,549,2024-10-16,0,2024,10,4,Thứ Tư
1975,716,2024-11-05,0,2024,11,4,Thứ Ba
1976,30,2023-03-22,0,2023,3,1,Thứ Tư
1977,284,2024-04-03,0,2024,4,2,Thứ Tư
1978,78,2023-04-03,0,2023,4,2,Thứ Hai
1979,629,2024-04-19,0,2024,4,2,Thứ Sáu
1980,596,2023-01-06,0,2023,1,1,Thứ Sáu
1981,641,2023-10-16,0,2023,10,4,Thứ Hai
1982,609,2023-07-06,0,2023,7,3,Thứ Năm
1983,538,2024-06-30,0,2024,6,2,Chủ Nhật
1984,588,2024-03-25,0,2024,3,1,Thứ Hai
1985,304,2023-03-12,0,2023,3,1,Chủ Nhật
1986,789,2024-11-26,0,2024,11,4,Thứ Ba
1987,616,2023-02-16,0,2023,2,1,Thứ Năm
1988,302,2024-01-19,0,2024,1,1,Thứ Sáu
1989,166,2024-10-25,0,2024,10,4,Thứ Sáu
1990,524,2023-06-22,0,2023,6,2,Thứ Năm
1991,149,2024-07-25,0,2024,7,3,Thứ Năm
1992,45,2024-12-18,0,2024,12,4,Thứ Tư
1993,346,2024-10-02,0,2024,10,4,Thứ Tư
1994,169,2024-02-07,0,2024,2,1,Thứ Tư
1995,343,2024-05-06,504,2024,5,2,Thứ Hai
1996,599,2023-07-14,0,2023,7,3,Thứ Sáu
1997,147,2023-04-05,0,2023,4,2,Thứ Tư
1998,561,2024-08-25,0,2024,8,3,Chủ Nhật
1999,687,2023-03-05,0,2023,3,1,Chủ Nhật
2000,295,2024-01-24,0,2024,1,1,Thứ Tư
2001,86,2023-03-09,0,2023,3,1,Thứ Năm
2002,426,2023-06-02,0,2023,6,2,Thứ Sáu
2003,653,2024-11-16,0,2024,11,4,Thứ Bảy
2004,435,2023-06-15,0,2023,6,2,Thứ Năm
2005,749,2024-06-20,0,2024,6,2,Thứ Năm
2006,616,2024-01-26,0,2024,1,1,Thứ Sáu
2007,726,2024-05-12,0,2024,5,2,Chủ Nhật
2008,62,2023-10-26,0,2023,10,4,Thứ Năm
2009,151,2024-09-26,0,2024,9,3,Thứ Năm
2010,311,2023-12-24,0,2023,12,4,Chủ Nhật
2011,173,2023-09-04,0,2023,9,3,Thứ Hai
2012,350,2023-07-15,0,2023,7,3,Thứ Bảy
2013,663,2024-10-22,0,2024,10,4,Thứ Ba
2014,27,2024-02-29,0,2024,2,1,Thứ Năm
2015,344,2023-03-26,0,2023,3,1,Chủ Nhật
2016,420,2024-06-14,0,2024,6,2,Thứ Sáu
2017,778,2024-01-19,0,2024,1,1,Thứ Sáu
2018,230,2023-08-30,0,2023,8,3,Thứ Tư
2019,701,2023-06-22,0,2023,6,2,Thứ Năm
2020,27,2024-07-10,0,2024,7,3,Thứ Tư
2021,448,2024-07-06,0,2024,7,3,Thứ Bảy
2022,359,2024-06-17,0,2024,6,2,Thứ Hai
2023,434,2024-06-05,0,2024,6,2,Thứ Tư
2024,212,2024-10-09,0,2024,10,4,Thứ Tư
2025,94,2023-12-02,0,2023,12,4,Thứ Bảy
2026,556,2024-01-31,0,2024,1,1,Thứ Tư
2027,444,2024-05-20,0,2024,5,2,Thứ Hai
2028,71,2024-07-22,0,2024,7,3,Thứ Hai
2029,449,2023-08-03,0,2023,8,3,Thứ Năm
2030,540,2023-06-17,0,2023,6,2,Thứ Bảy
2031,162,2024-02-03,0,2024,2,1,Thứ Bảy
2032,47,2023-05-16,0,2023,5,2,Thứ Ba
2033,19,2024-12-02,0,2024,12,4,Thứ Hai
2034,188,2023-06-02,0,2023,6,2,Thứ Sáu
2035,468,2023-04-05,0,2023,4,2,Thứ Tư
2036,220,2023-07-16,0,2023,7,3,Chủ Nhật
2037,361,2024-05-19,0,2024,5,2,Chủ Nhật
2038,706,2024-02-04,0,2024,2,1,Chủ Nhật
2039,456,2024-03-18,0,2024,3,1,Thứ Hai
2040,98,2024-09-04,0,2024,9,3,Thứ Tư
2041,305,2024-02-05,0,2024,2,1,Thứ Hai
2042,394,2024-11-05,0,2024,11,4,Thứ Ba
2043,23,2023-05-18,0,2023,5,2,Thứ Năm
2044,425,2023-04-17,0,2023,4,2,Thứ Hai
2045,534,2023-10-21,0,2023,10,4,Thứ Bảy
2046,481,2024-05-01,0,2024,5,2,Thứ Tư
2047,487,2023-08-25,0,2023,8,3,Thứ Sáu
2048,693,2023-12-06,0,2023,12,4,Thứ Tư
2049,642,2023-12-07,0,2023,12,4,Thứ Năm
2050,153,2024-12-05,0,2024,12,4,Thứ Năm
2051,672,2024-09-08,0,2024,9,3,Chủ Nhật
2052,434,2024-07-07,0,2024,7,3,Chủ Nhật
2053,61,2024-03-06,42,2024,3,1,Thứ Tư
2054,595,2023-04-07,0,2023,4,2,Thứ Sáu
2055,254,2024-07-28,0,2024,7,3,Chủ Nhật
2056,686,2024-01-02,0,2024,1,1,Thứ Ba
2057,777,2023-02-19,0,2023,2,1,Chủ Nhật
2058,290,2023-05-29,0,2023,5,2,Thứ Hai
2059,253,2024-12-29,0,2024,12,4,Chủ Nhật
2060,743,2024-07-08,0,2024,7,3,Thứ Hai
2061,775,2024-09-12,0,2024,9,3,Thứ Năm
2062,321,2023-07-07,0,2023,7,3,Thứ Sáu
2063,295,2024-08-09,0,2024,8,3,Thứ Sáu
2064,336,2023-02-16,0,2023,2,1,Thứ Năm
2065,1,2024-06-14,0,2024,6,2,Thứ Sáu
2066,308,2023-07-01,0,2023,7,3,Thứ Bảy
2067,74,2024-03-03,0,2024,3,1,Chủ Nhật
2068,621,2024-08-22,0,2024,8,3,Thứ Năm
2069,180,2023-05-19,0,2023,5,2,Thứ Sáu
2070,676,2024-10-28,0,2024,10,4,Thứ Hai
2071,385,2024-05-14,0,2024,5,2,Thứ Ba
2072,582,2023-12-31,0,2023,12,4,Chủ Nhật
2073,417,2024-05-27,0,2024,5,2,Thứ Hai
2074,559,2024-01-01,0,2024,1,1,Thứ Hai
2075,766,2024-08-01,215,2024,8,3,Thứ Năm
2076,745,2023-01-27,0,2023,1,1,Thứ Sáu
2077,191,2024-04-21,0,2024,4,2,Chủ Nhật
2078,360,2023-09-22,0,2023,9,3,Thứ Sáu
2079,637,2023-05-01,0,2023,5,2,Thứ Hai
2080,8,2024-05-11,0,2024,5,2,Thứ Bảy
2081,771,2024-09-27,0,2024,9,3,Thứ Sáu
2082,400,2024-06-21,0,2024,6,2,Thứ Sáu
2083,707,2023-05-24,0,2023,5,2,Thứ Tư
2084,191,2024-05-09,775,2024,5,2,Thứ Năm
2085,143,2024-05-18,775,2024,5,2,Thứ Bảy
2086,419,2023-04-28,0,2023,4,2,Thứ Sáu
2087,783,2024-04-19,0,2024,4,2,Thứ Sáu
2088,734,2024-09-10,0,2024,9,3,Thứ Ba
2089,286,2024-11-02,0,2024,11,4,Thứ Bảy
2090,740,2024-05-27,0,2024,5,2,Thứ Hai
2091,113,2024-09-17,0,2024,9,3,Thứ Ba
2092,341,2024-06-09,0,2024,6,2,Chủ Nhật
2093,171,2023-11-25,0,2023,11,4,Thứ Bảy
2094,365,2024-11-03,0,2024,11,4,Chủ Nhật
2095,463,2024-01-19,0,2024,1,1,Thứ Sáu
2096,425,2024-05-13,0,2024,5,2,Thứ Hai
2097,565,2024-03-07,0,2024,3,1,Thứ Năm
2098,558,2024-12-21,588,2024,12,4,Thứ Bảy
2099,521,2023-11-04,0,2023,11,4,Thứ Bảy
2100,254,2023-07-17,0,2023,7,3,Thứ Hai
2101,374,2024-08-27,0,2024,8,3,Thứ Ba
2102,493,2023-04-18,0,2023,4,2,Thứ Ba
2103,185,2024-08-05,0,2024,8,3,Thứ Hai
2104,591,2023-07-17,0,2023,7,3,Thứ Hai
2105,593,2024-12-10,0,2024,12,4,Thứ Ba
2106,767,2024-04-07,0,2024,4,2,Chủ Nhật
2107,356,2023-06-06,0,2023,6,2,Thứ Ba
2108,445,2024-04-28,0,2024,4,2,Chủ Nhật
2109,14,2023-06-22,0,2023,6,2,Thứ Năm
2110,38,2023-07-16,0,2023,7,3,Chủ Nhật
2111,512,2024-04-11,0,2024,4,2,Thứ Năm
2112,514,2024-04-12,0,2024,4,2,Thứ Sáu
2113,666,2024-02-02,0,2024,2,1,Thứ Sáu
2114,72,2023-02-24,0,2023,2,1,Thứ Sáu
2115,312,2023-07-08,0,2023,7,3,Thứ Bảy
2116,21,2023-02-05,0,2023,2,1,Chủ Nhật
2117,269,2023-12-08,0,2023,12,4,Thứ Sáu
2118,106,2023-06-23,0,2023,6,2,Thứ Sáu
2119,265,2024-12-17,0,2024,12,4,Thứ Ba
2120,248,2023-12-12,0,2023,12,4,Thứ Ba
2121,149,2024-08-03,0,2024,8,3,Thứ Bảy
2122,424,2023-10-05,0,2023,10,4,Thứ Năm
2123,281,2023-06-03,0,2023,6,2,Thứ Bảy
2124,656,2024-11-10,0,2024,11,4,Chủ Nhật
2125,362,2024-11-17,0,2024,11,4,Chủ Nhật
2126,666,2023-03-25,0,2023,3,1,Thứ Bảy
2127,529,2024-06-26,0,2024,6,2,Thứ Tư
2128,234,2024-02-14,0,2024,2,1,Thứ Tư
2129,417,2024-02-26,0,2024,2,1,Thứ Hai
2130,384,2024-09-02,476,2024,9,3,Thứ Hai
2131,351,2023-09-10,0,2023,9,3,Chủ Nhật
2132,531,2024-04-01,737,2024,4,2,Thứ Hai
2133,451,2024-09-06,0,2024,9,3,Thứ Sáu
2134,141,2024-12-23,0,2024,12,4,Thứ Hai
2135,480,2023-08-08,0,2023,8,3,Thứ Ba
2136,81,2023-11-14,0,2023,11,4,Thứ Ba
2137,605,2023-02-21,0,2023,2,1,Thứ Ba
2138,176,2023-05-31,0,2023,5,2,Thứ Tư
2139,358,2024-01-04,0,2024,1,1,Thứ Năm
2140,398,2024-07-10,0,2024,7,3,Thứ Tư
2141,127,2024-06-21,0,2024,6,2,Thứ Sáu
2142,792,2024-11-22,0,2024,11,4,Thứ Sáu
2143,299,2024-03-10,55,2024,3,1,Chủ Nhật
2144,244,2023-04-23,0,2023,4,2,Chủ Nhật
2145,375,2024-02-07,365,2024,2,1,Thứ Tư
2146,416,2023-10-08,0,2023,10,4,Chủ Nhật
2147,590,2024-02-13,770,2024,2,1,Thứ Ba
2148,15,2024-05-05,0,2024,5,2,Chủ Nhật
2149,236,2023-05-01,0,2023,5,2,Thứ Hai
2150,428,2023-05-18,0,2023,5,2,Thứ Năm
2151,571,2023-01-21,0,2023,1,1,Thứ Bảy
2152,173,2023-10-03,0,2023,10,4,Thứ Ba
2153,583,2024-02-06,0,2024,2,1,Thứ Ba
2154,170,2024-11-01,0,2024,11,4,Thứ Sáu
2155,514,2023-04-25,0,2023,4,2,Thứ Ba
2156,114,2023-05-29,0,2023,5,2,Thứ Hai
2157,658,2024-07-25,0,2024,7,3,Thứ Năm
2158,746,2023-01-09,0,2023,1,1,Thứ Hai
2159,490,2024-03-25,0,2024,3,1,Thứ Hai
2160,675,2023-02-18,0,2023,2,1,Thứ Bảy
2161,586,2024-09-07,0,2024,9,3,Thứ Bảy
2162,78,2023-04-30,0,2023,4,2,Chủ Nhật
2163,142,2024-07-04,0,2024,7,3,Thứ Năm
2164,55,2024-03-03,0,2024,3,1,Chủ Nhật
2165,709,2023-09-11,0,2023,9,3,Thứ Hai
2166,23,2023-01-27,0,2023,1,1,Thứ Sáu
2167,454,2023-02-17,0,2023,2,1,Thứ Sáu
2168,96,2023-02-15,0,2023,2,1,Thứ Tư
2169,644,2024-07-19,0,2024,7,3,Thứ Sáu
2170,337,2023-11-13,0,2023,11,4,Thứ Hai
2171,800,2023-01-15,0,2023,1,1,Chủ Nhật
2172,457,2024-09-16,0,2024,9,3,Thứ Hai
2173,792,2023-10-26,0,2023,10,4,Thứ Năm
2174,1,2024-11-07,0,2024,11,4,Thứ Năm
2175,328,2023-06-10,0,2023,6,2,Thứ Bảy
2176,352,2024-03-16,0,2024,3,1,Thứ Bảy
2177,247,2023-10-28,0,2023,10,4,Thứ Bảy
2178,644,2023-07-11,0,2023,7,3,Thứ Ba
2179,19,2023-01-06,0,2023,1,1,Thứ Sáu
2180,625,2024-01-02,0,2024,1,1,Thứ Ba
2181,756,2024-03-06,0,2024,3,1,Thứ Tư
2182,174,2024-02-23,0,2024,2,1,Thứ Sáu
2183,675,2024-04-27,0,2024,4,2,Thứ Bảy
2184,284,2024-11-26,0,2024,11,4,Thứ Ba
2185,120,2024-12-23,722,2024,12,4,Thứ Hai
2186,589,2023-10-13,0,2023,10,4,Thứ Sáu
2187,325,2024-03-05,0,2024,3,1,Thứ Ba
2188,549,2024-12-16,0,2024,12,4,Thứ Hai
2189,669,2023-10-10,0,2023,10,4,Thứ Ba
2190,675,2023-09-20,0,2023,9,3,Thứ Tư
2191,462,2024-07-15,0,2024,7,3,Thứ Hai
2192,22,2024-09-06,0,2024,9,3,Thứ Sáu
2193,191,2023-08-27,0,2023,8,3,Chủ Nhật
2194,261,2024-08-17,0,2024,8,3,Thứ Bảy
2195,713,2024-02-07,0,2024,2,1,Thứ Tư
2196,185,2023-08-20,0,2023,8,3,Chủ Nhật
2197,181,2024-08-23,0,2024,8,3,Thứ Sáu
2198,33,2023-12-27,0,2023,12,4,Thứ Tư
2199,619,2023-09-10,0,2023,9,3,Chủ Nhật
2200,293,2024-04-12,0,2024,4,2,Thứ Sáu
2201,608,2024-01-20,0,2024,1,1,Thứ Bảy
2202,66,2024-05-03,0,2024,5,2,Thứ Sáu
2203,468,2024-09-18,0,2024,9,3,Thứ Tư
2204,723,2023-08-28,0,2023,8,3,Thứ Hai
2205,24,2024-09-17,0,2024,9,3,Thứ Ba
2206,315,2024-05-01,0,2024,5,2,Thứ Tư
2207,589,2024-01-21,0,2024,1,1,Chủ Nhật
2208,174,2024-03-24,0,2024,3,1,Chủ Nhật
2209,748,2024-06-09,0,2024,6,2,Chủ Nhật
2210,98,2024-10-13,0,2024,10,4,Chủ Nhật
2211,572,2023-11-20,0,2023,11,4,Thứ Hai
2212,303,2023-02-15,0,2023,2,1,Thứ Tư
2213,254,2023-07-18,0,2023,7,3,Thứ Ba
2214,738,2024-02-20,0,2024,2,1,Thứ Ba
2215,578,2024-04-30,0,2024,4,2,Thứ Ba
2216,375,2024-03-04,0,2024,3,1,Thứ Hai
2217,734,2023-01-03,0,2023,1,1,Thứ Ba
2218,7,2023-03-03,700,2023,3,1,Thứ Sáu
2219,714,2024-09-05,0,2024,9,3,Thứ Năm
2220,486,2023-05-28,0,2023,5,2,Chủ Nhật
2221,402,2024-06-25,0,2024,6,2,Thứ Ba
2222,662,2023-06-20,0,2023,6,2,Thứ Ba
2223,343,2024-12-13,0,2024,12,4,Thứ Sáu
2224,266,2024-11-06,0,2024,11,4,Thứ Tư
2225,258,2023-12-09,0,2023,12,4,Thứ Bảy
2226,579,2024-12-09,624,2024,12,4,Thứ Hai
2227,579,2023-07-27,0,2023,7,3,Thứ Năm
2228,651,2023-12-28,0,2023,12,4,Thứ Năm
2229,258,2023-04-16,0,2023,4,2,Chủ Nhật
2230,256,2023-01-25,0,2023,1,1,Thứ Tư
2231,189,2023-06-27,0,2023,6,2,Thứ Ba
2232,172,2024-01-21,0,2024,1,1,Chủ Nhật
2233,400,2023-08-28,0,2023,8,3,Thứ Hai
2234,413,2024-10-06,0,2024,10,4,Chủ Nhật
2235,653,2023-05-18,0,2023,5,2,Thứ Năm
2236,690,2024-09-03,0,2024,9,3,Thứ Ba
2237,427,2023-12-08,0,2023,12,4,Thứ Sáu
2238,456,2023-05-13,0,2023,5,2,Thứ Bảy
2239,140,2024-03-07,0,2024,3,1,Thứ Năm
2240,138,2023-04-30,0,2023,4,2,Chủ Nhật
2241,177,2023-03-20,0,2023,3,1,Thứ Hai
2242,257,2023-03-13,0,2023,3,1,Thứ Hai
2243,391,2024-09-18,0,2024,9,3,Thứ Tư
2244,257,2023-11-28,0,2023,11,4,Thứ Ba
2245,426,2024-03-15,234,2024,3,1,Thứ Sáu
2246,454,2023-03-23,0,2023,3,1,Thứ Năm
2247,240,2023-07-08,532,2023,7,3,Thứ Bảy
2248,623,2023-03-10,0,2023,3,1,Thứ Sáu
2249,533,2024-10-22,0,2024,10,4,Thứ Ba
2250,628,2024-05-30,0,2024,5,2,Thứ Năm
2251,401,2024-10-26,0,2024,10,4,Thứ Bảy
2252,777,2024-09-19,0,2024,9,3,Thứ Năm
2253,178,2024-05-24,0,2024,5,2,Thứ Sáu
2254,91,2023-09-02,0,2023,9,3,Thứ Bảy
2255,326,2023-08-06,0,2023,8,3,Chủ Nhật
2256,785,2023-08-22,0,2023,8,3,Thứ Ba
2257,747,2023-07-18,0,2023,7,3,Thứ Ba
2258,514,2023-11-15,0,2023,11,4,Thứ Tư
2259,9,2023-02-07,0,2023,2,1,Thứ Ba
2260,68,2023-01-09,0,2023,1,1,Thứ Hai
2261,24,2024-02-27,0,2024,2,1,Thứ Ba
2262,379,2023-01-12,0,2023,1,1,Thứ Năm
2263,341,2024-05-19,0,2024,5,2,Chủ Nhật
2264,469,2023-03-01,0,2023,3,1,Thứ Tư
2265,648,2024-07-11,0,2024,7,3,Thứ Năm
2266,678,2024-06-03,0,2024,6,2,Thứ Hai
2267,300,2024-05-26,0,2024,5,2,Chủ Nhật
2268,222,2023-04-13,0,2023,4,2,Thứ Năm
2269,6,2023-05-25,0,2023,5,2,Thứ Năm
2270,674,2024-11-09,0,2024,11,4,Thứ Bảy
2271,243,2023-04-01,0,2023,4,2,Thứ Bảy
2272,685,2023-01-13,0,2023,1,1,Thứ Sáu
2273,597,2024-09-05,0,2024,9,3,Thứ Năm
2274,669,2024-08-23,0,2024,8,3,Thứ Sáu
2275,660,2024-01-17,0,2024,1,1,Thứ Tư
2276,279,2023-05-17,70,2023,5,2,Thứ Tư
2277,367,2024-04-10,0,2024,4,2,Thứ Tư
2278,472,2024-05-28,0,2024,5,2,Thứ Ba
2279,171,2024-12-21,0,2024,12,4,Thứ Bảy
2280,188,2024-06-22,0,2024,6,2,Thứ Bảy
2281,216,2024-08-27,0,2024,8,3,Thứ Ba
2282,594,2024-12-25,0,2024,12,4,Thứ Tư
2283,303,2024-02-13,0,2024,2,1,Thứ Ba
2284,156,2023-09-05,0,2023,9,3,Thứ Ba
2285,650,2023-08-22,0,2023,8,3,Thứ Ba
2286,335,2024-04-21,0,2024,4,2,Chủ Nhật
2287,692,2024-12-25,0,2024,12,4,Thứ Tư
2288,105,2023-06-20,0,2023,6,2,Thứ Ba
2289,585,2024-08-20,0,2024,8,3,Thứ Ba
2290,726,2024-01-20,0,2024,1,1,Thứ Bảy
2291,129,2023-05-15,0,2023,5,2,Thứ Hai
2292,775,2024-12-25,0,2024,12,4,Thứ Tư
2293,248,2023-02-01,0,2023,2,1,Thứ Tư
2294,445,2024-01-19,0,2024,1,1,Thứ Sáu
2295,731,2023-11-06,0,2023,11,4,Thứ Hai
2296,616,2023-08-12,0,2023,8,3,Thứ Bảy
2297,500,2023-05-05,972,2023,5,2,Thứ Sáu
2298,652,2024-12-30,0,2024,12,4,Thứ Hai
2299,739,2023-05-05,0,2023,5,2,Thứ Sáu
2300,426,2024-07-03,660,2024,7,3,Thứ Tư
2301,149,2023-06-22,0,2023,6,2,Thứ Năm
2302,504,2024-04-23,0,2024,4,2,Thứ Ba
2303,21,2024-04-05,0,2024,4,2,Thứ Sáu
2304,771,2023-02-03,0,2023,2,1,Thứ Sáu
2305,602,2024-11-24,0,2024,11,4,Chủ Nhật
2306,623,2023-05-25,952,2023,5,2,Thứ Năm
2307,37,2023-11-07,0,2023,11,4,Thứ Ba
2308,573,2023-03-24,0,2023,3,1,Thứ Sáu
2309,150,2024-08-17,0,2024,8,3,Thứ Bảy
2310,487,2023-06-10,470,2023,6,2,Thứ Bảy
2311,618,2023-01-27,0,2023,1,1,Thứ Sáu
2312,137,2023-05-08,0,2023,5,2,Thứ Hai
2313,486,2024-10-07,0,2024,10,4,Thứ Hai
2314,532,2023-09-16,0,2023,9,3,Thứ Bảy
2315,742,2024-01-29,0,2024,1,1,Thứ Hai
2316,470,2024-05-14,0,2024,5,2,Thứ Ba
2317,460,2024-11-12,0,2024,11,4,Thứ Ba
2318,567,2024-12-03,0,2024,12,4,Thứ Ba
2319,152,2023-12-26,0,2023,12,4,Thứ Ba
2320,49,2023-04-08,0,2023,4,2,Thứ Bảy
2321,100,2024-11-26,0,2024,11,4,Thứ Ba
2322,525,2023-09-18,0,2023,9,3,Thứ Hai
2323,314,2023-07-05,0,2023,7,3,Thứ Tư
2324,310,2024-05-31,0,2024,5,2,Thứ Sáu
2325,676,2023-07-25,0,2023,7,3,Thứ Ba
2326,651,2023-05-03,0,2023,5,2,Thứ Tư
2327,415,2024-07-23,0,2024,7,3,Thứ Ba
2328,434,2024-03-20,0,2024,3,1,Thứ Tư
2329,352,2024-02-22,0,2024,2,1,Thứ Năm
2330,16,2023-07-22,0,2023,7,3,Thứ Bảy
2331,738,2023-02-25,0,2023,2,1,Thứ Bảy
2332,481,2023-12-20,0,2023,12,4,Thứ Tư
2333,678,2023-12-13,0,2023,12,4,Thứ Tư
2334,628,2023-05-03,0,2023,5,2,Thứ Tư
2335,144,2023-09-15,0,2023,9,3,Thứ Sáu
2336,642,2024-08-01,0,2024,8,3,Thứ Năm
2337,189,2023-02-01,0,2023,2,1,Thứ Tư
2338,25,2023-08-27,42,2023,8,3,Chủ Nhật
2339,736,2024-06-24,0,2024,6,2,Thứ Hai
2340,182,2024-04-10,0,2024,4,2,Thứ Tư
2341,133,2024-05-21,0,2024,5,2,Thứ Ba
2342,769,2024-03-24,189,2024,3,1,Chủ Nhật
2343,446,2024-04-12,0,2024,4,2,Thứ Sáu
2344,331,2024-01-16,0,2024,1,1,Thứ Ba
2345,51,2023-02-18,0,2023,2,1,Thứ Bảy
2346,537,2023-04-08,0,2023,4,2,Thứ Bảy
2347,658,2024-07-08,0,2024,7,3,Thứ Hai
2348,315,2024-02-15,36,2024,2,1,Thứ Năm
2349,385,2023-07-02,0,2023,7,3,Chủ Nhật
2350,608,2023-02-07,0,2023,2,1,Thứ Ba
2351,520,2024-11-02,0,2024,11,4,Thứ Bảy
2352,551,2023-08-05,0,2023,8,3,Thứ Bảy
2353,222,2024-07-12,0,2024,7,3,Thứ Sáu
2354,590,2023-03-28,0,2023,3,1,Thứ Ba
2355,765,2024-04-18,0,2024,4,2,Thứ Năm
2356,192,2024-10-07,0,2024,10,4,Thứ Hai
2357,140,2024-12-05,0,2024,12,4,Thứ Năm
2358,559,2023-11-02,0,2023,11,4,Thứ Năm
2359,781,2024-01-27,102,2024,1,1,Thứ Bảy
2360,222,2023-03-16,0,2023,3,1,Thứ Năm
2361,23,2024-06-11,0,2024,6,2,Thứ Ba
2362,375,2024-09-29,0,2024,9,3,Chủ Nhật
2363,539,2023-06-03,0,2023,6,2,Thứ Bảy
2364,113,2024-01-19,0,2024,1,1,Thứ Sáu
2365,9,2024-09-13,0,2024,9,3,Thứ Sáu
2366,323,2023-03-11,0,2023,3,1,Thứ Bảy
2367,80,2023-08-14,0,2023,8,3,Thứ Hai
2368,565,2024-04-04,0,2024,4,2,Thứ Năm
2369,81,2023-01-28,0,2023,1,1,Thứ Bảy
2370,789,2024-07-03,0,2024,7,3,Thứ Tư
2371,740,2024-12-04,0,2024,12,4,Thứ Tư
2372,49,2023-02-06,0,2023,2,1,Thứ Hai
2373,220,2023-12-22,0,2023,12,4,Thứ Sáu
2374,289,2024-03-16,0,2024,3,1,Thứ Bảy
2375,349,2024-10-25,0,2024,10,4,Thứ Sáu
2376,634,2023-08-06,0,2023,8,3,Chủ Nhật
2377,221,2024-03-25,0,2024,3,1,Thứ Hai
2378,133,2024-08-23,0,2024,8,3,Thứ Sáu
2379,66,2024-01-30,560,2024,1,1,Thứ Ba
2380,209,2023-09-21,0,2023,9,3,Thứ Năm
2381,339,2023-03-20,0,2023,3,1,Thứ Hai
2382,744,2024-09-21,0,2024,9,3,Thứ Bảy
2383,140,2024-01-29,204,2024,1,1,Thứ Hai
2384,234,2023-03-26,0,2023,3,1,Chủ Nhật
2385,22,2023-06-07,0,2023,6,2,Thứ Tư
2386,535,2024-08-28,0,2024,8,3,Thứ Tư
2387,477,2023-06-16,0,2023,6,2,Thứ Sáu
2388,771,2023-05-05,0,2023,5,2,Thứ Sáu
2389,664,2023-01-03,0,2023,1,1,Thứ Ba
2390,686,2023-03-21,0,2023,3,1,Thứ Ba
2391,233,2024-03-18,0,2024,3,1,Thứ Hai
2392,195,2024-02-07,0,2024,2,1,Thứ Tư
2393,716,2023-10-21,0,2023,10,4,Thứ Bảy
2394,542,2024-07-31,0,2024,7,3,Thứ Tư
2395,483,2023-05-26,578,2023,5,2,Thứ Sáu
2396,27,2023-09-21,0,2023,9,3,Thứ Năm
2397,318,2023-05-19,0,2023,5,2,Thứ Sáu
2398,183,2023-01-11,0,2023,1,1,Thứ Tư
2399,302,2024-05-02,0,2024,5,2,Thứ Năm
2400,166,2023-09-11,0,2023,9,3,Thứ Hai
2401,770,2024-11-08,0,2024,11,4,Thứ Sáu
2402,573,2024-09-13,0,2024,9,3,Thứ Sáu
2403,395,2023-10-27,0,2023,10,4,Thứ Sáu
2404,78,2023-09-10,0,2023,9,3,Chủ Nhật
2405,733,2023-08-17,0,2023,8,3,Thứ Năm
2406,226,2023-12-05,0,2023,12,4,Thứ Ba
2407,750,2024-10-04,0,2024,10,4,Thứ Sáu
2408,209,2024-01-11,0,2024,1,1,Thứ Năm
2409,526,2023-12-29,0,2023,12,4,Thứ Sáu
2410,314,2023-02-05,0,2023,2,1,Chủ Nhật
2411,464,2023-06-18,0,2023,6,2,Chủ Nhật
2412,475,2023-11-23,632,2023,11,4,Thứ Năm
2413,228,2024-06-20,0,2024,6,2,Thứ Năm
2414,338,2024-09-11,770,2024,9,3,Thứ Tư
2415,439,2024-03-03,0,2024,3,1,Chủ Nhật
2416,646,2024-12-30,0,2024,12,4,Thứ Hai
2417,247,2024-03-28,0,2024,3,1,Thứ Năm
2418,568,2024-11-29,210,2024,11,4,Thứ Sáu
2419,75,2023-03-23,0,2023,3,1,Thứ Năm
2420,575,2023-01-21,0,2023,1,1,Thứ Bảy
2421,414,2024-10-25,0,2024,10,4,Thứ Sáu
2422,622,2024-10-26,0,2024,10,4,Thứ Bảy
2423,727,2024-01-12,0,2024,1,1,Thứ Sáu
2424,668,2024-02-06,0,2024,2,1,Thứ Ba
2425,247,2023-05-05,0,2023,5,2,Thứ Sáu
2426,725,2024-07-25,0,2024,7,3,Thứ Năm
2427,292,2023-10-21,0,2023,10,4,Thứ Bảy
2428,754,2023-01-19,0,2023,1,1,Thứ Năm
2429,608,2024-02-04,0,2024,2,1,Chủ Nhật
2430,16,2024-04-25,0,2024,4,2,Thứ Năm
2431,441,2023-05-29,0,2023,5,2,Thứ Hai
2432,490,2023-02-28,0,2023,2,1,Thứ Ba
2433,433,2023-11-17,0,2023,11,4,Thứ Sáu
2434,230,2024-04-26,0,2024,4,2,Thứ Sáu
2435,259,2023-01-02,366,2023,1,1,Thứ Hai
2436,631,2023-01-27,0,2023,1,1,Thứ Sáu
2437,662,2024-09-22,0,2024,9,3,Chủ Nhật
2438,636,2023-02-25,416,2023,2,1,Thứ Bảy
2439,54,2023-04-17,0,2023,4,2,Thứ Hai
2440,657,2023-05-18,0,2023,5,2,Thứ Năm
2441,489,2023-05-10,0,2023,5,2,Thứ Tư
2442,351,2024-03-31,0,2024,3,1,Chủ Nhật
2443,784,2024-06-05,0,2024,6,2,Thứ Tư
2444,737,2023-03-03,0,2023,3,1,Thứ Sáu
2445,785,2023-08-19,0,2023,8,3,Thứ Bảy
2446,773,2024-10-10,0,2024,10,4,Thứ Năm
2447,557,2024-03-06,0,2024,3,1,Thứ Tư
2448,620,2024-07-23,0,2024,7,3,Thứ Ba
2449,714,2024-05-07,0,2024,5,2,Thứ Ba
2450,95,2023-09-10,0,2023,9,3,Chủ Nhật
2451,365,2023-01-07,0,2023,1,1,Thứ Bảy
2452,718,2024-07-15,0,2024,7,3,Thứ Hai
2453,381,2023-05-26,0,2023,5,2,Thứ Sáu
2454,18,2023-09-21,0,2023,9,3,Thứ Năm
2455,446,2024-09-14,0,2024,9,3,Thứ Bảy
2456,528,2024-04-19,0,2024,4,2,Thứ Sáu
2457,211,2024-11-23,0,2024,11,4,Thứ Bảy
2458,705,2023-06-09,0,2023,6,2,Thứ Sáu
2459,784,2024-09-01,0,2024,9,3,Chủ Nhật
2460,284,2023-09-21,0,2023,9,3,Thứ Năm
2461,631,2023-09-21,0,2023,9,3,Thứ Năm
2462,176,2023-07-16,0,2023,7,3,Chủ Nhật
2463,201,2023-02-12,0,2023,2,1,Chủ Nhật
2464,287,2023-08-10,0,2023,8,3,Thứ Năm
2465,598,2023-05-15,504,2023,5,2,Thứ Hai
2466,783,2023-02-04,0,2023,2,1,Thứ Bảy
2467,553,2023-12-29,0,2023,12,4,Thứ Sáu
2468,155,2024-09-29,0,2024,9,3,Chủ Nhật
2469,798,2023-05-23,0,2023,5,2,Thứ Ba
2470,595,2024-07-17,0,2024,7,3,Thứ Tư
2471,320,2024-11-09,506,2024,11,4,Thứ Bảy
2472,333,2023-08-04,0,2023,8,3,Thứ Sáu
2473,715,2024-12-31,0,2024,12,4,Thứ Ba
2474,96,2024-01-17,0,2024,1,1,Thứ Tư
2475,260,2024-09-04,0,2024,9,3,Thứ Tư
2476,371,2024-11-20,0,2024,11,4,Thứ Tư
2477,128,2023-03-02,0,2023,3,1,Thứ Năm
2478,480,2024-06-28,0,2024,6,2,Thứ Sáu
2479,400,2023-07-01,0,2023,7,3,Thứ Bảy
2480,670,2023-10-30,0,2023,10,4,Thứ Hai
2481,169,2023-01-07,0,2023,1,1,Thứ Bảy
2482,562,2024-03-25,0,2024,3,1,Thứ Hai
2483,545,2024-05-31,0,2024,5,2,Thứ Sáu
2484,660,2024-05-20,0,2024,5,2,Thứ Hai
2485,719,2023-01-25,0,2023,1,1,Thứ Tư
2486,459,2023-04-26,0,2023,4,2,Thứ Tư
2487,617,2024-01-12,0,2024,1,1,Thứ Sáu
2488,68,2024-09-11,0,2024,9,3,Thứ Tư
2489,530,2023-05-20,0,2023,5,2,Thứ Bảy
2490,646,2024-11-25,0,2024,11,4,Thứ Hai
2491,678,2024-10-25,0,2024,10,4,Thứ Sáu
2492,792,2024-06-06,0,2024,6,2,Thứ Năm
2493,796,2024-11-18,0,2024,11,4,Thứ Hai
2494,550,2023-02-05,0,2023,2,1,Chủ Nhật
2495,468,2023-08-30,0,2023,8,3,Thứ Tư
2496,35,2023-01-02,0,2023,1,1,Thứ Hai
2497,124,2024-06-12,0,2024,6,2,Thứ Tư
2498,184,2024-03-13,0,2024,3,1,Thứ Tư
2499,350,2023-07-21,0,2023,7,3,Thứ Sáu
2500,508,2024-06-11,0,2024,6,2,Thứ Ba
2501,772,2023-03-12,0,2023,3,1,Chủ Nhật
2502,203,2023-02-05,616,2023,2,1,Chủ Nhật
2503,722,2023-06-01,0,2023,6,2,Thứ Năm
2504,189,2023-12-14,0,2023,12,4,Thứ Năm
2505,563,2024-12-27,0,2024,12,4,Thứ Sáu
2506,687,2024-05-01,0,2024,5,2,Thứ Tư
2507,517,2024-05-16,0,2024,5,2,Thứ Năm
2508,396,2024-06-01,0,2024,6,2,Thứ Bảy
2509,611,2023-12-31,0,2023,12,4,Chủ Nhật
2510,556,2023-01-21,0,2023,1,1,Thứ Bảy
2511,592,2023-07-01,0,2023,7,3,Thứ Bảy
2512,544,2023-03-19,0,2023,3,1,Chủ Nhật
2513,764,2024-12-24,0,2024,12,4,Thứ Ba
2514,344,2023-09-10,0,2023,9,3,Chủ Nhật
2515,6,2024-02-21,0,2024,2,1,Thứ Tư
2516,216,2024-12-18,0,2024,12,4,Thứ Tư
2517,389,2023-08-11,0,2023,8,3,Thứ Sáu
2518,163,2023-05-31,0,2023,5,2,Thứ Tư
2519,490,2023-02-24,0,2023,2,1,Thứ Sáu
2520,788,2023-05-18,0,2023,5,2,Thứ Năm
2521,610,2023-03-06,0,2023,3,1,Thứ Hai
2522,150,2023-11-23,0,2023,11,4,Thứ Năm
2523,95,2023-01-08,0,2023,1,1,Chủ Nhật
2524,309,2024-07-13,0,2024,7,3,Thứ Bảy
2525,290,2023-08-07,0,2023,8,3,Thứ Hai
2526,724,2024-06-10,0,2024,6,2,Thứ Hai
2527,780,2023-01-15,0,2023,1,1,Chủ Nhật
2528,368,2024-02-10,0,2024,2,1,Thứ Bảy
2529,211,2023-07-31,0,2023,7,3,Thứ Hai
2530,714,2024-07-06,0,2024,7,3,Thứ Bảy
2531,420,2024-05-04,0,2024,5,2,Thứ Bảy
2532,98,2024-11-23,160,2024,11,4,Thứ Bảy
2533,370,2024-01-30,0,2024,1,1,Thứ Ba
2534,526,2024-05-27,191,2024,5,2,Thứ Hai
2535,601,2023-12-02,0,2023,12,4,Thứ Bảy
2536,450,2023-08-14,0,2023,8,3,Thứ Hai
2537,773,2024-11-18,0,2024,11,4,Thứ Hai
2538,574,2024-05-25,0,2024,5,2,Thứ Bảy
2539,259,2023-02-08,0,2023,2,1,Thứ Tư
2540,34,2024-07-12,0,2024,7,3,Thứ Sáu
2541,117,2023-05-23,0,2023,5,2,Thứ Ba
2542,106,2024-03-31,0,2024,3,1,Chủ Nhật
2543,148,2024-09-08,0,2024,9,3,Chủ Nhật
2544,542,2023-12-07,540,2023,12,4,Thứ Năm
2545,247,2024-07-09,0,2024,7,3,Thứ Ba
2546,677,2024-06-26,0,2024,6,2,Thứ Tư
2547,446,2024-07-31,314,2024,7,3,Thứ Tư
2548,344,2023-11-22,0,2023,11,4,Thứ Tư
2549,82,2024-01-19,300,2024,1,1,Thứ Sáu
2550,33,2023-12-01,0,2023,12,4,Thứ Sáu
2551,150,2023-10-03,0,2023,10,4,Thứ Ba
2552,536,2024-08-22,0,2024,8,3,Thứ Năm
2553,435,2023-03-20,0,2023,3,1,Thứ Hai
2554,17,2023-07-25,0,2023,7,3,Thứ Ba
2555,358,2023-11-24,0,2023,11,4,Thứ Sáu
2556,215,2024-01-13,0,2024,1,1,Thứ Bảy
2557,263,2023-02-18,0,2023,2,1,Thứ Bảy
2558,460,2023-06-28,0,2023,6,2,Thứ Tư
2559,421,2024-07-18,0,2024,7,3,Thứ Năm
2560,283,2023-07-07,0,2023,7,3,Thứ Sáu
2561,28,2023-11-25,0,2023,11,4,Thứ Bảy
2562,763,2023-04-17,0,2023,4,2,Thứ Hai
2563,518,2023-10-06,0,2023,10,4,Thứ Sáu
2564,149,2023-10-22,0,2023,10,4,Chủ Nhật
2565,480,2023-09-03,0,2023,9,3,Chủ Nhật
2566,388,2024-01-07,0,2024,1,1,Chủ Nhật
2567,379,2024-11-17,0,2024,11,4,Chủ Nhật
2568,388,2024-10-06,0,2024,10,4,Chủ Nhật
2569,118,2024-06-08,0,2024,6,2,Thứ Bảy
2570,4,2024-08-29,570,2024,8,3,Thứ Năm
2571,376,2023-10-25,0,2023,10,4,Thứ Tư
2572,727,2023-10-17,0,2023,10,4,Thứ Ba
2573,781,2023-12-19,0,2023,12,4,Thứ Ba
2574,386,2023-11-28,0,2023,11,4,Thứ Ba
2575,279,2023-08-30,0,2023,8,3,Thứ Tư
2576,5,2023-10-24,0,2023,10,4,Thứ Ba
2577,417,2023-05-26,0,2023,5,2,Thứ Sáu
2578,242,2023-12-03,0,2023,12,4,Chủ Nhật
2579,376,2024-11-28,0,2024,11,4,Thứ Năm
2580,404,2024-01-14,0,2024,1,1,Chủ Nhật
2581,723,2023-04-15,0,2023,4,2,Thứ Bảy
2582,71,2024-10-08,0,2024,10,4,Thứ Ba
2583,635,2024-03-16,0,2024,3,1,Thứ Bảy
2584,190,2023-01-12,306,2023,1,1,Thứ Năm
2585,606,2024-12-30,0,2024,12,4,Thứ Hai
2586,460,2024-12-03,0,2024,12,4,Thứ Ba
2587,338,2023-09-30,0,2023,9,3,Thứ Bảy
2588,49,2023-07-26,0,2023,7,3,Thứ Tư
2589,751,2024-10-27,0,2024,10,4,Chủ Nhật
2590,320,2023-09-28,0,2023,9,3,Thứ Năm
2591,555,2023-08-11,0,2023,8,3,Thứ Sáu
2592,696,2024-05-18,0,2024,5,2,Thứ Bảy
2593,295,2024-05-31,0,2024,5,2,Thứ Sáu
2594,371,2023-02-14,0,2023,2,1,Thứ Ba
2595,312,2024-04-30,0,2024,4,2,Thứ Ba
2596,437,2024-09-25,0,2024,9,3,Thứ Tư
2597,158,2023-12-09,0,2023,12,4,Thứ Bảy
2598,593,2023-05-24,0,2023,5,2,Thứ Tư
2599,85,2023-12-27,0,2023,12,4,Thứ Tư
2600,558,2024-05-11,0,2024,5,2,Thứ Bảy
2601,249,2023-03-28,112,2023,3,1,Thứ Ba
2602,602,2023-10-19,0,2023,10,4,Thứ Năm
2603,733,2023-10-17,0,2023,10,4,Thứ Ba
2604,413,2023-05-22,0,2023,5,2,Thứ Hai
2605,664,2023-01-08,0,2023,1,1,Chủ Nhật
2606,351,2023-11-07,0,2023,11,4,Thứ Ba
2607,464,2023-01-08,0,2023,1,1,Chủ Nhật
2608,435,2023-10-22,0,2023,10,4,Chủ Nhật
2609,338,2023-10-06,0,2023,10,4,Thứ Sáu
2610,724,2024-04-04,0,2024,4,2,Thứ Năm
2611,780,2023-03-08,0,2023,3,1,Thứ Tư
2612,190,2023-11-17,0,2023,11,4,Thứ Sáu
2613,339,2024-09-01,0,2024,9,3,Chủ Nhật
2614,484,2023-07-09,0,2023,7,3,Chủ Nhật
2615,360,2024-07-25,0,2024,7,3,Thứ Năm
2616,89,2023-10-01,0,2023,10,4,Chủ Nhật
2617,128,2023-01-04,0,2023,1,1,Thứ Tư
2618,492,2023-09-29,0,2023,9,3,Thứ Sáu
2619,529,2024-05-28,0,2024,5,2,Thứ Ba
2620,240,2023-07-12,0,2023,7,3,Thứ Tư
2621,166,2024-12-12,0,2024,12,4,Thứ Năm
2622,169,2023-08-31,0,2023,8,3,Thứ Năm
2623,42,2023-10-01,0,2023,10,4,Chủ Nhật
2624,163,2024-10-28,0,2024,10,4,Thứ Hai
2625,151,2024-06-24,0,2024,6,2,Thứ Hai
2626,445,2023-11-09,0,2023,11,4,Thứ Năm
2627,369,2023-06-09,0,2023,6,2,Thứ Sáu
2628,80,2024-07-11,0,2024,7,3,Thứ Năm
2629,768,2024-12-30,0,2024,12,4,Thứ Hai
2630,8,2023-11-18,0,2023,11,4,Thứ Bảy
2631,144,2024-12-20,0,2024,12,4,Thứ Sáu
2632,332,2023-08-29,0,2023,8,3,Thứ Ba
2633,33,2023-12-15,0,2023,12,4,Thứ Sáu
2634,738,2024-09-15,152,2024,9,3,Chủ Nhật
2635,722,2024-10-25,0,2024,10,4,Thứ Sáu
2636,793,2023-09-19,0,2023,9,3,Thứ Ba
2637,117,2023-10-10,0,2023,10,4,Thứ Ba
2638,511,2023-06-20,0,2023,6,2,Thứ Ba
2639,212,2023-03-19,0,2023,3,1,Chủ Nhật
2640,660,2024-09-01,0,2024,9,3,Chủ Nhật
2641,577,2023-04-10,342,2023,4,2,Thứ Hai
2642,502,2024-06-18,0,2024,6,2,Thứ Ba
2643,779,2023-08-22,0,2023,8,3,Thứ Ba
2644,356,2023-03-09,0,2023,3,1,Thứ Năm
2645,287,2024-04-28,0,2024,4,2,Chủ Nhật
2646,724,2024-02-04,0,2024,2,1,Chủ Nhật
2647,96,2023-03-12,0,2023,3,1,Chủ Nhật
2648,162,2024-04-07,0,2024,4,2,Chủ Nhật
2649,147,2023-03-09,636,2023,3,1,Thứ Năm
2650,756,2024-12-05,0,2024,12,4,Thứ Năm
2651,523,2023-04-12,0,2023,4,2,Thứ Tư
2652,515,2024-05-29,0,2024,5,2,Thứ Tư
2653,233,2023-09-11,0,2023,9,3,Thứ Hai
2654,179,2024-10-07,0,2024,10,4,Thứ Hai
2655,544,2024-01-28,0,2024,1,1,Chủ Nhật
2656,760,2023-07-25,0,2023,7,3,Thứ Ba
2657,674,2023-05-27,0,2023,5,2,Thứ Bảy
2658,228,2023-11-26,0,2023,11,4,Chủ Nhật
2659,427,2023-12-16,0,2023,12,4,Thứ Bảy
2660,686,2023-11-25,0,2023,11,4,Thứ Bảy
2661,252,2023-07-07,0,2023,7,3,Thứ Sáu
2662,150,2023-07-28,0,2023,7,3,Thứ Sáu
2663,594,2023-02-07,0,2023,2,1,Thứ Ba
2664,55,2024-09-01,0,2024,9,3,Chủ Nhật
2665,541,2023-05-11,0,2023,5,2,Thứ Năm
2666,752,2023-01-05,0,2023,1,1,Thứ Năm
2667,396,2024-03-12,0,2024,3,1,Thứ Ba
2668,269,2024-12-14,0,2024,12,4,Thứ Bảy
2669,553,2023-03-02,0,2023,3,1,Thứ Năm
2670,263,2024-08-15,0,2024,8,3,Thứ Năm
2671,556,2024-04-20,0,2024,4,2,Thứ Bảy
2672,704,2024-10-13,0,2024,10,4,Chủ Nhật
2673,211,2023-08-20,0,2023,8,3,Chủ Nhật
2674,411,2023-08-09,0,2023,8,3,Thứ Tư
2675,777,2024-05-30,0,2024,5,2,Thứ Năm
2676,89,2023-04-17,0,2023,4,2,Thứ Hai
2677,139,2023-08-29,0,2023,8,3,Thứ Ba
2678,764,2024-06-01,0,2024,6,2,Thứ Bảy
2679,269,2024-04-08,0,2024,4,2,Thứ Hai
2680,607,2024-10-31,0,2024,10,4,Thứ Năm
2681,341,2023-03-25,0,2023,3,1,Thứ Bảy
2682,679,2024-04-26,714,2024,4,2,Thứ Sáu
2683,247,2024-11-04,0,2024,11,4,Thứ Hai
2684,72,2023-11-24,0,2023,11,4,Thứ Sáu
2685,149,2024-03-04,0,2024,3,1,Thứ Hai
2686,792,2024-10-27,0,2024,10,4,Chủ Nhật
2687,132,2024-08-30,0,2024,8,3,Thứ Sáu
2688,470,2023-02-22,0,2023,2,1,Thứ Tư
2689,515,2023-01-25,0,2023,1,1,Thứ Tư
2690,255,2023-05-18,0,2023,5,2,Thứ Năm
2691,599,2024-12-04,0,2024,12,4,Thứ Tư
2692,294,2023-10-29,0,2023,10,4,Chủ Nhật
2693,657,2024-05-02,0,2024,5,2,Thứ Năm
2694,799,2023-02-16,0,2023,2,1,Thứ Năm
2695,186,2023-11-19,0,2023,11,4,Chủ Nhật
2696,549,2024-10-13,0,2024,10,4,Chủ Nhật
2697,269,2023-12-23,0,2023,12,4,Thứ Bảy
2698,308,2024-05-25,0,2024,5,2,Thứ Bảy
2699,64,2024-06-11,0,2024,6,2,Thứ Ba
2700,728,2024-10-28,0,2024,10,4,Thứ Hai
2701,611,2024-06-06,0,2024,6,2,Thứ Năm
2702,312,2023-11-06,0,2023,11,4,Thứ Hai
2703,769,2024-01-24,0,2024,1,1,Thứ Tư
2704,295,2024-10-21,0,2024,10,4,Thứ Hai
2705,534,2023-08-26,936,2023,8,3,Thứ Bảy
2706,221,2024-03-31,0,2024,3,1,Chủ Nhật
2707,42,2024-04-30,0,2024,4,2,Thứ Ba
2708,746,2024-04-04,0,2024,4,2,Thứ Năm
2709,8,2024-03-09,0,2024,3,1,Thứ Bảy
2710,321,2024-12-22,0,2024,12,4,Chủ Nhật
2711,42,2024-09-29,0,2024,9,3,Chủ Nhật
2712,716,2024-07-23,0,2024,7,3,Thứ Ba
2713,616,2023-05-14,0,2023,5,2,Chủ Nhật
2714,57,2024-11-02,649,2024,11,4,Thứ Bảy
2715,1,2024-03-11,0,2024,3,1,Thứ Hai
2716,143,2023-07-01,0,2023,7,3,Thứ Bảy
2717,470,2023-07-21,0,2023,7,3,Thứ Sáu
2718,167,2024-12-12,0,2024,12,4,Thứ Năm
2719,612,2023-10-31,0,2023,10,4,Thứ Ba
2720,562,2024-11-28,0,2024,11,4,Thứ Năm
2721,310,2024-11-11,0,2024,11,4,Thứ Hai
2722,413,2024-12-06,0,2024,12,4,Thứ Sáu
2723,776,2024-09-15,0,2024,9,3,Chủ Nhật
2724,616,2024-08-12,0,2024,8,3,Thứ Hai
2725,85,2023-12-31,0,2023,12,4,Chủ Nhật
2726,421,2024-03-01,0,2024,3,1,Thứ Sáu
2727,161,2024-01-06,0,2024,1,1,Thứ Bảy
2728,97,2023-12-31,0,2023,12,4,Chủ Nhật
2729,620,2024-04-02,0,2024,4,2,Thứ Ba
2730,175,2023-08-15,0,2023,8,3,Thứ Ba
2731,461,2023-11-17,966,2023,11,4,Thứ Sáu
2732,704,2024-01-02,296,2024,1,1,Thứ Ba
2733,797,2024-06-12,0,2024,6,2,Thứ Tư
2734,68,2023-03-23,0,2023,3,1,Thứ Năm
2735,280,2023-03-20,0,2023,3,1,Thứ Hai
2736,509,2023-02-07,0,2023,2,1,Thứ Ba
2737,323,2024-02-29,0,2024,2,1,Thứ Năm
2738,149,2023-08-24,600,2023,8,3,Thứ Năm
2739,38,2023-09-27,0,2023,9,3,Thứ Tư
2740,498,2024-09-02,0,2024,9,3,Thứ Hai
2741,421,2023-02-19,0,2023,2,1,Chủ Nhật
2742,752,2024-10-20,0,2024,10,4,Chủ Nhật
2743,322,2023-05-25,0,2023,5,2,Thứ Năm
2744,735,2024-03-14,0,2024,3,1,Thứ Năm
2745,590,2023-12-01,495,2023,12,4,Thứ Sáu
2746,322,2024-02-12,0,2024,2,1,Thứ Hai
2747,597,2023-12-12,0,2023,12,4,Thứ Ba
2748,271,2024-02-28,0,2024,2,1,Thứ Tư
2749,207,2023-01-29,0,2023,1,1,Chủ Nhật
2750,68,2024-11-10,0,2024,11,4,Chủ Nhật
2751,177,2023-09-06,0,2023,9,3,Thứ Tư
2752,173,2024-07-22,0,2024,7,3,Thứ Hai
2753,16,2023-08-21,0,2023,8,3,Thứ Hai
2754,246,2023-12-07,0,2023,12,4,Thứ Năm
2755,107,2024-01-09,0,2024,1,1,Thứ Ba
2756,709,2023-10-20,0,2023,10,4,Thứ Sáu
2757,4,2024-12-21,0,2024,12,4,Thứ Bảy
2758,268,2024-05-13,0,2024,5,2,Thứ Hai
2759,124,2024-01-23,0,2024,1,1,Thứ Ba
2760,223,2024-08-04,0,2024,8,3,Chủ Nhật
2761,194,2024-09-08,0,2024,9,3,Chủ Nhật
2762,178,2023-03-26,0,2023,3,1,Chủ Nhật
2763,425,2023-03-06,0,2023,3,1,Thứ Hai
2764,178,2024-01-27,0,2024,1,1,Thứ Bảy
2765,325,2024-10-28,0,2024,10,4,Thứ Hai
2766,501,2023-08-19,0,2023,8,3,Thứ Bảy
2767,143,2024-11-22,0,2024,11,4,Thứ Sáu
2768,364,2023-08-05,0,2023,8,3,Thứ Bảy
2769,72,2024-09-28,0,2024,9,3,Thứ Bảy
2770,84,2024-10-22,0,2024,10,4,Thứ Ba
2771,407,2024-08-06,0,2024,8,3,Thứ Ba
2772,391,2024-11-15,0,2024,11,4,Thứ Sáu
2773,268,2023-11-06,476,2023,11,4,Thứ Hai
2774,60,2024-09-05,0,2024,9,3,Thứ Năm
2775,473,2024-11-28,0,2024,11,4,Thứ Năm
2776,161,2023-06-06,502,2023,6,2,Thứ Ba
2777,612,2024-04-26,0,2024,4,2,Thứ Sáu
2778,775,2024-06-24,0,2024,6,2,Thứ Hai
2779,473,2024-01-09,0,2024,1,1,Thứ Ba
2780,713,2024-01-23,0,2024,1,1,Thứ Ba
2781,134,2024-12-04,0,2024,12,4,Thứ Tư
2782,773,2024-04-03,0,2024,4,2,Thứ Tư
2783,549,2023-10-26,0,2023,10,4,Thứ Năm
2784,32,2023-07-06,0,2023,7,3,Thứ Năm
2785,729,2023-04-18,0,2023,4,2,Thứ Ba
2786,795,2023-08-29,0,2023,8,3,Thứ Ba
2787,87,2023-12-03,0,2023,12,4,Chủ Nhật
2788,607,2023-07-26,0,2023,7,3,Thứ Tư
2789,471,2023-09-27,0,2023,9,3,Thứ Tư
2790,453,2023-12-22,542,2023,12,4,Thứ Sáu
2791,437,2024-12-03,0,2024,12,4,Thứ Ba
2792,777,2023-10-27,74,2023,10,4,Thứ Sáu
2793,584,2023-06-01,0,2023,6,2,Thứ Năm
2794,135,2024-07-01,0,2024,7,3,Thứ Hai
2795,667,2024-09-10,0,2024,9,3,Thứ Ba
2796,192,2023-11-01,0,2023,11,4,Thứ Tư
2797,588,2023-06-14,0,2023,6,2,Thứ Tư
2798,749,2023-02-19,0,2023,2,1,Chủ Nhật
2799,779,2023-04-17,0,2023,4,2,Thứ Hai
2800,153,2023-10-27,0,2023,10,4,Thứ Sáu
2801,795,2023-11-22,0,2023,11,4,Thứ Tư
2802,768,2023-08-21,0,2023,8,3,Thứ Hai
2803,139,2023-07-03,0,2023,7,3,Thứ Hai
2804,25,2024-02-18,0,2024,2,1,Chủ Nhật
2805,755,2024-07-31,0,2024,7,3,Thứ Tư
2806,296,2024-06-22,0,2024,6,2,Thứ Bảy
2807,669,2023-12-17,0,2023,12,4,Chủ Nhật
2808,175,2024-05-08,0,2024,5,2,Thứ Tư
2809,205,2024-04-29,0,2024,4,2,Thứ Hai
2810,164,2024-07-21,0,2024,7,3,Chủ Nhật
2811,165,2024-10-21,0,2024,10,4,Thứ Hai
2812,764,2023-05-03,0,2023,5,2,Thứ Tư
2813,323,2024-02-27,0,2024,2,1,Thứ Ba
2814,230,2023-04-01,0,2023,4,2,Thứ Bảy
2815,268,2024-05-05,0,2024,5,2,Chủ Nhật
2816,391,2024-09-11,0,2024,9,3,Thứ Tư
2817,80,2023-02-04,0,2023,2,1,Thứ Bảy
2818,794,2024-08-31,0,2024,8,3,Thứ Bảy
2819,43,2023-12-23,950,2023,12,4,Thứ Bảy
2820,628,2023-02-12,0,2023,2,1,Chủ Nhật
2821,741,2024-05-17,0,2024,5,2,Thứ Sáu
2822,568,2024-05-05,0,2024,5,2,Chủ Nhật
2823,471,2023-04-04,0,2023,4,2,Thứ Ba
2824,322,2024-12-08,0,2024,12,4,Chủ Nhật
2825,103,2023-08-18,0,2023,8,3,Thứ Sáu
2826,685,2023-03-22,0,2023,3,1,Thứ Tư
2827,12,2024-10-26,0,2024,10,4,Thứ Bảy
2828,464,2023-03-18,0,2023,3,1,Thứ Bảy
2829,445,2024-04-13,0,2024,4,2,Thứ Bảy
2830,638,2024-10-27,0,2024,10,4,Chủ Nhật
2831,16,2023-04-28,0,2023,4,2,Thứ Sáu
2832,221,2023-02-07,0,2023,2,1,Thứ Ba
2833,467,2024-11-09,0,2024,11,4,Thứ Bảy
2834,331,2024-10-28,0,2024,10,4,Thứ Hai
2835,19,2023-01-27,0,2023,1,1,Thứ Sáu
2836,536,2023-09-14,0,2023,9,3,Thứ Năm
2837,296,2023-08-09,0,2023,8,3,Thứ Tư
2838,189,2023-06-07,0,2023,6,2,Thứ Tư
2839,390,2024-04-22,450,2024,4,2,Thứ Hai
2840,132,2023-05-23,0,2023,5,2,Thứ Ba
2841,194,2023-08-21,0,2023,8,3,Thứ Hai
2842,380,2023-01-05,0,2023,1,1,Thứ Năm
2843,743,2023-06-25,0,2023,6,2,Chủ Nhật
2844,194,2023-02-17,0,2023,2,1,Thứ Sáu
2845,596,2024-03-03,0,2024,3,1,Chủ Nhật
2846,233,2024-02-27,788,2024,2,1,Thứ Ba
2847,671,2024-12-02,0,2024,12,4,Thứ Hai
2848,193,2024-06-25,954,2024,6,2,Thứ Ba
2849,738,2024-06-28,0,2024,6,2,Thứ Sáu
2850,301,2024-04-09,0,2024,4,2,Thứ Ba
2851,675,2023-02-07,0,2023,2,1,Thứ Ba
2852,264,2024-02-02,0,2024,2,1,Thứ Sáu
2853,464,2023-11-07,0,2023,11,4,Thứ Ba
2854,270,2023-01-17,0,2023,1,1,Thứ Ba
2855,542,2024-02-26,0,2024,2,1,Thứ Hai
2856,439,2024-03-06,0,2024,3,1,Thứ Tư
2857,491,2024-01-01,0,2024,1,1,Thứ Hai
2858,284,2024-05-31,0,2024,5,2,Thứ Sáu
2859,591,2024-01-21,0,2024,1,1,Chủ Nhật
2860,640,2024-12-24,0,2024,12,4,Thứ Ba
2861,507,2023-04-20,0,2023,4,2,Thứ Năm
2862,48,2023-01-26,0,2023,1,1,Thứ Năm
2863,219,2024-09-06,0,2024,9,3,Thứ Sáu
2864,469,2024-04-03,0,2024,4,2,Thứ Tư
2865,1,2023-01-22,0,2023,1,1,Chủ Nhật
2866,97,2023-04-29,0,2023,4,2,Thứ Bảy
2867,739,2023-10-06,0,2023,10,4,Thứ Sáu
2868,338,2024-06-02,0,2024,6,2,Chủ Nhật
2869,570,2023-09-24,0,2023,9,3,Chủ Nhật
2870,574,2024-01-09,0,2024,1,1,Thứ Ba
2871,345,2024-05-02,0,2024,5,2,Thứ Năm
2872,76,2023-08-06,0,2023,8,3,Chủ Nhật
2873,253,2023-03-25,495,2023,3,1,Thứ Bảy
2874,333,2023-10-03,0,2023,10,4,Thứ Ba
2875,385,2024-05-04,0,2024,5,2,Thứ Bảy
2876,521,2023-11-01,0,2023,11,4,Thứ Tư
2877,2,2023-03-12,0,2023,3,1,Chủ Nhật
2878,677,2023-10-06,560,2023,10,4,Thứ Sáu
2879,495,2023-12-23,0,2023,12,4,Thứ Bảy
2880,747,2023-01-06,0,2023,1,1,Thứ Sáu
2881,750,2024-04-04,0,2024,4,2,Thứ Năm
2882,76,2024-11-04,447,2024,11,4,Thứ Hai
2883,118,2023-06-23,0,2023,6,2,Thứ Sáu
2884,349,2024-10-30,0,2024,10,4,Thứ Tư
2885,606,2023-03-04,0,2023,3,1,Thứ Bảy
2886,304,2023-08-22,0,2023,8,3,Thứ Ba
2887,466,2024-09-27,0,2024,9,3,Thứ Sáu
2888,101,2024-07-20,0,2024,7,3,Thứ Bảy
2889,231,2024-03-29,0,2024,3,1,Thứ Sáu
2890,73,2024-04-17,0,2024,4,2,Thứ Tư
2891,276,2024-11-15,0,2024,11,4,Thứ Sáu
2892,71,2023-02-07,0,2023,2,1,Thứ Ba
2893,595,2023-01-01,0,2023,1,1,Chủ Nhật
2894,182,2024-12-20,0,2024,12,4,Thứ Sáu
2895,615,2024-09-09,0,2024,9,3,Thứ Hai
2896,113,2024-10-20,0,2024,10,4,Chủ Nhật
2897,133,2024-06-11,0,2024,6,2,Thứ Ba
2898,660,2023-02-14,726,2023,2,1,Thứ Ba
2899,218,2024-11-10,0,2024,11,4,Chủ Nhật
2900,419,2024-12-04,0,2024,12,4,Thứ Tư
2901,742,2024-07-29,0,2024,7,3,Thứ Hai
2902,179,2024-04-10,0,2024,4,2,Thứ Tư
2903,175,2023-08-08,0,2023,8,3,Thứ Ba
2904,694,2023-05-06,895,2023,5,2,Thứ Bảy
2905,82,2024-04-18,0,2024,4,2,Thứ Năm
2906,491,2023-07-22,0,2023,7,3,Thứ Bảy
2907,624,2023-06-08,0,2023,6,2,Thứ Năm
2908,50,2024-06-26,0,2024,6,2,Thứ Tư
2909,546,2023-04-10,0,2023,4,2,Thứ Hai
2910,341,2024-08-29,0,2024,8,3,Thứ Năm
2911,583,2023-04-04,0,2023,4,2,Thứ Ba
2912,468,2023-05-30,0,2023,5,2,Thứ Ba
2913,327,2023-09-29,0,2023,9,3,Thứ Sáu
2914,663,2024-09-09,0,2024,9,3,Thứ Hai
2915,43,2024-09-27,0,2024,9,3,Thứ Sáu
2916,59,2024-03-03,0,2024,3,1,Chủ Nhật
2917,594,2023-10-11,0,2023,10,4,Thứ Tư
2918,477,2023-09-09,0,2023,9,3,Thứ Bảy
2919,438,2023-06-07,0,2023,6,2,Thứ Tư
2920,738,2024-04-14,0,2024,4,2,Chủ Nhật
2921,112,2023-04-25,0,2023,4,2,Thứ Ba
2922,21,2024-02-14,0,2024,2,1,Thứ Tư
2923,8,2024-08-20,0,2024,8,3,Thứ Ba
2924,773,2023-02-08,0,2023,2,1,Thứ Tư
2925,750,2023-07-07,0,2023,7,3,Thứ Sáu
2926,655,2024-12-24,0,2024,12,4,Thứ Ba
2927,303,2024-11-28,0,2024,11,4,Thứ Năm
2928,143,2023-06-15,0,2023,6,2,Thứ Năm
2929,798,2024-09-06,0,2024,9,3,Thứ Sáu
2930,35,2023-01-17,0,2023,1,1,Thứ Ba
2931,227,2023-09-27,0,2023,9,3,Thứ Tư
2932,384,2024-02-24,0,2024,2,1,Thứ Bảy
2933,175,2024-03-20,0,2024,3,1,Thứ Tư
2934,742,2023-01-03,0,2023,1,1,Thứ Ba
2935,48,2023-04-07,0,2023,4,2,Thứ Sáu
2936,72,2024-02-22,0,2024,2,1,Thứ Năm
2937,122,2023-01-08,0,2023,1,1,Chủ Nhật
2938,595,2024-11-05,0,2024,11,4,Thứ Ba
2939,343,2024-03-19,0,2024,3,1,Thứ Ba
2940,588,2024-07-14,0,2024,7,3,Chủ Nhật
2941,250,2024-12-12,0,2024,12,4,Thứ Năm
2942,314,2023-11-22,0,2023,11,4,Thứ Tư
2943,42,2023-11-27,0,2023,11,4,Thứ Hai
2944,222,2023-06-15,0,2023,6,2,Thứ Năm
2945,129,2023-05-03,0,2023,5,2,Thứ Tư
2946,393,2023-03-27,0,2023,3,1,Thứ Hai
2947,794,2023-07-13,0,2023,7,3,Thứ Năm
2948,332,2024-04-13,0,2024,4,2,Thứ Bảy
2949,175,2023-11-08,0,2023,11,4,Thứ Tư
2950,149,2024-12-02,0,2024,12,4,Thứ Hai
2951,386,2024-09-22,0,2024,9,3,Chủ Nhật
2952,63,2024-02-01,0,2024,2,1,Thứ Năm
2953,492,2023-10-17,0,2023,10,4,Thứ Ba
2954,392,2023-04-06,0,2023,4,2,Thứ Năm
2955,103,2023-12-20,0,2023,12,4,Thứ Tư
2956,273,2023-08-29,0,2023,8,3,Thứ Ba
2957,377,2023-11-21,0,2023,11,4,Thứ Ba
2958,542,2024-06-09,0,2024,6,2,Chủ Nhật
2959,434,2024-10-07,0,2024,10,4,Thứ Hai
2960,40,2023-06-22,0,2023,6,2,Thứ Năm
2961,352,2023-10-16,0,2023,10,4,Thứ Hai
2962,612,2023-06-27,0,2023,6,2,Thứ Ba
2963,378,2023-12-04,0,2023,12,4,Thứ Hai
2964,208,2023-01-04,0,2023,1,1,Thứ Tư
2965,799,2024-12-02,0,2024,12,4,Thứ Hai
2966,256,2024-09-27,0,2024,9,3,Thứ Sáu
2967,644,2023-01-29,0,2023,1,1,Chủ Nhật
2968,328,2023-11-09,0,2023,11,4,Thứ Năm
2969,9,2023-01-24,0,2023,1,1,Thứ Ba
2970,60,2024-04-17,0,2024,4,2,Thứ Tư
2971,783,2024-11-18,0,2024,11,4,Thứ Hai
2972,615,2023-11-03,0,2023,11,4,Thứ Sáu
2973,766,2023-01-03,0,2023,1,1,Thứ Ba
2974,147,2024-10-18,0,2024,10,4,Thứ Sáu
2975,724,2023-11-30,0,2023,11,4,Thứ Năm
2976,269,2024-10-01,0,2024,10,4,Thứ Ba
2977,761,2024-09-16,0,2024,9,3,Thứ Hai
2978,471,2023-06-15,0,2023,6,2,Thứ Năm
2979,458,2023-10-22,0,2023,10,4,Chủ Nhật
2980,504,2023-07-28,0,2023,7,3,Thứ Sáu
2981,543,2023-04-30,0,2023,4,2,Chủ Nhật
2982,182,2023-05-11,0,2023,5,2,Thứ Năm
2983,567,2023-12-18,0,2023,12,4,Thứ Hai
2984,124,2023-09-01,519,2023,9,3,Thứ Sáu
2985,289,2024-02-19,0,2024,2,1,Thứ Hai
2986,190,2024-07-06,0,2024,7,3,Thứ Bảy
2987,45,2024-11-05,0,2024,11,4,Thứ Ba
2988,119,2023-11-02,0,2023,11,4,Thứ Năm
2989,14,2024-03-21,0,2024,3,1,Thứ Năm
2990,645,2024-04-17,0,2024,4,2,Thứ Tư
2991,165,2023-04-20,0,2023,4,2,Thứ Năm
2992,520,2023-09-19,0,2023,9,3,Thứ Ba
2993,197,2024-08-14,0,2024,8,3,Thứ Tư
2994,491,2023-12-22,0,2023,12,4,Thứ Sáu
2995,490,2024-06-02,0,2024,6,2,Chủ Nhật
2996,183,2023-08-25,0,2023,8,3,Thứ Sáu
2997,293,2023-07-16,0,2023,7,3,Chủ Nhật
2998,119,2023-09-26,0,2023,9,3,Thứ Ba
2999,480,2023-04-06,0,2023,4,2,Thứ Năm
3000,393,2024-04-24,0,2024,4,2,Thứ Tư
